Pcon,Constituency name,MP name,Party name,Emissions from homes (%),EPC band DEFG (%),Fuel poor hhlds (UK Gov data) (%),Air pollution: LSOAs above WHO (%),Air pollution: LSOAs twice WHO (%),Air pollution: LSOAs above WHO (number),Air pollution: LSOAs twice WHO (number),Respiratory disease (%),Bustrips: 2010 to 2023 change (%),Car ownership: households without cars/vans (%),EV chargers: current number,EV chargers: target,Commuters: bicycle (%),Commuters: potential bikes/ebikes (%),Greenspace: m2 per person,Flooding: Properties at risk from rivers or seas,Flooding: Properties at risk from surface water,High heat and enhanced risk: MSOAs (number),High heat and enhanced risk: MSOA (%),High heat and enhanced risk: population,High heat 2022 max temp (°C),Tree canopy (%),Sewage overflows: number of outflows,Sewage overflows: total spills,Sewage overflows: total spill duration hours,Opinion poll: Climate change should a high priority,Opinion poll: Government should go faster on climate change,Opinion poll: Support onshore wind in local area,Opinion poll: Nature is most important issue,Green economy: jobs FTE
E14001063,Aldershot,Alex Baker,Lab,30.2,47.3,7.8,100.0,0.0,71,0,7.6,-72.9,15.3,133,524,2.0,25.8,44,1912,6396,4,28.6,28679,37,31.2,3,63,419,53.0,53.2,67.3,74.2,1675
E14001064,Aldridge-Brownhills,Wendy Morton,Con,31.0,60.6,13.1,100.0,0.0,60,0,9.1,-35.5,16.5,30,412,0.7,28.4,43,259,4894,3,21.4,19734,38,13.4,12,81,153,50.0,49.3,66.5,71.3,790
E14001065,Altrincham and Sale West,Connor Rand,Lab,20.9,60.8,8.6,100.0,0.0,59,0,8.3,-39.0,14.7,64,444,1.7,32.3,15,2512,7300,0,0.0,0,38,13.6,17,797,3518,58.0,59.2,70.4,76.0,1871
E14001066,Amber Valley,Linsey Farnsworth,Lab,24.1,58.8,12.6,100.0,0.0,57,0,10.1,-60.9,18.3,42,399,0.9,19.8,64,1008,5660,2,18.2,15478,39,14.1,82,1844,9927,49.0,47.1,65.8,72.0,772
E14001067,Arundel and South Downs,Andrew Griffith,Con,31.7,61.2,11.9,100.0,0.0,59,0,8.8,-46.4,9.3,106,431,0.8,22.9,482,2665,3947,0,0.0,0,36,28.5,34,2074,29212,55.0,52.3,68.2,76.7,825
E14001068,Ashfield,Lee Anderson,RUK,27.6,53.9,12.9,100.0,0.0,56,0,9.6,-49.8,20.2,67,418,1.2,25.5,51,136,5396,3,25.0,24177,39,18.8,34,711,4214,46.0,45.1,67.6,70.0,1297
E14001069,Ashford,Sojan Joseph,Lab,25.6,40.7,8.8,100.0,0.0,62,0,8.1,6.5,16.0,114,471,2.0,23.5,70,2484,5127,2,18.2,22146,39,17.3,23,374,3638,52.0,52.0,67.2,72.8,1144
E14001070,Ashton-under-Lyne,Angela Rayner,Lab,35.0,53.3,12.8,100.0,0.0,62,0,9.4,-40.1,29.4,36,443,1.0,27.2,23,373,9306,7,58.3,60831,38,11.7,26,864,3707,50.0,53.0,67.9,70.5,769
E14001071,Aylesbury,Laura Kyrke-Smith,Lab,25.7,42.0,8.0,100.0,0.0,69,0,8.2,-25.2,14.3,53,489,1.5,19.7,42,2419,6941,2,15.4,15013,39,9.9,10,597,7090,55.0,54.9,67.0,74.4,1189
E14001072,Banbury,Sean Woodcock,Lab,19.0,48.5,10.6,100.0,0.0,64,0,8.1,-28.9,15.6,156,455,1.7,24.0,29,1479,5378,2,15.4,21480,38,11.7,19,1391,18568,55.0,55.5,67.6,75.4,1304
E14001073,Barking,Nesil Caliskan,Lab,25.8,47.6,12.8,100.0,24.3,70,17,5.9,62.0,36.5,98,591,0.8,26.6,15,14898,28858,13,100.0,135100,40,7.5,2,49,149,53.0,61.3,68.3,68.0,763
E14001074,Barnsley North,Dan Jarvis,Lab,24.3,55.2,15.2,100.0,0.0,63,0,9.8,-42.4,22.9,68,467,0.5,20.2,43,1257,6610,6,42.9,50564,39,10.6,33,876,4000,47.0,49.2,67.9,68.0,743
E14001075,Barnsley South,Stephanie Peacock,Lab,24.1,56.8,17.5,100.0,0.0,63,0,10.6,-24.0,25.8,45,461,0.4,20.2,54,1469,5734,5,41.7,40086,39,13.2,43,1127,4588,47.0,48.0,66.0,68.2,743
E14001076,Barrow and Furness,Michelle Scrogham,Lab,12.7,68.7,13.8,50.7,0.0,34,0,10.9,-22.4,23.4,102,428,2.7,24.5,1767,4871,8524,0,0.0,0,36,7.2,46,1662,18381,51.0,52.8,68.7,71.1,1174
E14001077,Basildon and Billericay,Richard Holden,Con,20.3,49.4,7.7,100.0,0.0,63,0,8.4,-14.9,19.6,41,477,1.1,22.2,38,358,19987,3,25.0,28103,39,15.5,7,126,901,49.0,47.3,67.6,69.9,1134
E14001078,Basingstoke,Luke Murphy,Lab,23.8,38.3,7.0,100.0,0.0,68,0,8.2,-35.2,17.7,98,483,1.6,23.1,23,1170,5031,0,0.0,0,37,16.4,0,0,0,54.0,55.4,68.7,73.1,1271
E14001079,Bassetlaw,Jo White,Lab,14.5,53.5,12.8,100.0,0.0,61,0,10.0,-68.7,18.3,108,466,1.7,24.0,194,4632,7259,1,7.7,6753,40,14.8,29,714,6397,48.0,48.1,65.5,72.0,1132
E14001080,Bath,Wera Hobhouse,LD,32.0,57.5,11.7,100.0,0.0,63,0,7.5,-58.2,27.1,72,456,2.5,20.6,37,7259,7859,1,6.7,10997,35,22.4,99,2930,12612,62.0,61.0,70.9,76.0,1080
E14001081,Battersea,Marsha De Cordova,Lab,42.1,38.9,6.0,100.0,78.7,61,48,5.1,5.6,54.0,644,485,6.4,30.5,15,23810,21943,9,69.2,78876,40,13.7,0,0,0,64.0,67.9,69.0,75.0,675
E14001082,Beaconsfield,Joy Morrissey,Con,25.7,55.5,8.0,100.0,0.0,58,0,7.4,-51.7,10.5,123,429,1.0,19.7,104,4226,5935,0,0.0,0,39,30.3,5,184,3053,53.0,51.7,67.4,76.0,982
E14001083,Beckenham and Penge,Liam Conlon,Lab,45.7,55.2,7.9,100.0,0.0,65,0,6.4,57.9,29.5,89,470,1.4,20.3,29,2805,10662,5,41.7,45851,39,20.6,1,12,25,58.0,62.5,71.1,73.5,733
E14001084,Bedford,Mohammad Yasin,Lab,25.9,50.4,10.5,100.0,0.0,71,0,8.8,-46.6,24.8,151,486,3.3,29.3,32,2447,11348,6,46.2,57286,40,10.6,1,92,1292,55.0,57.1,67.6,71.0,1212
E14001085,Bermondsey and Old Southwark,Neil Coyle,Lab,28.1,27.3,6.0,100.0,100.0,63,63,5.2,3.4,67.0,404,479,4.4,37.2,7,49040,16331,12,92.3,107241,40,11.7,1,12,30,60.0,69.0,66.5,75.0,2204
E14001086,Bethnal Green and Stepney,Rushanara Ali,Lab,18.7,31.5,8.2,100.0,100.0,68,68,5.3,-13.9,68.2,130,579,5.0,37.5,4,0,19296,15,100.0,125452,40,12.4,0,0,0,62.0,72.7,66.9,72.9,2823
E14001087,Beverley and Holderness,Graham Stuart,Con,15.1,59.2,12.9,100.0,0.0,57,0,9.5,-45.9,14.4,110,397,2.3,25.3,85,12551,8436,0,0.0,0,38,4.1,52,1568,17265,51.0,51.8,69.2,73.0,825
E14001088,Bexhill and Battle,Kieran Mullan,Con,33.5,63.0,12.3,100.0,0.0,55,0,9.7,3.4,15.5,39,395,0.8,18.2,122,3569,4106,1,8.3,9321,38,28.8,43,1635,15827,53.0,49.8,70.2,74.8,544
E14001089,Bexleyheath and Crayford,Daniel Francis,Lab,35.6,62.5,8.5,100.0,0.0,61,0,7.2,29.4,21.1,90,440,0.7,21.6,22,2324,5677,2,18.2,21784,39,11.3,0,0,0,51.0,53.6,64.1,70.7,729
E14001090,Bicester and Woodstock,Calum Miller,LD,19.1,44.4,8.4,100.0,0.0,64,0,7.7,-34.8,12.3,146,453,3.0,24.0,31,1534,5915,0,0.0,0,39,11.7,18,1236,18098,56.0,55.4,68.7,76.1,1293
E14001091,Birkenhead,Alison McGovern,Lab,35.1,58.8,14.9,100.0,0.0,67,0,10.7,-36.4,32.4,31,467,0.9,27.1,24,269,7251,8,61.5,65286,36,14.4,5,127,219,54.0,58.9,69.7,71.6,606
E14001092,Birmingham Edgbaston,Preet Gill,Lab,28.6,60.5,19.0,100.0,0.0,63,0,7.2,-20.9,32.3,114,476,1.2,27.6,33,330,5000,7,53.9,60218,37,22.4,14,207,459,57.0,60.0,68.3,70.6,1036
E14001093,Birmingham Erdington,Paulette Hamilton,Lab,28.5,66.9,18.8,100.0,9.7,72,7,8.6,-24.0,32.6,134,537,0.9,27.6,17,2411,6868,12,85.7,114199,38,11.3,9,132,622,51.0,56.0,65.1,68.0,1183
E14001094,Birmingham Hall Green and Moseley,Tahir Ali,Lab,28.4,73.0,21.7,100.0,0.0,65,0,7.7,-27.3,28.4,169,507,1.3,27.6,16,733,6519,9,69.2,74988,38,18.4,7,117,322,58.0,63.7,69.8,70.0,1068
E14001095,Birmingham Hodge Hill and Solihull North,Liam Byrne,Lab,27.3,62.2,19.2,100.0,1.4,69,1,8.6,-31.3,29.0,34,541,0.7,27.1,24,1120,7071,12,85.7,106293,38,11.8,14,279,550,53.0,57.0,64.6,68.3,1288
E14001096,Birmingham Ladywood,Shabana Mahmood,Lab,28.5,35.2,20.2,100.0,36.9,84,31,6.2,-33.3,49.1,376,699,0.7,27.6,8,3981,12942,15,100.0,145105,38,8.4,79,645,760,57.0,68.8,66.7,67.2,1381
E14001097,Birmingham Northfield,Laurence Turner,Lab,28.4,56.0,16.4,100.0,0.0,68,0,9.7,-39.5,29.6,32,474,0.8,27.6,23,518,5077,7,50.0,54271,37,18.0,14,230,461,51.0,55.0,67.7,70.0,1118
E14001098,Birmingham Perry Barr,Ayoub Khan,Ind,28.5,69.8,23.7,100.0,1.4,69,1,6.8,-23.6,33.5,191,536,0.4,27.6,17,2000,6696,12,92.3,109804,38,13.5,17,293,318,55.0,62.1,67.7,67.8,1151
E14001099,Birmingham Selly Oak,Al Carns,Lab,28.7,67.0,21.4,100.0,0.0,62,0,8.2,-28.0,30.1,96,478,1.4,27.6,22,2029,4649,6,42.9,41976,37,17.7,17,396,587,58.0,59.6,68.1,72.0,1019
E14001100,Birmingham Yardley,Jess Phillips,Lab,28.6,76.9,21.0,100.0,0.0,63,0,8.6,-29.4,29.1,64,505,0.8,27.6,21,852,6319,11,84.6,101953,38,12.8,13,121,183,52.0,57.0,66.8,68.7,1052
E14001101,Bishop Auckland,Sam Rushworth,Lab,26.9,57.9,12.4,69.0,0.0,40,0,11.7,-40.1,22.5,101,408,0.4,19.5,6328,2862,6395,0,0.0,0,37,6.3,145,4500,36920,50.0,48.0,68.1,70.3,716
E14001102,Blackburn,Adnan Hussain,Ind,32.9,56.4,14.9,100.0,0.0,63,0,9.5,-63.6,29.3,44,499,0.6,23.8,36,2488,6619,9,75.0,87176,37,14.7,44,1136,3122,53.0,55.7,67.7,68.0,905
E14001103,Blackley and Middleton South,Graham Stringer,Lab,24.4,49.8,14.1,100.0,0.0,64,0,8.8,-28.8,34.3,98,495,1.0,32.8,54,860,6198,5,41.7,55094,38,19.2,45,895,2096,52.0,55.9,68.5,67.7,1488
E14001104,Blackpool North and Fleetwood,Lorraine Beavers,Lab,22.4,65.8,12.0,100.0,0.0,62,0,11.4,-71.8,24.1,31,422,2.0,32.8,23,28725,6793,2,16.7,15796,36,6.0,7,119,764,51.0,51.1,65.5,70.9,795
E14001105,Blackpool South,Chris Webb,Lab,38.3,68.6,18.6,100.0,0.0,74,0,11.8,-66.7,36.6,86,484,1.9,38.2,16,1315,10711,12,80.0,87200,37,7.6,6,143,398,49.0,49.4,64.2,69.3,688
E14001106,Blaydon and Consett,Liz Twist,Lab,26.9,56.2,10.0,98.2,0.0,56,0,10.6,-32.7,23.3,39,405,0.6,21.4,94,1597,4964,0,0.0,0,37,22.2,85,1684,7739,51.0,53.3,70.9,71.0,819
E14001107,Blyth and Ashington,Ian Lavery,Lab,23.0,48.3,10.9,98.5,0.0,64,0,11.5,-59.9,26.6,112,450,1.1,20.2,86,1229,9609,0,0.0,0,35,11.0,27,750,3258,51.0,52.4,69.9,70.0,852
E14001108,Bognor Regis and Littlehampton,Alison Griffiths,Con,38.4,54.9,9.6,100.0,0.0,63,0,10.2,-63.3,19.4,144,474,2.6,28.2,11,6195,5280,4,33.3,33575,32,7.1,12,117,415,51.0,50.0,69.2,72.4,642
E14001109,Bolsover,Natalie Fleet,Lab,11.9,51.4,13.7,100.0,0.0,62,0,10.1,-60.6,18.1,89,449,0.5,18.3,93,543,4612,1,8.3,6167,39,13.1,49,1414,10529,48.0,51.9,69.0,72.0,1030
E14001110,Bolton North East,Kirith Entwistle,Lab,30.4,54.2,12.8,100.0,0.0,69,0,9.5,-32.0,26.7,42,504,0.6,25.0,49,1318,6880,2,15.4,18969,37,15.3,43,1386,5455,51.0,49.9,66.1,70.7,1182
E14001111,Bolton South and Walkden,Yasmin Qureshi,Lab,27.4,47.1,13.7,100.0,0.0,70,0,8.9,-14.8,30.0,40,553,0.8,26.8,16,717,7440,4,28.6,33534,37,13.3,44,1641,6246,50.0,55.4,62.3,69.0,1321
E14001112,Bolton West,Phil Brickell,Lab,30.2,54.5,10.1,100.0,0.0,61,0,9.1,-27.5,17.8,23,436,0.7,25.0,110,1313,5688,0,0.0,0,37,11.8,28,916,3723,52.0,53.1,65.7,72.3,1045
E14001113,Bootle,Peter Dowd,Lab,27.8,54.2,13.5,100.0,0.0,70,0,10.6,-41.1,37.3,17,447,1.5,30.5,24,33,25000,9,60.0,65938,37,6.6,2,4,4,55.0,62.9,70.7,72.0,612
E14001114,Boston and Skegness,Richard Tice,RUK,19.3,60.2,13.2,100.0,0.0,67,0,9.5,-26.9,20.5,126,514,3.3,31.1,31,85314,12680,4,26.7,39053,40,2.7,20,380,3604,45.0,40.8,64.9,68.3,1016
E14001115,Bournemouth East,Tom Hayes,Lab,35.8,54.4,10.3,100.0,0.0,62,0,8.6,-53.7,22.0,46,470,3.4,32.3,29,631,2427,7,53.9,65558,32,15.4,3,31,58,56.0,56.6,66.4,73.0,1111
E14001116,Bournemouth West,Jessica Toale,Lab,35.8,54.4,10.9,100.0,0.0,63,0,8.7,-58.1,23.1,84,481,2.7,32.3,29,537,2864,2,16.7,17615,32,20.6,1,37,407,54.0,53.9,68.8,72.0,1129
E14001117,Bracknell,Peter Swallow,Lab,35.7,43.0,6.6,100.0,0.0,67,0,7.5,-43.2,12.7,110,453,1.8,23.1,55,1512,6015,0,0.0,0,38,38.2,0,0,0,54.0,54.3,67.4,75.1,1076
E14001118,Bradford East,Imran Hussain,Lab,32.9,64.0,18.7,100.0,0.0,68,0,9.3,-38.8,32.0,64,540,0.4,21.8,13,480,5069,11,78.6,95278,38,7.3,37,1043,3387,53.0,58.3,69.4,68.0,920
E14001119,Bradford South,Judith Cummins,Lab,33.1,63.0,15.9,100.0,0.0,63,0,9.8,-34.8,28.6,56,485,0.5,21.8,19,119,4498,10,83.3,90471,38,6.9,19,368,986,50.0,52.8,67.7,68.0,864
E14001120,Bradford West,Naz Shah,Lab,33.1,65.1,19.1,100.0,0.0,62,0,8.8,-34.0,34.4,51,531,0.3,21.8,11,1607,9311,11,84.6,101974,38,5.1,36,622,1540,56.0,61.1,68.2,66.0,906
E14001121,Braintree,James Cleverly,Con,22.6,52.8,10.2,100.0,0.0,58,0,9.0,-13.5,12.6,80,463,1.0,18.6,34,1964,4384,2,16.7,16886,38,10.7,25,661,3919,50.0,47.3,67.6,72.2,856
E14001122,Brent East,Dawn Butler,Lab,33.7,51.6,11.5,100.0,56.6,76,43,5.4,15.1,46.4,463,590,1.6,27.3,19,2499,16694,13,92.9,125564,40,11.0,7,113,276,58.0,66.0,67.2,69.7,1020
E14001123,Brent West,Barry Gardiner,Lab,33.6,41.9,10.8,100.0,14.7,68,10,4.4,47.0,37.3,313,599,0.7,27.3,15,3802,17085,11,78.6,106934,40,11.9,5,11,18,57.0,62.7,62.8,69.0,925
E14001124,Brentford and Isleworth,Ruth Cadbury,Lab,27.6,44.3,9.0,100.0,4.5,67,3,5.7,22.7,33.4,337,567,2.2,30.5,27,2537,11858,8,61.5,83916,40,14.0,0,0,0,58.0,63.2,69.4,72.2,1433
E14001125,Brentwood and Ongar,Alex Burghart,Con,22.3,56.7,8.1,100.0,0.0,59,0,7.2,-26.3,12.8,46,433,0.6,16.3,108,1099,8711,0,0.0,0,39,15.0,17,807,9572,53.0,50.0,67.5,73.0,1004
E14001126,Bridgwater,Ashley Fox,Con,16.7,48.7,9.9,93.3,0.0,56,0,9.7,-81.1,16.4,72,439,3.6,24.0,220,36836,9007,4,36.4,34059,34,10.3,28,636,4514,52.0,50.3,66.1,73.7,1011
E14001127,Bridlington and The Wolds,Charlie Dewhirst,Con,15.1,60.9,14.9,100.0,0.0,58,0,11.9,-50.6,19.4,69,410,1.7,25.3,190,3295,8234,0,0.0,0,39,5.7,43,1800,22864,50.0,46.3,68.7,71.2,855
E14001128,Brigg and Immingham,Martin Vickers,Con,6.1,54.2,12.4,100.0,0.0,56,0,9.6,-43.6,14.2,80,403,1.9,33.2,50,11341,7482,0,0.0,0,40,6.7,24,402,2829,48.0,47.1,65.6,70.0,968
E14001129,Brighton Kemptown and Peacehaven,Chris Ward,Lab,35.9,50.8,12.0,100.0,0.0,57,0,8.9,-24.1,34.3,111,422,2.0,23.8,44,959,6190,5,45.5,41991,34,7.6,0,0,0,57.0,61.8,68.8,73.0,1045
E14001130,Brighton Pavilion,Siân Berry,Green,37.5,58.1,12.8,100.0,0.0,59,0,6.6,-27.9,40.3,254,455,3.6,25.4,79,0,9909,3,25.0,27758,35,20.6,1,0,0,71.0,68.4,67.1,76.0,1183
E14001131,Bristol Central,Carla Denyer,Green,29.7,53.5,11.0,100.0,0.0,54,0,5.6,-42.8,34.6,50,429,6.6,30.1,8,10174,15048,5,45.5,40588,35,12.5,24,247,620,70.0,71.6,69.4,77.0,1489
E14001132,Bristol East,Kerry McCarthy,Lab,29.9,55.9,10.6,100.0,0.0,60,0,8.5,-41.8,26.6,41,487,4.7,30.1,27,3826,14661,8,57.1,69502,36,13.6,48,628,1321,60.0,66.6,71.5,75.0,1682
E14001133,Bristol North East,Damien Egan,Lab,23.5,52.2,10.1,100.0,0.0,55,0,8.4,-49.1,20.9,48,432,3.8,27.8,46,388,5927,3,25.0,22498,36,14.4,42,894,2009,55.0,59.5,69.9,74.1,1387
E14001134,Bristol North West,Darren Jones,Lab,29.7,56.5,9.2,100.0,0.0,62,0,8.4,-41.2,19.9,47,482,4.9,30.1,44,2770,13200,4,33.3,43523,35,16.4,34,1011,3769,59.0,61.5,69.1,75.2,1709
E14001135,Bristol South,Karin Smyth,Lab,29.9,51.1,10.1,100.0,0.0,63,0,9.3,-32.9,26.0,19,459,4.3,30.1,20,3060,17561,6,46.2,47377,35,10.7,13,167,521,56.0,60.6,66.8,74.0,1709
E14001136,Broadland and Fakenham,Jerome Mayhew,Con,22.7,59.8,10.8,100.0,0.0,59,0,10.2,-6.6,9.8,111,416,1.8,24.8,100,1305,2918,0,0.0,0,39,14.7,10,263,3727,54.0,50.4,68.0,75.0,917
E14001137,Bromley and Biggin Hill,Peter Fortune,Con,45.8,59.8,7.9,100.0,0.0,57,0,6.6,66.2,20.0,55,428,1.0,20.3,37,1725,7066,1,8.3,11751,39,25.1,0,0,0,56.0,56.6,69.3,73.4,643
E14001138,Bromsgrove,Bradley Thomas,Con,19.2,58.0,11.9,100.0,0.0,60,0,8.5,-51.1,11.4,129,440,0.7,18.0,64,1322,5077,0,0.0,0,37,18.9,11,233,763,54.0,52.5,70.3,75.0,787
E14001139,Broxbourne,Lewis Cocking,Con,34.9,49.3,7.5,100.0,0.0,64,0,8.0,-55.0,16.0,91,476,0.9,22.4,50,6512,9922,1,7.1,8577,40,25.8,2,121,1484,51.0,50.8,67.8,72.2,906
E14001140,Broxtowe,Juliet Campbell,Lab,22.4,63.6,11.2,100.0,0.0,60,0,8.6,-73.4,20.8,62,422,3.1,26.7,25,8188,7846,2,16.7,15302,40,13.4,29,727,4422,52.0,56.8,68.8,73.4,1053
E14001141,Buckingham and Bletchley,Callum Anderson,Lab,25.3,41.7,8.8,100.0,0.0,61,0,8.4,-41.3,14.0,132,476,1.2,23.8,50,497,6065,3,25.0,28041,40,8.8,25,1480,21077,54.0,53.4,68.1,74.3,1273
E14001142,Burnley,Oliver Ryan,Lab,27.6,67.8,16.1,100.0,0.0,69,0,10.4,-53.0,28.3,64,486,0.6,24.0,298,3184,7445,0,0.0,0,37,6.4,23,836,3727,50.0,51.4,66.0,68.1,847
E14001143,Burton and Uttoxeter,Jacob Collier,Lab,19.1,52.2,15.8,100.0,0.0,64,0,8.4,-62.7,19.6,116,501,2.2,27.6,26,13283,11501,5,38.5,46037,39,11.6,44,692,3515,51.0,50.1,67.6,70.0,1244
E14001144,Bury North,James Frith,Lab,27.4,60.0,10.9,100.0,0.0,63,0,9.3,-33.3,21.9,30,451,0.8,25.6,48,1962,7125,3,21.4,26413,37,10.4,26,807,1669,53.0,55.5,69.2,73.1,735
E14001145,Bury South,Christian Wakeford,Lab,26.8,59.4,11.7,100.0,0.0,64,0,8.3,-23.6,23.7,21,475,1.0,26.2,41,3165,5790,3,21.4,23830,38,15.6,36,1139,4669,52.0,53.7,68.5,73.0,822
E14001146,Bury St Edmunds and Stowmarket,Peter Prinsley,Lab,17.1,45.0,9.2,100.0,0.0,64,0,10.5,-14.0,14.9,202,456,2.7,22.9,56,1359,12937,1,7.7,6159,39,13.0,16,342,3525,54.0,50.2,67.2,73.7,1365
E14001147,Calder Valley,Josh Fenton-Glynn,Lab,27.9,64.6,14.5,100.0,0.0,63,0,9.8,-27.5,20.3,80,434,0.7,17.9,1182,7443,6556,1,8.3,10302,39,5.0,87,3192,17957,54.0,54.3,70.4,72.0,1032
E14001148,Camborne and Redruth,Perran Moon,Lab,20.2,59.5,12.3,43.1,0.0,25,0,10.4,-51.1,15.0,114,439,1.0,17.2,153,2196,5665,0,0.0,0,31,12.7,24,768,5360,54.0,53.1,70.4,73.2,1008
E14001149,Cambridge,Daniel Zeichner,Lab,25.1,41.2,9.4,100.0,0.0,66,0,5.7,-24.2,35.9,277,556,18.5,47.5,23,2534,16193,2,16.7,20031,40,15.4,1,0,0,65.0,69.3,70.1,74.0,1704
E14001150,Cannock Chase,Josh Newbury,Lab,36.2,55.5,14.7,100.0,0.0,61,0,9.5,-63.5,16.9,78,444,0.9,21.9,224,1190,6051,4,30.8,31143,38,25.6,25,340,756,50.0,49.5,64.4,71.0,1046
E14001151,Canterbury,Rosie Duffield,Lab,31.6,52.1,13.0,100.0,0.0,63,0,7.4,-10.3,22.7,109,474,1.8,23.8,110,9159,10928,2,16.7,16144,39,24.5,6,55,288,58.0,55.7,67.5,73.0,800
E14001152,Carlisle,Julie Minns,Lab,16.5,57.5,12.1,63.6,0.0,42,0,9.6,-30.8,22.8,143,450,1.8,25.0,1939,8023,7159,0,0.0,0,35,13.5,52,1493,4199,51.0,50.6,67.2,71.7,1126
E14001153,Carshalton and Wallington,Bobby Dean,LD,37.9,55.0,8.2,100.0,0.0,62,0,7.5,37.2,22.0,135,461,1.5,25.9,24,3232,8212,3,23.1,27077,39,14.8,1,10,48,55.0,56.9,67.7,73.0,817
E14001154,Castle Point,Rebecca Harris,Con,36.2,72.0,8.5,100.0,0.0,58,0,9.3,-52.8,14.8,19,403,1.0,20.9,111,21752,20657,0,0.0,0,38,12.6,21,392,3319,48.0,45.1,66.2,71.0,432
E14001155,Central Devon,Mel Stride,Con,15.4,59.8,12.2,7.4,0.0,4,0,9.8,-16.4,11.0,92,415,1.0,16.3,1395,3976,4016,0,0.0,0,32,20.2,146,6622,70212,55.0,54.1,71.2,76.0,871
E14001156,Central Suffolk and North Ipswich,Patrick Spencer,Con,22.6,53.0,10.3,100.0,0.0,51,0,8.6,-21.8,11.5,81,421,2.7,25.8,46,1379,7917,0,0.0,0,37,10.6,13,345,3782,54.0,51.6,66.8,74.0,898
E14001157,Chatham and Aylesford,Tristan Osborne,Lab,28.4,53.5,10.1,100.0,0.0,66,0,8.1,-50.1,17.7,41,470,0.6,18.4,35,1270,4797,3,23.1,20453,39,21.5,2,24,190,50.0,49.8,68.7,72.0,1318
E14001158,Cheadle,Tom Morrison,LD,34.6,64.0,8.4,100.0,0.0,63,0,8.5,-40.6,13.0,38,425,1.3,28.8,28,1789,8446,0,0.0,0,38,16.4,23,563,3619,58.0,57.4,68.5,77.0,2443
E14001159,Chelmsford,Marie Goldman,LD,23.2,47.5,7.2,100.0,0.0,68,0,7.7,-22.2,17.8,63,476,2.7,23.0,16,3612,5627,3,27.3,21594,39,11.6,7,124,381,55.0,56.6,68.4,74.0,1104
E14001160,Chelsea and Fulham,Ben Coleman,Lab,30.6,50.5,8.1,100.0,96.3,80,77,4.9,-8.1,54.7,1411,531,4.6,35.9,6,9507,40348,15,88.2,108080,40,14.0,6,105,961,61.0,64.2,68.3,75.7,2102
E14001161,Cheltenham,Max Wilkinson,LD,37.0,55.0,9.3,100.0,0.0,65,0,8.7,-15.4,20.8,203,443,4.6,33.9,19,2786,14338,3,25.0,24089,37,15.9,3,11,22,59.0,58.7,67.4,77.0,1123
E14001162,Chesham and Amersham,Sarah Green,LD,25.7,57.2,8.1,100.0,0.0,58,0,7.3,-47.2,10.7,64,438,0.6,19.7,36,1319,5223,0,0.0,0,39,24.6,2,351,7524,57.0,54.8,69.1,77.5,1017
E14001163,Chester North and Neston,Samantha Dixon,Lab,12.6,51.8,10.7,100.0,0.0,60,0,9.0,-3.9,22.6,113,419,2.2,24.5,21,2888,7137,1,8.3,8567,37,9.9,25,975,6248,56.0,58.5,70.0,73.8,1053
E14001164,Chester South and Eddisbury,Aphra Brandreth,Con,13.9,55.2,10.7,100.0,0.0,52,0,8.6,-43.8,9.6,60,418,1.4,24.4,103,975,5115,0,0.0,0,38,10.7,52,1978,13214,54.0,53.6,70.3,74.5,963
E14001165,Chesterfield,Toby Perkins,Lab,22.5,56.6,12.6,100.0,0.0,62,0,10.7,-54.1,24.2,104,413,0.7,25.0,32,2227,5461,3,25.0,23887,39,14.0,44,1162,5185,51.0,52.4,68.4,74.0,1072
E14001166,Chichester,Jess Brown-Fuller,LD,31.0,48.0,9.9,100.0,0.0,62,0,9.4,-33.8,16.1,89,466,3.5,25.6,127,11482,5062,0,0.0,0,34,14.8,19,746,13315,55.0,52.9,69.5,75.4,842
E14001167,Chingford and Woodford Green,Iain Duncan Smith,Con,42.3,61.0,8.9,100.0,0.0,62,0,6.8,10.8,24.1,249,482,1.1,24.5,47,3168,10807,2,16.7,18934,40,27.0,20,297,913,56.0,60.4,66.7,72.7,640
E14001168,Chippenham,Sarah Gibson,LD,20.4,47.5,8.1,100.0,0.0,57,0,9.5,-54.8,13.7,111,434,2.2,21.5,65,788,4676,0,0.0,0,36,11.4,32,1162,11983,55.0,53.2,68.6,76.0,942
E14001169,Chipping Barnet,Dan Tomlinson,Lab,40.5,55.2,8.7,100.0,0.0,68,0,6.1,30.3,21.7,200,499,0.7,21.4,36,612,9293,3,25.0,27857,40,25.3,8,106,357,58.0,59.3,69.8,72.7,788
E14001170,Chorley,Lindsay Hoyle,Spk,21.5,48.4,9.5,100.0,0.0,60,0,9.9,-22.5,15.6,88,446,1.0,22.2,274,472,5540,1,8.3,5331,37,14.2,32,1355,6677,53.0,55.7,68.2,75.0,665
E14001171,Christchurch,Christopher Chope,Con,28.7,53.8,7.7,100.0,0.0,56,0,10.2,-68.6,13.5,81,390,2.5,28.7,264,4781,4790,0,0.0,0,33,26.0,20,227,835,53.0,49.8,69.3,75.0,933
E14001172,Cities of London and Westminster,Rachel Blake,Lab,10.5,40.7,7.8,100.0,100.0,77,77,4.0,-30.9,67.9,1614,561,2.8,37.8,35,18925,30510,13,81.3,103105,40,16.1,7,135,276,61.0,65.2,67.7,73.2,29258
E14001173,City of Durham,Mary Foy,Lab,26.9,51.1,11.5,98.3,0.0,59,0,8.4,-46.0,23.6,148,452,0.7,19.5,55,816,6514,0,0.0,0,37,13.1,116,2519,15159,56.0,55.5,69.1,71.0,740
E14001174,Clacton,Nigel Farage,RUK,28.2,65.0,13.1,100.0,0.0,60,0,12.2,-25.7,21.8,39,440,1.6,25.1,20,9330,6129,5,45.5,38850,37,7.0,18,324,2737,48.0,41.5,66.5,69.2,632
E14001175,Clapham and Brixton Hill,Bell Ribeiro-Addy,Lab,35.7,49.7,7.4,100.0,83.3,60,50,5.7,6.2,59.1,224,456,6.4,33.5,5,1053,9821,12,92.3,105933,40,11.9,0,0,0,63.0,73.2,66.4,76.6,950
E14001176,Colchester,Pam Cox,Lab,26.9,42.3,9.1,100.0,0.0,71,0,7.8,-7.2,21.8,40,507,3.2,26.6,33,2062,4049,3,25.0,36037,38,21.6,17,291,695,55.0,55.6,67.7,71.0,1055
E14001177,Colne Valley,Paul Davies,Lab,31.2,60.1,12.9,100.0,0.0,54,0,9.3,-27.6,17.5,55,412,0.7,19.7,636,1813,2864,1,8.3,6638,38,5.1,61,1722,9186,54.0,54.4,69.3,72.0,731
E14001178,Congleton,Sarah Russell,Lab,19.2,51.0,8.7,100.0,0.0,52,0,9.1,-67.6,11.5,52,408,1.0,24.2,20,1132,5217,0,0.0,0,38,13.9,44,1379,7248,53.0,52.6,69.7,75.0,979
E14001179,Corby and East Northamptonshire,Lee Barron,Lab,21.5,45.1,10.5,100.0,0.0,67,0,9.2,-47.4,15.9,97,519,1.6,23.4,125,1401,5486,2,15.4,17054,40,10.9,44,1207,13532,51.0,53.0,69.2,73.0,1149
E14001180,Coventry East,Mary Creagh,Lab,28.0,56.2,19.2,100.0,0.0,70,0,7.7,-39.9,30.0,758,531,1.3,30.1,19,272,5508,12,80.0,100411,39,6.4,0,0,0,53.0,56.7,67.9,68.2,1762
E14001181,Coventry North West,Taiwo Owatemi,Lab,28.1,61.3,17.3,100.0,0.0,66,0,7.0,-31.0,24.2,839,476,1.7,30.1,20,1881,5089,5,33.3,39765,39,9.9,9,48,68,54.0,55.6,69.3,70.0,1662
E14001182,Coventry South,Zarah Sultana,Lab,28.1,55.7,20.1,100.0,0.0,67,0,6.3,-31.8,28.6,981,544,1.7,30.1,27,4567,13203,4,33.3,43258,39,12.1,1,35,101,55.0,57.9,68.2,68.8,1687
E14001183,Cramlington and Killingworth,Emma Foody,Lab,27.7,42.4,8.2,100.0,0.0,61,0,10.9,-57.4,21.0,75,432,1.3,26.2,43,344,7710,0,0.0,0,36,9.2,31,428,1682,52.0,54.5,69.7,71.0,844
E14001184,Crawley,Peter Lamb,Lab,23.4,42.1,7.7,100.0,0.0,67,0,8.2,-23.9,20.6,221,526,1.8,31.5,26,3733,9355,2,15.4,22939,40,12.3,2,49,554,53.0,53.2,65.2,72.0,2468
E14001185,Crewe and Nantwich,Connor Naismith,Lab,19.2,52.8,11.2,100.0,0.0,71,0,8.3,-40.8,20.0,105,492,3.3,24.2,30,1542,9099,3,21.4,21636,38,11.5,18,464,3825,52.0,53.2,69.9,72.0,1336
E14001186,Croydon East,Natasha Irons,Lab,42.4,60.6,9.9,100.0,0.0,67,0,6.9,22.6,29.9,105,478,0.6,22.7,28,194,7876,6,46.2,49770,39,26.8,0,0,0,56.0,59.6,67.9,71.3,796
E14001187,Croydon South,Chris Philp,Con,42.3,56.4,7.8,100.0,0.0,60,0,6.4,25.8,20.9,98,448,0.7,22.7,41,2886,9107,3,23.1,22376,39,28.8,0,0,0,56.0,58.0,66.8,73.8,713
E14001188,Croydon West,Sarah Jones,Lab,42.4,48.6,12.0,100.0,0.0,71,0,5.8,22.7,46.0,144,545,0.9,22.7,9,3550,14873,12,92.3,118525,39,8.5,2,6,7,58.0,67.9,66.5,72.1,844
E14001189,Dagenham and Rainham,Margaret Mullane,Lab,27.8,58.6,11.1,100.0,0.0,66,0,6.4,30.8,27.8,75,529,0.8,24.9,51,6002,17913,9,69.2,86220,40,7.3,1,15,105,50.0,55.6,69.1,67.1,717
E14001190,Darlington,Lola McEvoy,Lab,25.2,58.4,11.1,100.0,0.0,60,0,9.9,-31.2,26.7,105,433,1.6,29.4,22,1015,8094,2,15.4,18989,38,9.4,31,276,1005,51.0,52.2,66.5,71.1,927
E14001191,Dartford,Jim Dickson,Lab,18.7,41.1,8.6,100.0,0.0,62,0,6.8,-31.9,17.2,151,488,0.8,20.1,44,4924,5553,2,16.7,21102,39,14.4,4,4,10,51.0,53.5,64.2,73.0,1381
E14001192,Daventry,Stuart Andrew,Con,19.2,50.4,10.1,100.0,0.0,56,0,8.3,-56.1,10.3,122,463,0.9,24.0,39,832,6572,0,0.0,0,40,9.2,67,3917,53840,51.0,52.0,69.2,75.8,1227
E14001193,Derby North,Catherine Atkinson,Lab,25.9,56.4,12.9,100.0,0.0,60,0,8.4,-52.2,25.5,57,458,2.4,30.6,21,4614,8081,3,25.0,22615,39,13.5,27,448,1377,53.0,54.7,69.0,72.0,2112
E14001194,Derby South,Baggy Shanker,Lab,25.9,58.2,14.5,100.0,0.0,66,0,8.2,-46.7,30.6,112,526,2.5,30.6,19,3547,13001,8,57.1,85442,39,9.9,19,167,558,51.0,53.0,67.8,69.0,2323
E14001195,Derbyshire Dales,John Whitby,Lab,15.3,58.9,13.0,100.0,0.0,55,0,9.2,-53.4,12.1,96,398,0.8,15.4,808,6237,5654,0,0.0,0,39,13.1,102,3898,30129,53.0,54.0,70.3,76.4,1071
E14001196,Dewsbury and Batley,Iqbal Mohamed,Ind,31.0,57.7,16.3,100.0,0.0,61,0,10.3,-23.7,25.3,32,455,0.5,19.7,24,4791,5915,10,71.4,75678,38,6.8,34,462,1903,52.0,54.6,65.5,70.3,824
E14001197,Didcot and Wantage,Olly Glover,LD,22.3,40.6,8.0,100.0,0.0,63,0,8.0,70.4,11.7,97,480,2.9,23.5,52,2261,5658,0,0.0,0,38,9.4,10,914,13852,57.0,56.5,68.0,76.1,1339
E14001198,Doncaster Central,Sally Jameson,Lab,19.8,58.3,16.9,100.0,0.0,74,0,9.5,-31.3,27.9,121,496,1.9,27.4,34,5746,9684,5,35.7,45962,40,9.8,21,266,1250,48.0,52.1,68.4,68.1,1034
E14001199,Doncaster East and the Isle of Axholme,Lee Pitcher,Lab,8.7,56.3,13.4,100.0,0.0,57,0,10.1,-30.2,16.2,41,414,1.2,27.6,301,20046,7395,3,25.0,25996,40,6.9,20,536,5693,48.0,50.2,67.1,70.1,882
E14001200,Doncaster North,Ed Miliband,Lab,19.7,63.9,16.7,100.0,0.0,63,0,10.7,-30.0,23.9,42,432,1.3,27.4,38,15047,6792,7,58.3,55603,40,7.8,37,849,4236,47.0,54.5,68.6,68.0,881
E14001201,Dorking and Horley,Chris Coghlan,LD,28.1,55.0,8.6,100.0,0.0,56,0,7.9,-35.4,11.3,93,417,1.4,19.1,265,1527,5941,0,0.0,0,39,29.1,19,510,5946,56.0,53.8,67.8,77.3,1416
E14001202,Dover and Deal,Mike Tapp,Lab,26.2,53.7,12.7,100.0,0.0,61,0,9.1,-22.5,21.1,100,456,1.3,20.1,123,5234,6390,3,25.0,31110,39,12.7,5,19,171,52.0,49.3,68.2,73.0,821
E14001203,Droitwich and Evesham,Nigel Huddleston,Con,15.6,49.8,14.0,100.0,0.0,60,0,9.0,-62.6,12.6,108,456,1.3,20.5,36,2272,7585,1,6.3,6270,38,10.5,39,1447,14823,53.0,49.6,68.2,73.0,973
E14001204,Dudley,Sonia Kumar,Lab,33.9,56.2,17.1,100.0,0.0,62,0,9.4,-29.8,23.8,50,449,0.7,24.0,28,21,6412,8,57.1,64206,37,18.1,12,127,231,49.0,49.2,65.3,69.3,779
E14001205,Dulwich and West Norwood,Helen Hayes,Lab,33.9,55.1,8.6,100.0,38.1,63,24,6.1,7.1,49.6,468,464,5.5,34.4,18,0,10923,10,90.9,89281,40,20.1,0,0,0,64.0,71.4,70.1,75.8,1275
E14001206,Dunstable and Leighton Buzzard,Alex Mayer,Lab,23.8,42.6,8.0,100.0,0.0,65,0,8.5,-44.5,14.6,147,488,1.1,19.3,23,1223,9785,3,23.1,25616,39,9.9,6,303,4095,53.0,53.9,70.1,73.0,861
E14001207,Ealing Central and Acton,Rupa Huq,Lab,31.1,47.1,8.9,100.0,38.2,76,29,5.1,10.7,46.3,596,593,3.1,28.2,15,219,20055,14,93.3,124620,40,11.1,1,2,4,62.0,66.6,70.8,74.0,1156
E14001208,Ealing North,James Murray,Lab,31.0,51.5,11.1,100.0,0.0,70,0,6.6,14.3,29.6,241,562,1.3,27.0,17,1931,12375,10,66.7,92723,40,14.1,5,6,22,57.0,62.6,67.1,71.0,962
E14001209,Ealing Southall,Deirdre Costigan,Lab,31.2,53.2,10.5,100.0,1.6,64,1,6.1,11.4,35.7,282,555,1.7,27.0,13,285,11343,9,69.2,89048,40,10.3,5,107,489,58.0,63.3,66.3,72.2,893
E14001210,Earley and Woodley,Yuan Yang,Lab,31.8,44.4,7.3,100.0,0.0,64,0,6.7,-73.2,12.7,128,474,2.3,26.2,25,1215,4917,1,8.3,13070,38,16.4,1,47,654,58.0,59.7,65.9,76.2,1780
E14001211,Easington,Grahame Morris,Lab,26.8,51.8,12.1,100.0,0.0,63,0,11.9,-69.3,28.2,45,415,0.5,19.4,112,171,5264,0,0.0,0,36,10.0,54,962,4777,49.0,48.9,65.5,69.4,789
E14001212,East Grinstead and Uckfield,Mims Davies,Con,31.9,53.4,9.5,100.0,0.0,58,0,8.4,-43.0,10.0,179,425,0.8,17.8,339,777,3304,0,0.0,0,38,26.2,48,1683,17475,56.0,56.6,68.9,76.0,728
E14001213,East Ham,Stephen Timms,Lab,25.8,64.5,17.6,100.0,86.4,66,57,5.4,20.8,45.5,110,582,0.7,27.3,13,11622,6649,14,100.0,125422,40,13.5,2,34,129,58.0,68.9,69.4,68.0,1040
E14001214,East Hampshire,Damian Hinds,Con,29.9,52.0,9.1,100.0,0.0,53,0,8.5,-40.3,10.1,25,404,1.1,17.2,305,920,3305,1,9.1,6602,36,23.0,12,513,7392,55.0,53.4,66.9,77.0,835
E14001215,East Surrey,Claire Coutinho,Con,24.4,55.4,8.6,100.0,0.0,57,0,7.7,-30.6,11.7,50,442,0.7,16.0,79,1276,5692,0,0.0,0,38,22.4,11,686,7910,55.0,52.5,66.7,76.0,821
E14001216,East Thanet,Polly Billington,Lab,30.6,58.3,14.7,100.0,0.0,65,0,9.7,-22.2,28.5,54,463,1.6,29.2,29,1082,7000,7,53.9,59998,36,8.0,2,0,0,52.0,53.9,69.0,71.2,635
E14001217,East Wiltshire,Danny Kruger,Con,21.3,52.4,10.4,100.0,0.0,57,0,9.2,-36.5,10.5,151,452,2.0,23.6,204,1237,3078,0,0.0,0,36,11.8,25,1357,20956,54.0,50.6,66.5,74.0,980
E14001218,East Worthing and Shoreham,Tom Rutland,Lab,35.0,63.2,10.1,100.0,0.0,64,0,9.7,-59.7,18.8,98,439,3.0,31.0,50,5223,5154,4,33.3,35057,34,8.1,6,5,3,55.0,56.6,72.7,75.0,784
E14001219,Eastbourne,Josh Babarinde,LD,39.7,52.3,11.5,100.0,0.0,60,0,9.3,-21.1,26.5,69,450,1.9,31.7,75,20171,7367,3,23.1,21349,37,9.2,0,0,0,54.0,53.1,66.3,74.0,689
E14001220,Eastleigh,Liz Jarvis,LD,28.1,45.2,7.1,100.0,0.0,57,0,8.3,-40.8,12.6,91,417,1.9,24.3,38,1167,3959,0,0.0,0,35,23.5,7,130,1441,56.0,55.2,68.7,75.5,1581
E14001221,Edmonton and Winchmore Hill,Kate Osamor,Lab,28.6,63.7,12.3,100.0,13.7,73,10,5.7,-6.8,34.5,145,548,0.7,25.5,16,11420,12478,9,69.2,86995,40,13.7,1,26,231,56.0,63.8,66.9,70.1,899
E14001222,Ellesmere Port and Bromborough,Justin Madders,Lab,16.2,50.6,10.6,100.0,0.0,63,0,9.8,-52.4,20.7,36,419,1.8,25.4,35,319,7360,2,14.3,15026,37,11.1,8,240,876,55.0,59.2,71.7,73.7,944
E14001223,Eltham and Chislehurst,Clive Efford,Lab,33.0,55.0,9.8,100.0,0.0,66,0,7.0,64.6,28.3,64,489,1.2,22.4,53,711,8724,7,46.7,59789,40,24.8,2,55,153,55.0,57.4,68.5,72.3,724
E14001224,Ely and East Cambridgeshire,Charlotte Cane,LD,8.2,49.4,9.6,100.0,0.0,62,0,9.5,-12.5,12.3,131,473,3.2,19.5,42,5147,9145,0,0.0,0,40,5.1,56,1330,11952,55.0,55.0,66.7,74.3,1173
E14001225,Enfield North,Feryal Clark,Lab,28.6,57.7,11.0,100.0,0.0,67,0,6.3,-15.4,29.7,82,560,1.0,25.5,17,2994,11146,11,78.6,104355,40,15.9,1,0,0,56.0,62.1,65.2,70.0,850
E14001226,Epping Forest,Neil Hudson,Con,18.4,57.3,8.2,100.0,0.0,61,0,7.1,-57.5,15.6,95,451,0.6,16.8,279,2730,10410,3,23.1,24841,39,26.2,6,228,1740,52.0,56.4,67.6,72.0,965
E14001227,Epsom and Ewell,Helen Maguire,LD,38.4,55.8,8.1,100.0,0.0,63,0,7.1,-4.0,14.1,155,477,1.7,23.0,112,1232,8886,1,7.7,8197,39,24.9,3,93,1262,57.0,55.7,67.8,76.2,1234
E14001228,Erewash,Adam Thompson,Lab,24.5,61.0,11.9,100.0,0.0,62,0,10.0,-62.2,20.8,31,419,2.5,26.0,21,14232,8803,3,25.0,23619,40,10.3,21,587,5061,50.0,50.9,68.2,73.0,689
E14001229,Erith and Thamesmead,Abena Oppong-Asare,Lab,31.7,48.7,10.2,100.0,2.7,73,2,6.3,35.4,38.0,57,589,0.8,22.5,27,21606,10849,11,73.3,103316,40,19.8,0,0,0,54.0,62.4,69.1,69.7,837
E14001230,Esher and Walton,Monica Harding,LD,35.9,55.1,7.6,100.0,0.0,60,0,6.3,-35.9,11.6,53,459,2.6,22.6,51,11332,6978,0,0.0,0,39,22.2,1,78,1262,58.0,57.2,68.4,77.9,1029
E14001231,Exeter,Steve Race,Lab,26.2,51.9,10.8,57.1,0.0,36,0,7.6,-44.1,28.2,141,464,4.1,30.6,27,9171,6900,1,8.3,11620,32,20.9,50,540,1262,59.0,60.7,67.9,73.0,2282
E14001232,Exmouth and Exeter East,David Reed,Con,20.4,42.6,8.8,25.0,0.0,14,0,9.6,-23.4,14.5,210,451,2.4,22.6,121,5636,5835,0,0.0,0,32,14.5,29,808,5480,51.0,50.9,66.6,73.1,1145
E14001233,Fareham and Waterlooville,Suella Braverman,Con,28.5,50.9,8.3,100.0,0.0,63,0,9.8,-39.8,14.7,40,437,2.0,24.6,40,1773,7602,0,0.0,0,33,21.2,20,391,4361,55.0,50.6,66.9,75.9,1209
E14001234,Farnham and Bordon,Greg Stafford,Con,36.4,51.5,8.7,100.0,0.0,63,0,7.9,-76.7,10.4,67,447,1.0,17.1,176,1328,3103,0,0.0,0,36,38.8,9,203,1726,57.0,54.4,67.8,78.3,945
E14001235,Faversham and Mid Kent,Helen Whately,Con,19.7,47.5,9.8,100.0,0.0,59,0,8.3,-26.0,13.6,102,450,0.9,20.8,81,1392,5276,1,8.3,12185,39,17.3,15,148,788,52.0,50.8,69.5,73.7,1001
E14001236,Feltham and Heston,Seema Malhotra,Lab,26.9,50.7,10.1,100.0,18.2,66,12,5.5,2.9,29.0,151,594,1.5,30.7,27,48,11656,9,69.2,92855,40,12.2,2,2,1,54.0,56.7,68.3,68.0,1467
E14001237,Filton and Bradley Stoke,Claire Hazelgrove,Lab,18.9,39.7,6.3,100.0,0.0,66,0,7.7,-60.1,12.9,189,489,3.8,25.0,23,368,8819,0,0.0,0,36,13.6,14,338,1878,56.0,57.9,68.1,74.0,1436
E14001238,Finchley and Golders Green,Sarah Sackman,Lab,40.4,55.3,9.4,100.0,5.6,72,4,4.8,24.8,34.1,389,556,1.4,21.4,19,614,12123,9,60.0,79399,40,21.8,7,37,59,61.0,60.5,70.1,74.0,834
E14001239,Folkestone and Hythe,Tony Vaughan,Lab,27.2,55.9,13.3,100.0,0.0,57,0,9.6,0.0,22.5,169,404,1.3,22.1,202,14454,6873,4,33.3,28841,38,4.5,3,25,366,52.0,49.6,67.5,72.0,994
E14001240,Forest of Dean,Matt Bishop,Lab,22.3,59.3,12.1,100.0,0.0,53,0,10.0,-50.7,11.9,105,407,0.8,15.5,1068,2541,4338,0,0.0,0,37,25.8,39,1869,19613,53.0,51.6,69.5,75.0,714
E14001241,Frome and East Somerset,Anna Sabine,LD,20.4,55.7,10.1,100.0,0.0,56,0,9.7,-60.0,12.0,60,410,1.2,22.7,28,1261,4711,1,9.1,8797,35,13.1,81,2776,19250,55.0,55.4,67.1,76.5,1156
E14001242,Fylde,Andrew Snowden,Con,20.6,58.3,10.7,100.0,0.0,60,0,10.3,-59.1,16.5,88,432,1.8,30.4,22,3218,6913,1,9.1,10049,38,6.0,28,946,3523,53.0,51.8,71.7,73.2,971
E14001243,Gainsborough,Edward Leigh,Con,16.3,53.7,13.0,100.0,0.0,53,0,10.4,-34.8,14.1,42,425,1.4,21.0,204,8574,7456,2,18.2,17972,40,7.3,38,868,8145,50.0,48.3,69.1,73.0,675
E14001244,Gateshead Central and Whickham,Mark Ferguson,Lab,26.9,52.7,9.8,100.0,0.0,63,0,10.0,-38.2,34.9,169,434,1.0,22.8,28,2257,4550,0,0.0,0,37,15.9,36,1218,3582,52.0,57.6,69.5,70.2,1074
E14001245,Gedling,Michael Payne,Lab,37.6,60.4,10.4,100.0,0.0,67,0,9.1,-61.4,20.0,71,445,1.4,24.2,49,5597,8254,3,23.1,23662,40,11.5,15,460,1736,52.0,55.9,70.2,72.9,592
E14001246,Gillingham and Rainham,Naushabah Khan,Lab,35.3,59.9,12.2,100.0,0.0,64,0,7.6,-44.1,20.0,110,454,0.9,18.5,24,1294,4958,4,28.6,30051,39,18.3,23,246,437,52.0,51.8,69.0,72.0,1117
E14001247,Glastonbury and Somerton,Sarah Dyke,LD,16.7,55.3,11.5,100.0,0.0,53,0,9.5,-62.9,10.9,101,409,1.7,24.0,65,2951,6692,0,0.0,0,35,7.8,87,3684,45252,55.0,51.7,69.4,76.5,929
E14001248,Gloucester,Alex McIntyre,Lab,29.3,49.3,9.0,100.0,0.0,72,0,9.1,-5.9,21.3,102,516,3.4,33.6,30,4773,13505,5,38.5,46951,37,10.9,8,66,143,53.0,54.3,67.1,73.0,2029
E14001249,Godalming and Ash,Jeremy Hunt,Con,34.2,55.2,9.2,100.0,0.0,61,0,8.0,-62.2,10.1,90,432,1.3,18.9,453,2948,5190,0,0.0,0,37,34.1,14,384,4450,57.0,55.5,68.6,77.5,1028
E14001250,Goole and Pocklington,David Davis,Con,15.2,53.7,12.4,100.0,0.0,60,0,8.8,-61.3,13.3,40,462,2.9,25.3,64,26315,6912,2,16.7,18073,40,6.2,46,1146,8011,51.0,50.9,69.4,72.4,914
E14001251,Gorton and Denton,Andrew Gwynne,Lab,27.0,61.1,16.1,100.0,0.0,63,0,8.9,-14.4,32.5,40,504,1.6,31.6,22,619,7978,9,69.2,85418,38,11.4,22,721,2417,57.0,62.5,69.7,71.2,1394
E14001252,Gosport,Caroline Dinenage,Con,37.6,50.2,9.4,100.0,0.0,65,0,9.9,-35.3,19.4,67,425,6.8,32.9,94,1345,3527,0,0.0,0,31,13.1,12,48,137,52.0,49.6,63.3,72.0,486
E14001253,Grantham and Bourne,Gareth Davies,Con,17.6,54.6,11.1,100.0,0.0,57,0,9.1,-42.5,15.3,72,438,2.1,23.2,76,3313,7691,1,9.1,7441,40,5.7,26,973,9227,50.0,50.4,69.4,74.0,961
E14001254,Gravesham,Lauren Sullivan,Lab,28.1,53.4,11.4,100.0,0.0,65,0,6.5,-30.4,19.7,66,470,0.6,18.3,59,2207,5231,4,30.8,34063,39,16.3,4,43,32,51.0,50.1,66.7,71.0,725
E14001255,Great Grimsby and Cleethorpes,Melanie Onn,Lab,17.9,67.1,18.8,100.0,0.0,75,0,10.2,-23.1,32.6,47,472,3.9,37.7,31,33830,15374,1,6.3,5757,37,7.9,3,59,225,48.0,48.0,64.5,68.6,1091
E14001256,Great Yarmouth,Rupert Lowe,RUK,30.6,57.8,13.1,100.0,0.0,60,0,11.2,-49.5,25.4,84,439,2.5,31.4,93,12346,7861,0,0.0,0,36,9.0,10,256,286,49.0,44.7,66.1,69.0,896
E14001257,Greenwich and Woolwich,Matthew Pennycook,Lab,29.6,31.9,7.5,100.0,62.7,67,42,5.8,33.6,52.7,138,527,2.2,23.1,21,14383,14887,14,100.0,117450,40,17.4,3,3,1,60.0,68.6,66.3,72.0,749
E14001258,Guildford,Zöe Franklin,LD,27.0,54.6,9.5,100.0,0.0,59,0,6.7,-40.4,16.2,131,456,1.9,21.5,166,2379,6374,0,0.0,0,39,27.3,6,203,1726,58.0,57.2,68.4,75.5,1284
E14001259,Hackney North and Stoke Newington,Diane Abbott,Lab,38.4,45.8,10.1,100.0,98.5,67,66,5.7,-17.0,60.0,633,512,9.4,40.2,14,2399,22890,14,100.0,114995,40,17.5,0,0,0,62.0,73.2,67.7,75.8,1351
E14001260,Hackney South and Shoreditch,Meg Hillier,Lab,38.4,31.7,8.0,100.0,100.0,63,63,5.8,-20.5,68.9,449,505,9.4,40.2,7,1667,34186,13,100.0,117834,40,13.9,0,0,0,61.0,74.0,72.0,74.2,1291
E14001261,Halesowen,Alex Ballinger,Lab,32.5,61.7,16.2,100.0,0.0,56,0,9.8,-21.7,20.3,38,414,0.7,24.8,19,300,6260,4,36.4,36774,38,16.4,10,192,1266,50.0,53.1,67.1,71.6,759
E14001262,Halifax,Kate Dearden,Lab,27.9,64.1,15.7,100.0,0.0,66,0,9.8,-35.1,28.7,43,478,0.5,17.9,75,1063,4578,8,53.3,56735,38,6.5,41,1531,7914,52.0,52.4,69.7,70.1,1115
E14001263,Hamble Valley,Paul Holmes,Con,27.8,40.8,6.2,100.0,0.0,61,0,8.6,-59.1,8.8,101,460,1.9,24.3,105,698,3232,0,0.0,0,34,26.5,15,324,2804,54.0,53.1,67.5,75.1,1330
E14001264,Hammersmith and Chiswick,Andy Slaughter,Lab,29.7,48.6,7.8,100.0,81.9,72,59,5.1,-9.7,53.8,1397,517,5.0,33.9,13,7094,33375,13,86.7,96303,40,12.8,1,4,5,61.0,65.4,69.5,73.4,1718
E14001265,Hampstead and Highgate,Tulip Siddiq,Lab,24.4,54.2,8.3,100.0,86.5,74,64,5.2,-2.2,55.8,371,520,3.9,33.6,33,0,17129,10,66.7,76369,40,33.9,0,0,0,63.0,67.6,71.6,75.6,4238
E14001266,"Harborough, Oadby and Wigston",Neil O'Brien,Con,25.2,53.1,8.9,100.0,0.0,61,0,8.3,-60.3,14.9,99,454,1.9,26.0,19,1902,9438,1,9.1,8230,39,8.4,25,1118,11570,53.0,55.5,69.2,75.0,824
E14001267,Harlow,Chris Vince,Lab,20.8,47.5,8.4,100.0,0.0,68,0,8.1,-58.4,19.4,54,494,1.5,24.5,112,1628,19162,6,42.9,51034,40,14.7,6,364,4828,49.0,50.8,67.2,69.4,1088
E14001268,Harpenden and Berkhamsted,Victoria Collins,LD,25.1,56.2,7.9,100.0,0.0,60,0,7.2,-17.0,10.5,58,419,0.9,19.5,128,845,5511,0,0.0,0,39,14.8,8,427,5999,57.0,54.9,70.0,75.3,1598
E14001269,Harrogate and Knaresborough,Tom Gordon,LD,15.2,58.7,11.1,100.0,0.0,66,0,8.6,-23.5,17.7,185,452,1.7,22.1,25,571,8266,0,0.0,0,39,15.6,57,1339,5109,55.0,53.5,67.5,75.0,1145
E14001270,Harrow East,Bob Blackman,Con,49.8,60.3,11.0,100.0,0.0,64,0,5.5,37.2,21.3,37,519,0.3,23.0,28,1648,10521,3,25.0,27150,40,24.2,7,126,290,56.0,56.9,66.6,70.7,685
E14001271,Harrow West,Gareth Thomas,Lab,53.1,51.4,10.3,100.0,0.0,65,0,6.3,47.2,30.7,50,542,0.6,22.3,10,483,12941,10,71.4,92224,40,13.9,0,0,0,58.0,62.4,67.4,71.9,642
E14001272,Hartlepool,Jonathan Brash,Lab,18.9,53.3,10.6,100.0,0.0,57,0,11.0,-52.2,29.6,49,412,1.1,32.1,96,1661,10884,0,0.0,0,37,5.7,24,428,1852,48.0,48.0,68.1,68.0,1090
E14001273,Harwich and North Essex,Bernard Jenkin,Con,27.5,56.0,11.0,100.0,0.0,58,0,8.3,-24.4,15.7,45,438,2.1,26.0,34,5940,3819,1,8.3,8905,38,10.8,30,700,6037,54.0,50.8,68.7,71.9,737
E14001274,Hastings and Rye,Helena Dollimore,Lab,41.1,58.8,14.9,100.0,0.0,62,0,9.5,-14.9,27.2,46,460,0.9,22.2,115,8201,16165,6,50.0,49431,36,15.4,22,712,6504,53.0,53.1,68.2,71.1,637
E14001275,Havant,Alan Mak,Con,36.1,51.4,9.2,100.0,0.0,61,0,10.6,-41.5,18.7,37,419,2.1,26.5,41,4338,4987,4,30.8,29322,33,16.4,5,6,37,51.0,49.0,65.5,72.0,1572
E14001276,Hayes and Harlington,John McDonnell,Lab,21.7,52.6,10.9,100.0,19.4,67,13,6.0,28.1,25.9,134,569,0.9,26.9,33,1659,12984,9,75.0,94890,40,8.9,0,0,0,54.0,57.8,69.9,68.0,1670
E14001277,Hazel Grove,Lisa Smart,LD,34.7,63.1,9.6,100.0,0.0,63,0,9.8,-46.1,17.7,37,415,1.1,28.8,44,983,7128,2,14.3,15863,38,19.4,28,768,4767,54.0,55.0,69.1,75.0,2443
E14001278,Hemel Hempstead,David Taylor,Lab,27.7,47.4,8.1,100.0,0.0,63,0,7.5,-41.7,16.3,154,458,0.8,19.9,43,1003,6059,4,30.8,33182,39,16.9,0,0,0,53.0,52.9,67.7,71.3,2190
E14001279,Hendon,David Pinto-Duschinsky,Lab,40.7,41.3,9.9,100.0,4.3,69,3,5.1,43.1,33.1,159,577,0.6,21.4,19,3444,13018,10,76.9,99503,40,17.7,7,107,465,58.0,59.1,64.6,71.0,799
E14001280,Henley and Thame,Freddie Van Mierlo,LD,24.6,56.0,10.4,100.0,0.0,60,0,8.2,-8.2,9.6,84,425,2.3,21.6,174,2679,5012,0,0.0,0,39,17.4,17,1093,16762,58.0,56.1,68.6,79.0,970
E14001281,Hereford and South Herefordshire,Jesse Norman,Con,18.0,58.4,16.9,88.1,0.0,52,0,9.0,-62.5,17.9,67,427,3.6,24.7,264,3458,8079,2,18.2,18846,36,15.8,26,910,6126,53.0,50.6,67.0,72.0,949
E14001282,Herne Bay and Sandwich,Roger Gale,Con,30.1,55.9,11.4,100.0,0.0,58,0,9.8,-16.3,17.2,51,437,1.2,25.0,60,5055,7555,2,15.4,16633,38,8.2,8,94,794,52.0,50.6,70.2,71.9,666
E14001283,Hertford and Stortford,Joshua Robert Abraham Dean,Lab,29.8,47.1,7.1,100.0,0.0,64,0,8.0,-33.1,14.3,114,471,1.0,17.9,37,4163,9184,0,0.0,0,40,13.9,4,64,396,56.0,55.6,68.2,74.0,1118
E14001284,Hertsmere,Oliver Dowden,Con,23.6,51.8,8.1,100.0,0.0,62,0,7.1,-33.4,15.3,139,469,0.7,20.1,53,1088,10435,1,7.7,10214,40,18.3,2,18,43,54.0,52.8,67.6,72.9,1312
E14001285,Hexham,Joe Morris,Lab,23.6,59.0,10.8,45.6,0.0,26,0,9.8,-49.1,15.1,224,417,0.6,21.3,10581,3886,7041,0,0.0,0,37,14.1,123,3939,27342,55.0,58.9,69.9,73.7,803
E14001286,Heywood and Middleton North,Elsie Blundell,Lab,28.5,49.9,12.3,100.0,0.0,61,0,10.1,-14.9,26.1,55,446,0.6,25.6,114,657,4774,0,0.0,0,37,10.0,30,973,4548,50.0,51.2,69.0,69.8,774
E14001287,High Peak,Jon Pearce,Lab,4.2,58.2,12.2,100.0,0.0,59,0,10.5,-63.5,16.9,64,400,0.9,16.8,2713,2954,5082,0,0.0,0,37,8.9,49,1953,12872,55.0,56.0,72.1,75.0,1324
E14001288,Hinckley and Bosworth,Luke Evans,Con,20.1,54.9,9.8,100.0,0.0,58,0,9.5,-65.5,12.9,77,437,1.6,22.2,35,238,5245,1,9.1,9114,39,7.3,55,1403,10477,51.0,48.7,67.7,74.0,1972
E14001289,Hitchin,Alistair Strathern,Lab,24.6,42.8,8.0,100.0,0.0,55,0,8.3,-33.7,12.0,44,443,1.3,19.5,37,1334,9122,0,0.0,0,40,10.0,11,219,2098,57.0,57.7,70.9,75.7,886
E14001290,Holborn and St Pancras,Keir Starmer,Lab,21.7,40.1,9.0,100.0,100.0,64,64,5.1,-23.0,70.3,312,489,4.3,35.4,7,0,30649,14,100.0,111493,40,15.3,0,0,0,62.0,68.7,69.6,74.0,4292
E14001291,Honiton and Sidmouth,Richard Foord,LD,17.7,57.9,10.5,17.3,0.0,9,0,10.7,-27.6,13.1,139,408,1.2,17.6,164,4625,5817,0,0.0,0,33,18.1,74,3661,45147,52.0,51.3,67.8,74.4,775
E14001292,Hornchurch and Upminster,Julia Lopez,Con,30.7,62.5,8.1,100.0,0.0,63,0,7.0,35.7,20.4,40,473,0.5,22.6,51,429,9075,2,15.4,18743,39,15.6,1,46,491,50.0,51.1,66.0,70.0,695
E14001293,Hornsey and Friern Barnet,Catherine West,Lab,42.6,58.2,8.1,100.0,18.0,61,11,5.9,-2.1,43.4,173,445,4.2,26.1,23,143,12060,7,50.0,54130,40,24.2,1,1,2,64.0,70.7,74.1,74.7,577
E14001294,Horsham,John Milne,LD,30.7,47.6,7.9,100.0,0.0,64,0,8.1,-18.2,12.0,141,464,1.4,18.8,59,336,6073,1,9.1,11285,38,19.5,16,801,8806,56.0,54.9,67.6,76.1,1026
E14001295,Houghton and Sunderland South,Bridget Phillipson,Lab,29.5,49.2,10.3,100.0,0.0,65,0,10.3,-44.6,28.4,27,444,0.6,26.4,41,363,5885,0,0.0,0,37,9.9,32,641,2265,48.0,51.5,67.9,70.0,1245
E14001296,Hove and Portslade,Peter Kyle,Lab,37.5,58.9,10.8,100.0,0.0,63,0,7.5,-34.3,33.6,196,448,3.7,25.4,19,170,10176,6,46.2,48024,34,10.9,0,0,0,61.0,64.9,70.8,76.0,1263
E14001297,Huddersfield,Harpreet Uppal,Lab,31.0,63.4,18.3,100.0,1.5,67,1,8.9,-21.9,31.4,33,503,0.5,19.7,19,5081,4505,11,68.8,77698,39,4.8,63,1749,6013,53.0,56.4,68.6,69.5,891
E14001298,Huntingdon,Ben Obese-Jecty,Con,12.0,50.6,8.6,100.0,0.0,66,0,9.4,-29.7,13.5,129,484,2.8,22.1,72,9412,14895,0,0.0,0,40,6.6,32,1486,20066,54.0,53.7,69.0,73.0,1291
E14001299,Hyndburn,Sarah Smith,Lab,24.6,68.6,15.1,100.0,0.0,61,0,10.3,-67.3,24.8,64,418,0.7,23.0,94,1977,4773,2,20.0,12627,37,8.1,28,744,2074,50.0,50.3,66.1,70.0,847
E14001300,Ilford North,Wes Streeting,Lab,42.9,63.4,11.0,100.0,1.6,63,1,5.8,1.8,24.6,99,529,0.5,23.4,54,757,7564,6,46.2,47319,40,14.6,2,25,38,57.0,59.1,66.5,70.8,619
E14001301,Ilford South,Jas Athwal,Lab,40.7,57.1,13.0,100.0,13.8,65,9,5.4,41.4,32.6,122,577,0.5,23.7,8,2167,7442,11,84.6,101476,40,9.6,3,59,253,57.0,64.3,71.5,69.7,645
E14001302,Ipswich,Jack Abbott,Lab,32.6,51.8,11.7,100.0,0.0,70,0,8.2,-8.3,26.0,124,503,3.2,32.2,30,3517,17019,4,30.8,40131,37,13.0,5,43,57,53.0,54.0,66.5,71.0,1490
E14001303,Isle of Wight East,Joe Robertson,Con,33.8,60.8,13.1,100.0,0.0,45,0,11.0,4.8,22.8,60,307,1.2,23.1,93,1654,3477,0,0.0,0,32,17.4,30,703,5042,53.0,47.9,67.3,72.0,555
E14001304,Isle of Wight West,Richard Quigley,Lab,33.5,54.3,12.7,100.0,0.0,44,0,10.6,-8.2,18.7,52,312,2.4,23.1,204,1641,4065,0,0.0,0,33,14.5,37,1213,10366,53.0,52.9,69.7,72.0,542
E14001305,Islington North,Jeremy Corbyn,Ind,32.2,45.3,8.1,100.0,100.0,65,65,6.3,-5.8,64.1,341,482,6.9,38.4,3,0,23501,11,91.7,96913,40,20.5,0,0,0,65.0,73.5,65.8,77.0,2980
E14001306,Islington South and Finsbury,Emily Thornberry,Lab,32.6,37.6,7.2,100.0,100.0,67,67,5.9,-12.2,69.3,370,521,5.9,38.5,3,0,22670,12,100.0,117699,40,16.9,0,0,0,62.0,70.3,63.7,74.9,2918
E14001307,Jarrow and Gateshead East,Kate Osborne,Lab,33.9,53.5,10.3,100.0,0.0,63,0,10.8,-32.4,34.0,51,412,1.3,26.6,46,60,5295,0,0.0,0,37,10.1,44,1138,7587,50.0,55.7,69.9,70.0,718
E14001308,Keighley and Ilkley,Robbie Moore,Con,33.1,66.1,14.4,100.0,0.0,60,0,10.4,-22.7,22.7,58,442,0.5,21.8,444,3082,7773,5,41.7,42677,38,5.3,57,1935,9774,54.0,56.2,69.1,71.0,836
E14001309,Kenilworth and Southam,Jeremy Wright,Con,15.8,52.9,13.8,100.0,0.0,56,0,8.5,-54.5,9.4,148,429,1.3,23.7,59,1463,7212,0,0.0,0,39,10.6,49,2544,31148,57.0,54.7,68.6,75.9,1805
E14001310,Kensington and Bayswater,Joe Powell,Lab,27.3,51.1,9.3,100.0,100.0,91,91,4.3,-14.4,61.2,1060,594,3.4,36.6,5,0,64678,15,79.0,107955,40,14.3,0,0,0,61.0,64.2,67.3,74.8,4326
E14001311,Kettering,Rosie Wrighting,Lab,21.5,49.5,10.4,100.0,0.0,63,0,9.1,-51.3,15.8,149,491,1.2,23.4,23,304,5209,3,25.0,30565,40,8.1,36,1520,14382,51.0,52.5,68.4,72.0,1081
E14001312,Kingston and Surbiton,Ed Davey,LD,35.3,57.1,8.5,100.0,0.0,66,0,6.4,37.7,27.0,276,509,2.7,26.4,18,7014,9473,5,35.7,44124,40,14.6,4,35,205,61.0,61.3,68.1,75.1,760
E14001313,Kingston upon Hull East,Karl Turner,Lab,28.6,52.9,16.6,100.0,0.0,67,0,10.0,-53.9,33.3,20,453,5.0,42.5,21,41450,7148,0,0.0,0,38,8.2,1,194,2499,47.0,49.4,64.6,68.0,1078
E14001314,Kingston upon Hull North and Cottingham,Diana Johnson,Lab,24.5,58.0,17.7,100.0,0.0,73,0,9.1,-55.2,32.3,94,517,4.3,39.7,16,52624,7461,0,0.0,0,38,11.8,2,30,24,50.0,53.8,69.9,68.8,1146
E14001315,Kingston upon Hull West and Haltemprice,Emma Hardy,Lab,21.7,57.7,15.7,100.0,0.0,66,0,9.2,-69.4,29.5,98,464,3.9,37.1,17,39659,9094,0,0.0,0,38,12.7,2,56,102,49.0,53.3,68.5,68.6,993
E14001316,Kingswinford and South Staffordshire,Mike Wood,Con,20.0,62.2,12.3,100.0,0.0,58,0,8.8,-55.5,12.5,31,390,0.7,22.1,62,774,5044,0,0.0,0,37,16.2,28,490,2325,50.0,48.7,69.5,71.6,708
E14001317,Knowsley,Anneliese Midgley,Lab,21.6,35.2,11.0,100.0,0.0,60,0,10.9,-21.5,33.7,49,420,0.9,28.0,25,231,5770,8,72.7,67642,37,16.6,3,117,265,54.0,60.9,71.9,72.0,806
E14001318,Lancaster and Wyre,Cat Smith,Lab,17.5,55.7,13.4,96.3,0.0,52,0,8.5,-4.7,21.2,140,437,2.3,29.0,619,15334,7103,1,9.1,8283,36,6.3,25,847,5747,54.0,55.8,70.7,71.7,1061
E14001319,Leeds Central and Headingley,Alex Sobel,Lab,25.4,51.3,21.7,100.0,10.0,60,6,5.4,-32.7,42.0,124,475,1.6,24.5,14,4326,11591,7,58.3,63528,39,18.2,37,1015,2230,56.0,67.1,65.3,70.2,1401
E14001320,Leeds East,Richard Burgon,Lab,25.3,56.7,14.9,100.0,0.0,67,0,8.8,-24.1,31.1,84,502,0.8,24.5,22,701,7375,8,53.3,57436,39,9.4,19,509,1393,50.0,54.3,66.7,68.9,1618
E14001321,Leeds North East,Fabian Hamilton,Lab,25.4,63.2,12.2,100.0,0.0,58,0,7.4,-30.1,23.5,14,430,1.5,24.5,28,609,4858,3,23.1,23550,39,20.4,24,677,1545,60.0,63.4,73.2,74.0,1401
E14001322,Leeds North West,Katie White,Lab,25.5,61.2,10.1,100.0,0.0,56,0,8.6,-25.7,16.3,40,416,1.1,24.5,78,1513,6802,0,0.0,0,38,12.3,32,935,4290,57.0,59.4,71.2,74.1,1376
E14001323,Leeds South,Hilary Benn,Lab,25.5,47.1,16.1,100.0,9.5,74,7,8.2,-25.9,44.9,209,557,1.1,24.5,48,9088,10751,14,87.5,109135,39,11.5,30,803,3822,54.0,62.5,65.8,67.1,1835
E14001324,Leeds South West and Morley,Mark Sewards,Lab,25.4,55.7,11.0,100.0,0.0,59,0,9.4,-23.2,22.0,142,424,0.8,24.5,20,266,4560,2,15.4,13248,39,10.0,20,428,943,51.0,53.6,69.2,71.7,1401
E14001325,Leeds West and Pudsey,Rachel Reeves,Lab,25.4,59.7,13.2,100.0,0.0,60,0,9.1,-39.0,28.7,44,433,1.2,24.5,21,515,6007,6,46.2,47319,39,9.5,35,984,3627,53.0,56.4,65.8,73.0,1473
E14001326,Leicester East,Shivani Raja,Con,28.7,60.4,13.2,100.0,0.0,65,0,6.4,-19.4,28.8,29,547,1.3,35.0,15,8105,11649,9,69.2,95083,40,11.3,4,56,120,53.0,56.6,65.5,69.0,1157
E14001327,Leicester South,Shockat Adam,Ind,28.7,60.4,15.9,100.0,9.2,65,6,5.9,-27.4,37.1,78,529,1.9,35.0,16,3329,14117,10,83.3,103219,40,14.9,10,144,583,57.0,63.2,66.4,70.9,1174
E14001328,Leicester West,Liz Kendall,Lab,28.6,59.5,14.2,100.0,0.0,70,0,7.1,-35.9,33.1,88,561,3.0,35.0,36,5170,11115,9,69.2,86800,40,15.7,11,211,1068,51.0,55.6,63.1,70.1,1246
E14001329,Leigh and Atherton,Jo Platt,Lab,30.9,52.4,12.3,100.0,0.0,62,0,10.0,-34.9,22.4,49,482,1.0,26.1,61,3867,8188,1,7.7,7359,38,12.4,33,665,2949,50.0,52.0,66.7,71.3,661
E14001330,Lewes,James MacCleary,LD,32.6,57.2,10.8,100.0,0.0,60,0,9.6,-30.9,18.1,121,424,1.2,16.5,333,5559,4432,1,8.3,6486,37,13.6,27,1242,12750,57.0,56.1,71.0,75.8,755
E14001331,Lewisham East,Janet Daby,Lab,43.8,57.8,11.5,100.0,0.0,68,0,7.2,31.4,41.2,83,512,1.6,26.8,21,2914,12619,15,100.0,118575,40,13.7,0,0,0,59.0,67.6,68.5,73.9,410
E14001332,Lewisham North,Vicky Foxcroft,Lab,43.6,39.4,8.1,100.0,65.7,67,44,5.8,21.0,56.6,100,514,3.4,26.8,13,17006,18437,14,100.0,119052,40,16.6,1,9,12,62.0,73.3,69.7,74.0,404
E14001333,Lewisham West and East Dulwich,Ellie Reeves,Lab,39.1,61.3,8.7,100.0,5.4,56,3,6.9,22.0,42.2,431,435,4.1,29.4,15,84,11765,10,83.3,82985,40,16.8,0,0,0,61.0,71.9,70.2,73.8,871
E14001334,Leyton and Wanstead,Calvin Bailey,Lab,42.1,59.8,11.8,100.0,57.6,66,38,5.6,37.1,42.1,560,513,1.8,24.6,35,269,10433,9,69.2,89659,40,20.0,14,184,302,60.0,67.0,68.4,71.1,642
E14001335,Lichfield,Dave Robertson,Lab,20.1,50.0,12.7,100.0,0.0,57,0,9.0,-47.8,12.9,43,433,0.9,21.0,85,915,5907,2,18.2,16452,38,9.0,24,803,8034,52.0,51.7,67.7,74.0,961
E14001336,Lincoln,Hamish Falconer,Lab,28.2,53.3,12.6,100.0,0.0,67,0,8.4,-6.5,26.4,147,514,3.9,33.1,37,15062,12680,7,58.3,61001,40,11.9,8,102,1084,53.0,54.8,67.1,71.0,1426
E14001337,Liverpool Garston,Maria Eagle,Lab,29.6,50.0,10.6,100.0,0.0,59,0,9.9,-32.5,28.8,80,418,1.3,32.7,34,374,7437,6,46.2,45549,37,14.4,5,164,1358,56.0,64.8,72.2,73.2,920
E14001338,Liverpool Riverside,Kim Johnson,Lab,29.8,35.2,15.5,100.0,0.0,65,0,8.1,-36.5,54.9,161,538,0.9,32.7,16,2554,13985,16,100.0,137019,37,6.4,2,35,18,60.0,65.7,66.7,70.5,1028
E14001339,Liverpool Walton,Dan Carden,Lab,29.6,54.2,14.8,100.0,0.0,68,0,10.4,-28.9,36.9,110,445,0.9,32.5,24,298,9832,10,83.3,75845,37,10.8,3,72,450,55.0,62.5,69.9,72.7,1011
E14001340,Liverpool Wavertree,Paula Barker,Lab,29.8,58.3,17.6,100.0,0.0,64,0,8.3,-35.9,37.9,184,469,1.6,32.7,36,6,7273,6,54.6,54608,37,15.7,1,8,10,60.0,67.1,71.3,72.5,982
E14001341,Liverpool West Derby,Ian Byrne,Lab,27.8,55.6,14.7,100.0,0.0,64,0,10.3,-29.6,35.6,91,433,0.8,31.8,26,420,10119,9,75.0,66522,37,11.8,1,23,13,55.0,64.8,72.7,73.0,957
E14001342,Loughborough,Jeevun Sandher,Lab,24.5,50.4,11.0,100.0,0.0,56,0,7.6,-48.7,18.3,98,446,2.9,27.1,28,6727,11048,1,8.3,12657,40,11.3,23,603,4326,56.0,54.9,67.8,72.0,821
E14001343,Louth and Horncastle,Victoria Atkins,Con,16.4,60.9,14.2,100.0,0.0,54,0,11.7,-16.0,14.2,49,432,2.2,25.4,137,24274,9082,0,0.0,0,40,6.2,41,1149,11417,48.0,46.0,67.8,73.0,734
E14001344,Lowestoft,Jess Asato,Lab,24.5,56.6,12.6,100.0,0.0,60,0,11.0,-49.0,21.1,61,415,4.0,27.2,49,4077,5995,0,0.0,0,37,13.0,10,201,515,51.0,49.7,67.2,71.0,980
E14001345,Luton North,Sarah Owen,Lab,26.7,58.5,10.6,100.0,0.0,66,0,7.5,-42.9,18.5,18,509,0.9,26.1,11,1117,10183,7,63.6,71432,39,7.4,1,7,7,54.0,59.4,66.2,70.8,1019
E14001346,Luton South and South Bedfordshire,Rachel Hopkins,Lab,26.2,56.5,13.2,100.0,0.0,68,0,6.7,-24.7,28.6,111,553,0.7,25.2,45,676,9427,8,61.5,87322,39,10.0,21,122,187,53.0,57.7,67.7,67.4,1030
E14001347,Macclesfield,Tim Roca,Lab,19.2,59.2,9.6,100.0,0.0,61,0,8.9,-48.5,15.0,38,423,1.3,24.2,251,1461,7222,1,7.7,6205,38,15.5,18,646,3269,55.0,56.5,70.7,75.0,1167
E14001348,Maidenhead,Joshua Reynolds,LD,29.4,50.3,8.0,100.0,0.0,64,0,7.2,-56.3,10.9,73,467,1.3,23.8,87,8185,5216,1,8.3,13063,38,25.2,5,76,843,57.0,57.0,68.2,76.8,1595
E14001349,Maidstone and Malling,Helen Grant,Con,23.7,43.2,8.5,100.0,0.0,59,0,7.5,-39.1,16.5,76,486,1.1,19.4,18,2853,5766,2,20.0,24655,39,15.4,15,74,188,53.0,51.7,66.1,73.3,1231
E14001350,Makerfield,Josh Simons,Lab,30.8,57.4,10.6,100.0,0.0,63,0,10.3,-37.3,18.3,33,456,1.0,26.1,40,2581,6170,1,9.1,9222,37,12.1,48,1195,7727,50.0,50.8,68.6,71.0,650
E14001351,Maldon,John Whittingdale,Con,23.3,57.1,8.6,100.0,0.0,63,0,8.8,-13.7,11.3,29,445,1.1,20.4,177,8058,9735,0,0.0,0,39,9.8,23,414,3488,52.0,47.4,67.3,73.1,885
E14001352,Manchester Central,Lucy Powell,Lab,24.7,29.7,11.6,100.0,26.1,69,18,7.1,-32.9,46.1,316,564,1.4,33.4,15,7560,16056,13,81.3,111394,38,9.8,46,510,976,55.0,63.0,64.0,68.2,1765
E14001353,Manchester Rusholme,Afzal Khan,Lab,23.4,41.3,15.5,100.0,3.8,53,2,6.1,-28.3,46.4,43,507,2.7,34.5,11,5086,17811,9,90.0,96853,38,9.3,13,111,142,58.0,70.3,64.6,68.9,1518
E14001354,Manchester Withington,Jeff Smith,Lab,23.5,56.6,13.3,100.0,0.0,54,0,7.8,-40.0,27.4,48,407,3.9,34.5,28,4894,9087,5,45.5,40622,38,15.6,12,334,3094,64.0,70.2,71.2,74.8,1491
E14001355,Mansfield,Steve Yemm,Lab,38.3,55.4,12.3,100.0,0.0,66,0,9.3,-41.6,22.0,56,466,0.9,24.6,28,380,5285,4,30.8,33869,40,18.9,32,465,1357,47.0,48.5,63.8,70.0,788
E14001356,Melksham and Devizes,Brian Mathew,LD,20.5,52.3,9.2,100.0,0.0,60,0,9.5,-48.9,12.8,50,419,2.1,21.5,51,1371,5100,0,0.0,0,35,10.9,61,2713,27835,54.0,53.0,69.0,75.2,975
E14001357,Melton and Syston,Edward Argar,Con,19.1,55.8,10.2,100.0,0.0,54,0,8.7,-67.9,13.3,29,418,1.7,23.5,43,4592,7628,0,0.0,0,40,7.7,64,1648,13418,52.0,50.6,68.1,74.4,860
E14001358,Meriden and Solihull East,Saqib Bhatti,Con,24.1,53.8,12.4,100.0,0.0,61,0,8.8,-28.8,19.5,268,436,0.9,25.6,35,350,5269,4,33.3,28467,39,15.1,19,398,4234,53.0,51.3,68.1,72.7,1651
E14001359,Mid Bedfordshire,Blake Stephenson,Con,24.2,41.4,8.3,100.0,0.0,60,0,8.6,-27.5,8.9,145,453,0.8,21.0,139,1114,9081,0,0.0,0,40,11.0,17,642,7790,54.0,53.5,66.7,74.0,834
E14001360,Mid Buckinghamshire,Greg Smith,Con,25.6,51.9,9.1,100.0,0.0,62,0,8.3,36.0,7.9,44,438,1.2,19.7,140,815,4096,0,0.0,0,39,14.3,14,1003,15213,55.0,54.4,65.7,75.5,1068
E14001361,Mid Cheshire,Andrew Cooper,Lab,13.2,49.5,9.1,100.0,0.0,57,0,10.2,-57.1,15.4,41,419,1.7,24.4,26,1516,7146,0,0.0,0,38,16.0,47,1082,3761,53.0,52.4,68.0,74.7,1012
E14001362,Mid Derbyshire,Jonathan Davies,Lab,25.1,61.2,9.1,100.0,0.0,55,0,8.8,-55.4,13.9,61,387,1.4,25.9,49,1996,4245,0,0.0,0,39,13.4,54,1214,5969,54.0,54.2,69.9,75.1,1281
E14001363,Mid Dorset and North Poole,Vikki Slade,LD,25.6,54.7,7.8,100.0,0.0,61,0,9.8,-45.7,10.7,52,422,2.3,26.1,424,2868,4163,0,0.0,0,33,18.6,31,527,3801,54.0,54.0,67.9,75.9,1016
E14001364,Mid Leicestershire,Peter Bedford,Con,21.7,56.5,8.1,100.0,0.0,60,0,8.1,-64.6,11.6,90,451,1.8,26.4,113,470,6356,0,0.0,0,40,20.1,41,1000,7023,51.0,53.2,68.4,74.0,1964
E14001365,Mid Norfolk,George Freeman,Con,16.0,57.5,11.3,100.0,0.0,54,0,9.8,-33.2,11.3,82,429,1.7,20.2,140,577,6028,0,0.0,0,39,12.5,16,470,6219,51.0,49.6,69.0,72.0,745
E14001366,Mid Sussex,Alison Bennett,LD,30.3,45.2,8.1,100.0,0.0,59,0,8.3,-44.4,13.2,116,437,1.0,18.7,67,489,5086,0,0.0,0,37,21.5,25,754,5950,56.0,56.5,67.9,76.2,775
E14001367,Middlesbrough and Thornaby East,Andy McDonald,Lab,20.8,57.0,14.0,100.0,0.0,69,0,9.3,-46.7,37.5,108,508,1.5,33.4,28,2949,11449,2,13.3,16183,39,8.9,23,452,1638,50.0,53.4,68.9,67.0,948
E14001368,Middlesbrough South and East Cleveland,Luke Myer,Lab,20.4,49.2,9.5,91.4,0.0,53,0,10.1,-49.4,22.4,34,410,0.8,28.8,350,851,6964,1,7.1,5086,39,15.6,35,874,6341,49.0,54.2,66.1,70.7,822
E14001369,Milton Keynes Central,Emily Darlington,Lab,25.0,29.9,6.1,100.0,0.0,69,0,6.7,-39.8,18.5,402,563,2.3,27.5,70,757,10642,3,20.0,26666,40,14.2,0,0,0,54.0,57.2,67.5,73.0,1748
E14001370,Milton Keynes North,Chris Curtis,Lab,24.9,47.3,8.2,100.0,0.0,62,0,7.8,-34.8,15.1,379,444,1.9,27.5,74,1404,7820,2,15.4,12782,40,8.0,13,689,8703,55.0,55.8,69.5,73.0,1457
E14001371,Mitcham and Morden,Siobhain McDonagh,Lab,35.5,55.8,10.7,100.0,0.0,70,0,6.0,42.2,33.6,370,545,1.9,26.2,40,5432,11014,9,64.3,81645,40,13.2,10,174,342,57.0,63.8,69.3,71.4,935
E14001372,Morecambe and Lunesdale,Lizzi Collinge,Lab,15.5,66.0,12.4,67.7,0.0,42,0,10.6,7.1,17.4,132,434,1.9,27.5,2890,12057,7337,3,21.4,19211,36,6.9,45,1625,9301,52.0,53.9,71.6,71.9,1343
E14001373,New Forest East,Julian Lewis,Con,26.3,57.7,9.4,100.0,0.0,60,0,9.4,-50.6,11.2,105,401,2.6,24.0,2160,2551,4332,0,0.0,0,34,37.4,16,596,7477,53.0,51.2,68.8,75.0,1063
E14001374,New Forest West,Desmond Swayne,Con,26.4,56.1,9.7,100.0,0.0,54,0,10.0,-66.2,12.1,78,372,2.4,24.0,1247,2533,3440,0,0.0,0,34,24.7,10,330,4008,53.0,50.5,66.2,76.0,956
E14001375,Newark,Robert Jenrick,Con,17.3,56.8,11.6,100.0,0.0,62,0,8.5,-49.6,15.3,114,471,2.9,23.6,80,8149,12141,2,18.2,19898,40,6.9,49,1658,17690,51.0,52.3,70.7,73.0,1122
E14001376,Newbury,Lee Dillon,LD,18.9,50.0,8.5,100.0,0.0,59,0,8.4,-65.6,13.8,206,431,2.4,24.2,113,4588,6681,0,0.0,0,37,18.9,8,512,8981,56.0,52.9,67.9,76.0,1564
E14001377,Newcastle upon Tyne Central and West,Chi Onwurah,Lab,28.7,48.6,11.6,100.0,0.0,76,0,7.7,-28.1,41.2,132,585,0.9,29.8,40,462,9937,1,7.1,7530,37,7.8,18,283,660,54.0,57.7,66.1,70.0,1317
E14001378,Newcastle upon Tyne East and Wallsend,Mary Glindon,Lab,30.3,48.5,11.0,100.0,0.0,70,0,9.6,-25.4,40.0,51,505,2.0,29.8,35,295,7518,0,0.0,0,37,10.4,11,373,1072,56.0,60.2,68.0,71.0,1158
E14001379,Newcastle upon Tyne North,Catherine McKinnell,Lab,29.6,50.0,9.5,100.0,0.0,67,0,8.1,-41.6,26.8,80,481,2.2,29.8,27,657,6838,0,0.0,0,37,14.5,11,154,942,55.0,61.2,68.2,71.0,1101
E14001380,Newcastle-under-Lyme,Adam Jogee,Lab,19.4,57.5,17.6,100.0,0.0,59,0,9.4,-72.3,21.3,135,416,0.8,23.8,71,776,5933,3,25.0,25580,37,17.2,34,750,3781,52.0,53.2,70.0,71.2,681
E14001381,Newton Abbot,Martin Wrigley,LD,22.6,56.9,9.3,16.7,0.0,10,0,10.4,-31.0,16.4,61,413,1.0,17.2,80,7373,4435,0,0.0,0,32,19.2,69,1634,10523,54.0,52.0,68.8,75.0,910
E14001382,Newton Aycliffe and Spennymoor,Alan Strickland,Lab,26.9,50.4,11.2,100.0,0.0,62,0,11.2,-60.5,23.4,100,419,0.9,19.5,101,654,6668,0,0.0,0,37,9.6,73,1672,9442,51.0,51.7,69.1,71.4,752
E14001383,Normanton and Hemsworth,Jon Trickett,Lab,22.2,60.0,14.8,100.0,0.0,63,0,11.3,-34.1,21.7,26,457,0.8,23.3,82,958,6252,7,50.0,53607,39,7.4,24,747,4908,47.0,49.5,68.2,69.0,1097
E14001384,North Bedfordshire,Richard Fuller,Con,24.9,43.6,8.6,100.0,0.0,65,0,8.9,-62.7,9.7,80,461,1.5,24.6,75,2117,7612,0,0.0,0,40,9.1,29,974,14029,54.0,53.9,67.9,74.0,970
E14001385,North Cornwall,Ben Maguire,LD,20.3,60.6,12.3,3.6,0.0,2,0,10.1,24.1,12.7,251,440,0.8,17.2,1106,2825,7058,0,0.0,0,36,12.2,76,3279,37207,52.0,49.6,66.3,73.9,973
E14001386,North Cotswolds,Geoffrey Clifton-Brown,Con,19.2,53.5,10.6,100.0,0.0,55,0,8.9,-21.0,9.7,161,417,1.6,21.5,138,1975,6899,0,0.0,0,37,15.9,20,970,13846,55.0,54.1,68.2,75.9,1208
E14001387,North Devon,Ian Roome,LD,17.7,58.2,12.1,15.3,0.0,9,0,10.5,-36.9,17.0,150,441,2.3,22.2,686,7284,6003,1,7.1,6270,35,14.8,70,3183,33040,54.0,52.9,69.5,74.0,930
E14001388,North Dorset,Simon Hoare,Con,22.1,53.9,9.9,100.0,0.0,52,0,9.8,-59.8,10.1,58,411,1.4,21.5,167,2028,4401,0,0.0,0,34,14.2,44,2068,26395,54.0,50.7,68.9,76.0,848
E14001389,North Durham,Luke Akehurst,Lab,26.9,55.2,10.6,96.6,0.0,57,0,10.8,-51.2,24.2,61,420,0.4,19.4,444,505,6552,0,0.0,0,37,13.7,95,1918,10982,51.0,51.6,71.1,71.0,716
E14001390,North East Cambridgeshire,Steve Barclay,Con,7.9,52.6,10.4,100.0,0.0,56,0,10.5,-64.3,16.0,18,453,3.0,26.2,22,17523,9188,3,27.3,32456,40,2.3,17,549,6005,49.0,45.5,66.0,70.0,866
E14001391,North East Derbyshire,Louise Jones,Lab,23.6,59.2,11.7,100.0,0.0,59,0,10.3,-63.2,16.6,23,410,0.5,18.6,216,803,4031,3,25.0,26812,39,16.4,51,1551,9341,50.0,52.6,70.2,74.0,652
E14001392,North East Hampshire,Alex Brewer,LD,28.9,45.7,7.0,100.0,0.0,60,0,8.5,-81.8,7.6,147,450,1.5,21.2,155,1337,4870,0,0.0,0,37,25.5,12,571,7522,56.0,53.6,66.9,77.6,984
E14001393,North East Hertfordshire,Chris Hinchliff,Lab,26.8,53.9,9.0,100.0,0.0,63,0,9.0,-37.9,13.6,67,455,1.2,19.0,54,757,10917,1,7.1,6808,40,11.8,13,537,7560,55.0,53.6,68.6,74.0,1124
E14001394,North East Somerset and Hanham,Dan Norris,Lab,25.5,53.8,8.2,100.0,0.0,59,0,9.1,-62.0,11.6,51,420,1.6,22.4,47,1740,4417,0,0.0,0,35,12.5,42,2366,23668,54.0,55.2,69.5,75.1,1131
E14001395,North Herefordshire,Ellie Chowns,Green,18.0,62.0,19.8,62.1,0.0,36,0,9.6,-52.0,10.8,72,403,1.2,24.7,510,3992,7045,0,0.0,0,36,15.9,33,1787,11728,54.0,50.6,67.7,74.0,933
E14001396,North Norfolk,Steffan Aquarone,LD,19.9,67.0,13.6,100.0,0.0,53,0,11.6,-14.3,14.9,116,383,1.7,20.8,355,5532,4555,0,0.0,0,39,13.9,25,478,6779,52.0,49.8,66.4,73.0,633
E14001397,North Northumberland,David Smith,Lab,23.2,56.9,11.1,9.1,0.0,5,0,10.9,-39.5,17.7,235,406,0.8,20.2,4906,4000,8695,0,0.0,0,35,9.5,121,4024,33115,52.0,52.6,70.2,72.4,721
E14001398,North Shropshire,Helen Morgan,LD,15.7,56.6,17.8,85.7,0.0,54,0,9.4,-42.4,13.5,125,449,1.8,21.9,76,863,7790,0,0.0,0,37,10.8,30,997,8199,52.0,51.2,69.9,73.0,880
E14001399,North Somerset,Sadik Al-Hassan,Lab,20.8,51.0,7.5,100.0,0.0,59,0,8.7,-50.4,11.2,75,416,2.0,23.2,95,12453,5227,0,0.0,0,34,19.9,17,342,2632,58.0,56.8,72.3,78.0,880
E14001400,North Warwickshire and Bedworth,Rachel Taylor,Lab,12.7,59.9,15.1,100.0,0.0,56,0,8.9,-59.9,16.2,133,414,1.1,22.5,65,1703,5047,1,9.1,6949,39,11.8,25,1050,8379,50.0,49.6,67.3,72.0,1440
E14001401,North West Cambridgeshire,Sam Carling,Lab,16.8,38.2,8.3,100.0,0.0,65,0,8.1,-42.9,15.9,102,513,3.2,31.3,97,4728,10206,2,16.7,19885,41,8.7,22,787,9648,52.0,51.8,68.2,72.9,1418
E14001402,North West Essex,Kemi Badenoch,Con,16.0,44.4,9.0,100.0,0.0,56,0,8.4,-12.0,9.8,102,467,1.0,18.1,62,1221,4961,0,0.0,0,39,10.6,27,463,3668,55.0,52.9,66.7,75.0,1216
E14001403,North West Hampshire,Kit Malthouse,Con,22.5,38.7,8.4,100.0,0.0,68,0,8.5,-40.5,13.6,79,488,2.0,23.2,78,931,3565,0,0.0,0,37,20.9,9,608,9726,54.0,52.5,67.3,75.0,1248
E14001404,North West Leicestershire,Amanda Hack,Lab,14.1,50.5,10.7,100.0,0.0,57,0,9.8,-62.1,12.8,94,448,1.1,21.1,73,1878,6787,0,0.0,0,39,14.8,56,1647,15145,51.0,50.2,68.4,74.0,3406
E14001405,North West Norfolk,James Wild,Con,11.0,60.4,12.2,100.0,0.0,62,0,10.3,-9.9,17.4,111,455,3.6,26.5,299,27988,8001,2,15.4,17762,39,10.0,15,476,2743,50.0,47.6,65.4,71.1,890
E14001406,Northampton North,Lucy Rigby,Lab,18.9,54.6,12.6,100.0,0.0,71,0,7.3,-31.5,26.5,69,569,2.1,24.0,20,2115,8623,7,41.2,56789,40,14.3,15,332,854,52.0,56.8,69.7,72.7,1672
E14001407,Northampton South,Mike Reader,Lab,19.0,41.9,7.3,100.0,0.0,66,0,7.5,-32.2,14.5,72,491,1.4,24.0,29,4627,4364,2,13.3,14408,40,16.3,9,204,549,52.0,53.0,67.3,73.1,1423
E14001408,Norwich North,Alice Macdonald,Lab,26.3,52.7,10.0,100.0,0.0,62,0,9.6,-5.8,20.8,60,437,4.6,29.4,28,216,5795,4,33.3,43063,38,19.5,2,24,44,53.0,53.8,66.6,72.0,1090
E14001409,Norwich South,Clive Lewis,Lab,31.0,47.9,11.9,100.0,0.0,61,0,8.9,-25.2,32.9,138,471,5.7,33.9,21,3929,8494,7,58.3,61450,38,21.0,19,474,1562,58.0,61.8,68.1,72.0,1161
E14001410,Nottingham East,Nadia Whittome,Lab,25.5,54.8,16.0,100.0,0.0,64,0,6.8,-56.2,42.6,153,548,1.9,30.1,21,2755,10690,11,78.6,100596,40,15.0,19,418,1192,57.0,64.3,66.4,70.0,2203
E14001411,Nottingham North and Kimberley,Alex Norris,Lab,24.9,56.0,13.4,100.0,0.0,67,0,9.1,-51.0,31.8,60,475,1.3,29.5,23,1920,6498,10,76.9,85932,40,13.0,15,288,872,50.0,53.7,65.0,70.6,2029
E14001412,Nottingham South,Lilian Greenwood,Lab,25.6,51.7,15.0,100.0,0.0,59,0,6.8,-60.7,35.1,111,487,2.2,30.1,34,11865,10184,6,50.0,47973,40,13.9,12,118,383,55.0,59.1,65.1,70.0,2103
E14001413,Nuneaton,Jodie Gosling,Lab,24.3,54.5,14.9,100.0,0.0,62,0,8.5,-49.2,19.0,31,444,1.3,25.9,30,1639,6327,5,41.7,41517,39,9.0,6,142,1200,51.0,50.7,67.8,71.0,1292
E14001414,Old Bexley and Sidcup,Louie French,Con,35.4,68.3,8.4,100.0,0.0,62,0,6.5,33.7,19.0,120,446,0.8,21.6,20,980,6330,2,16.7,16393,39,16.8,0,0,0,52.0,53.9,68.1,71.9,753
E14001415,Oldham East and Saddleworth,Debbie Abrahams,Lab,35.9,60.4,12.5,100.0,0.0,62,0,9.5,-37.9,25.5,41,477,0.5,26.1,363,1864,5710,4,26.7,35319,37,8.0,22,383,2319,51.0,51.1,66.8,69.0,860
E14001416,"Oldham West, Chadderton and Royton",Jim McMahon,Lab,35.8,54.0,12.9,100.0,0.0,66,0,9.2,-39.2,29.5,62,499,0.6,26.1,17,35,6668,9,60.0,72963,38,12.3,23,632,3659,51.0,54.7,67.3,69.0,887
E14001417,Orpington,Gareth Bacon,Con,45.5,64.3,8.6,100.0,0.0,60,0,7.3,39.8,18.7,42,433,0.7,20.3,41,278,5247,2,18.2,17505,39,23.2,1,53,224,54.0,52.0,68.1,73.0,676
E14001418,Ossett and Denby Dale,Jade Botterill,Lab,24.7,62.1,12.1,100.0,0.0,59,0,9.2,-23.7,16.0,54,410,0.6,22.1,64,2198,4414,0,0.0,0,38,12.7,54,1553,8661,50.0,50.7,70.4,70.2,953
E14001419,Oxford East,Anneliese Dodds,Lab,25.9,48.2,11.9,100.0,0.0,65,0,6.2,-25.6,30.9,116,518,10.8,39.7,15,3925,10639,5,35.7,40725,38,13.6,1,162,3199,62.0,66.8,68.4,74.0,1835
E14001420,Oxford West and Abingdon,Layla Moran,LD,22.9,47.1,8.5,100.0,0.0,57,0,6.2,-26.7,22.3,155,469,7.8,32.5,37,6873,7081,0,0.0,0,38,19.3,2,26,177,60.0,60.6,70.1,76.6,1586
E14001421,Peckham,Miatta Fahnbulleh,Lab,27.9,37.4,9.2,100.0,98.2,56,55,5.5,2.5,62.0,647,484,4.5,37.2,8,16396,18944,11,100.0,103545,40,15.4,0,0,0,61.0,73.9,68.4,74.2,2064
E14001422,Pendle and Clitheroe,Jonathan Hinder,Lab,17.2,64.2,14.7,100.0,0.0,64,0,9.9,-47.4,21.1,69,486,1.0,22.0,404,4609,6554,0,0.0,0,37,7.5,33,913,3781,51.0,50.9,67.1,70.3,868
E14001423,Penistone and Stocksbridge,Marie Tidball,Lab,26.8,57.7,11.7,100.0,0.0,58,0,9.8,-53.2,16.5,48,394,0.5,21.0,461,1584,4224,0,0.0,0,39,17.9,41,1860,12504,51.0,52.5,70.9,73.0,805
E14001424,Penrith and Solway,Markus Campbell-Savours,Lab,14.9,62.6,13.4,16.4,0.0,10,0,9.6,-11.6,15.1,137,437,1.1,24.8,5833,8243,7108,0,0.0,0,35,7.1,143,7938,60477,50.0,51.9,70.3,72.7,928
E14001425,Peterborough,Andrew Pakes,Lab,19.7,46.7,10.9,100.0,0.0,72,0,6.9,-44.8,26.1,79,571,3.8,34.6,36,3089,9388,7,53.9,76932,41,4.9,12,473,5235,51.0,53.6,65.5,68.0,1624
E14001426,Plymouth Moor View,Fred Thomas,Lab,28.6,47.1,9.9,85.7,0.0,54,0,10.8,-50.9,21.9,109,444,1.4,23.6,35,183,3619,1,8.3,10528,35,23.8,27,426,3251,50.0,51.0,67.3,71.0,876
E14001427,Plymouth Sutton and Devonport,Luke Pollard,Lab,28.6,55.1,14.6,92.3,0.0,60,0,10.0,-48.7,33.6,189,481,1.7,23.6,17,2087,8587,11,78.6,89945,35,11.4,19,802,5102,56.0,57.4,66.4,71.0,904
E14001428,"Pontefract, Castleford and Knottingley",Yvette Cooper,Lab,22.3,53.1,13.6,100.0,0.0,61,0,10.7,-31.9,23.8,84,450,0.9,23.3,27,2928,7511,7,58.3,57306,39,4.0,27,876,5070,47.0,49.5,67.3,69.0,1062
E14001429,Poole,Neil Duncan-Jordan,Lab,35.7,46.7,8.3,100.0,0.0,58,0,9.5,-54.3,18.1,64,428,3.4,32.3,27,1917,3861,1,9.1,11432,32,19.2,10,102,367,52.0,53.7,69.6,73.0,1040
E14001430,Poplar and Limehouse,Apsana Begum,Lab,18.8,16.9,5.7,100.0,100.0,75,75,5.0,-3.2,66.0,215,639,2.7,37.5,5,30256,14423,15,100.0,140092,40,10.4,4,53,61,61.0,70.3,68.2,72.0,2982
E14001431,Portsmouth North,Amanda Martin,Lab,27.7,59.5,10.7,100.0,0.0,63,0,10.0,-49.6,22.9,77,444,4.3,36.6,71,4433,5018,3,25.0,20346,33,8.3,10,127,270,51.0,51.2,66.9,72.0,1425
E14001432,Portsmouth South,Stephen Morgan,Lab,27.8,53.9,15.5,100.0,0.0,62,0,8.6,-40.8,37.0,106,474,4.9,36.6,26,7571,9851,10,71.4,84326,31,7.6,1,0,0,57.0,60.2,63.9,71.0,1402
E14001433,Preston,Mark Hendrick,Lab,21.6,50.9,13.8,100.0,0.0,70,0,8.5,-36.0,32.5,67,518,1.4,31.6,34,3836,8667,5,41.7,45330,37,14.2,35,808,2912,53.0,56.2,66.1,68.9,1521
E14001434,Putney,Fleur Anderson,Lab,42.0,43.8,6.7,100.0,17.7,62,11,5.0,14.8,44.1,549,492,5.0,30.5,24,4039,13540,8,66.7,69243,40,23.0,7,249,1282,64.0,65.2,67.5,75.0,709
E14001435,Queen's Park and Maida Vale,Georgia Gould,Lab,25.6,47.5,9.8,100.0,100.0,66,66,5.7,-9.8,59.8,1266,543,3.5,29.9,4,0,19429,11,100.0,114568,40,13.6,1,0,0,60.0,70.1,62.1,73.6,6031
E14001436,Rawmarsh and Conisbrough,John Healey,Lab,21.4,56.9,15.3,100.0,0.0,59,0,11.3,-33.0,23.8,47,418,0.6,23.1,35,1517,4824,3,25.0,21097,39,14.0,43,1186,9577,48.0,48.9,68.2,69.3,856
E14001437,Rayleigh and Wickford,Mark Francois,Con,28.7,58.2,6.7,100.0,0.0,58,0,8.5,-49.8,12.4,34,428,0.8,21.5,30,1899,19191,0,0.0,0,39,13.5,14,95,574,51.0,48.9,66.7,72.0,802
E14001438,Reading Central,Matt Rodda,Lab,30.1,52.5,10.7,100.0,0.0,66,0,6.4,-66.1,31.0,243,516,3.1,29.7,17,6127,5919,6,50.0,57990,38,14.9,1,3,40,58.0,62.3,68.4,74.4,2576
E14001439,Reading West and Mid Berkshire,Olivia Bailey,Lab,20.8,59.7,8.8,100.0,0.0,59,0,8.3,-63.7,13.4,131,421,1.5,25.7,115,2017,3911,2,15.4,18499,38,20.8,10,626,8954,55.0,55.0,68.2,74.3,1784
E14001440,Redcar,Anna Turley,Lab,18.1,56.3,10.7,100.0,0.0,62,0,11.1,-37.7,26.9,57,412,1.1,24.4,205,2893,12279,4,33.3,32444,39,8.4,25,351,1319,49.0,51.3,66.6,70.1,973
E14001441,Redditch,Chris Bloore,Lab,26.5,50.7,13.2,100.0,0.0,65,0,9.1,-44.2,16.3,77,436,1.0,24.2,51,1034,7957,1,7.1,7015,37,14.5,13,395,3598,51.0,51.1,68.0,71.1,1014
E14001442,Reigate,Rebecca Paul,Con,29.0,50.7,7.5,100.0,0.0,66,0,7.4,-23.4,13.4,56,484,1.1,20.4,126,1348,5716,0,0.0,0,38,27.0,5,105,1294,57.0,55.1,68.1,76.0,1236
E14001443,Ribble Valley,Maya Ellis,Lab,14.2,53.7,9.5,96.8,0.0,60,0,9.1,-17.8,11.3,106,446,1.3,26.8,1095,3133,7535,0,0.0,0,37,11.1,52,2792,20545,53.0,53.3,69.1,74.0,1189
E14001444,Richmond and Northallerton,Rishi Sunak,Con,15.3,63.5,14.8,69.4,0.0,43,0,9.1,-36.4,12.8,96,413,1.4,22.1,6696,5316,8409,0,0.0,0,39,5.9,102,3984,27660,53.0,51.8,66.8,73.0,884
E14001445,Richmond Park,Sarah Olney,LD,41.1,58.7,7.7,100.0,0.0,68,0,4.9,19.5,28.1,720,491,4.5,27.1,132,11305,13345,1,7.7,8359,40,25.9,5,15,36,64.0,60.6,70.4,76.0,849
E14001446,Rochdale,Paul Waugh,Lab,28.5,50.0,13.9,100.0,0.0,59,0,9.5,-43.8,27.1,29,459,0.6,25.6,254,3098,4949,2,16.7,21936,37,4.6,32,837,3266,52.0,52.2,69.3,68.0,748
E14001447,Rochester and Strood,Lauren Edwards,Lab,35.3,45.6,9.7,100.0,0.0,59,0,7.9,-31.7,17.5,77,460,0.8,18.5,94,7677,7388,4,28.6,32123,39,9.7,15,154,259,51.0,51.2,69.0,72.0,1030
E14001448,Romford,Andrew Rosindell,Con,30.7,60.4,8.6,100.0,0.0,63,0,6.6,25.9,22.7,63,482,0.7,22.6,31,1753,8256,4,33.3,41842,40,14.4,0,0,0,51.0,50.7,66.5,70.0,695
E14001449,Romsey and Southampton North,Caroline Nokes,Con,22.1,56.7,10.8,100.0,0.0,61,0,7.7,-30.3,12.6,63,446,2.1,25.1,96,2164,4090,0,0.0,0,35,20.3,19,848,14293,56.0,53.7,67.6,75.9,1026
E14001450,Rossendale and Darwen,Andy MacNae,Lab,25.6,62.1,13.4,100.0,0.0,63,0,10.8,-63.4,19.4,62,447,0.5,19.6,597,5290,5604,0,0.0,0,36,7.4,70,1386,6296,52.0,51.2,68.6,71.9,804
E14001451,Rother Valley,Jake Richards,Lab,22.1,59.5,12.7,100.0,0.0,60,0,11.4,-63.3,17.7,68,407,0.5,21.5,60,313,4458,1,10.0,9514,39,12.0,28,918,7132,48.0,51.2,67.2,71.0,864
E14001452,Rotherham,Sarah Champion,Lab,22.1,51.7,16.0,100.0,0.0,69,0,10.1,-55.6,28.2,105,479,0.5,21.5,40,1848,6059,7,50.0,51218,39,16.1,42,1330,6061,48.0,48.1,65.5,67.4,994
E14001453,Rugby,John Slinger,Lab,8.4,48.1,13.3,100.0,0.0,64,0,7.5,-52.1,15.2,156,485,2.2,25.0,43,857,6601,1,7.7,7274,39,7.3,21,527,3994,53.0,55.1,70.5,72.0,1176
E14001454,"Ruislip, Northwood and Pinner",David Simmonds,Con,28.3,62.0,7.4,100.0,0.0,61,0,6.9,30.1,17.2,37,435,0.7,25.2,24,2152,9680,1,7.1,8548,40,25.6,1,0,0,56.0,55.7,68.7,73.5,1164
E14001455,Runcorn and Helsby,Sarah Joanne Pochin,RUK,16.1,49.9,10.3,100.0,0.0,62,0,10.8,-52.9,20.3,50,419,1.2,25.8,61,1723,5424,2,18.2,17185,37,11.2,30,883,5036,53.0,55.2,69.2,73.2,1337
E14001456,Runnymede and Weybridge,Ben Spencer,Con,24.8,52.3,8.1,100.0,0.0,64,0,6.4,-48.4,12.6,225,468,1.9,25.3,65,14926,6955,0,0.0,0,39,27.8,5,278,4025,56.0,55.0,68.1,76.4,1671
E14001457,Rushcliffe,James Naish,Lab,20.6,53.3,9.3,100.0,0.0,59,0,7.8,-67.3,13.8,79,450,2.3,23.9,51,10631,8693,0,0.0,0,40,9.1,24,916,10399,58.0,58.9,71.7,77.0,1052
E14001458,Rutland and Stamford,Alicia Kearns,Con,9.8,55.5,11.1,100.0,0.0,56,0,9.2,-58.2,11.0,87,418,1.8,22.0,262,1859,5772,0,0.0,0,40,9.7,53,2276,27165,52.0,52.4,68.7,74.6,1093
E14001459,Salford,Rebecca Long-Bailey,Lab,22.8,27.1,11.2,100.0,8.5,71,6,7.4,-5.7,41.4,140,555,1.6,30.8,23,20341,14798,12,75.0,96947,38,12.4,36,989,2176,54.0,60.5,65.0,69.5,1635
E14001460,Salisbury,John Glen,Con,20.5,53.8,10.0,100.0,0.0,57,0,9.3,-41.1,15.3,75,408,2.2,21.5,369,5534,4358,0,0.0,0,35,18.3,22,1924,27935,55.0,55.4,69.7,75.7,926
E14001461,Scarborough and Whitby,Alison Hume,Lab,15.2,62.8,17.1,70.5,0.0,43,0,11.2,-32.8,26.7,169,429,1.4,22.1,2574,2348,6741,5,38.5,36565,38,16.7,61,1572,9982,50.0,49.2,68.9,71.0,1187
E14001462,Scunthorpe,Nicholas Dakin,Lab,3.5,57.4,14.5,100.0,0.0,66,0,9.5,-46.4,21.8,66,465,3.1,27.9,65,4751,6253,7,46.7,50278,40,7.9,43,1026,9509,49.0,51.2,69.2,69.3,1358
E14001463,Sefton Central,Bill Esterson,Lab,28.0,60.2,8.5,100.0,0.0,62,0,8.6,-41.6,16.3,27,403,1.2,30.5,97,1339,19558,0,0.0,0,37,11.2,12,566,2349,56.0,59.9,72.4,76.6,559
E14001464,Selby,Keir Mather,Lab,16.8,52.1,10.8,100.0,0.0,60,0,10.0,-39.1,13.3,27,453,1.5,22.7,85,23680,5769,0,0.0,0,39,8.2,41,1114,10392,52.0,51.2,67.2,73.0,1627
E14001465,Sevenoaks,Laura Trott,Con,22.3,60.6,9.5,100.0,0.0,62,0,7.5,-45.9,11.9,99,439,0.6,14.8,138,1525,3935,1,8.3,9915,39,27.1,1,0,0,53.0,51.5,67.6,74.9,972
E14001466,Sheffield Brightside and Hillsborough,Gill Furniss,Lab,29.1,56.1,17.4,100.0,0.0,67,0,10.3,-42.6,35.2,53,488,0.7,21.6,26,2266,6367,9,69.2,70019,40,15.2,34,715,2103,50.0,61.0,65.5,68.1,1002
E14001467,Sheffield Central,Abtisam Mohamed,Lab,29.0,42.8,18.5,100.0,0.0,52,0,5.9,-50.3,41.9,177,411,1.7,21.6,8,13293,11957,5,50.0,47265,40,14.0,17,336,693,62.0,70.4,68.4,72.0,781
E14001468,Sheffield Hallam,Olivia Blake,Lab,29.1,65.4,11.4,100.0,0.0,56,0,7.9,-45.6,16.1,16,410,1.6,21.6,1083,999,5850,0,0.0,0,39,13.6,17,530,1833,62.0,66.0,72.9,76.8,826
E14001469,Sheffield Heeley,Louise Haigh,Lab,29.0,51.0,13.7,100.0,0.0,66,0,10.4,-44.3,33.5,28,459,1.2,21.6,40,535,4949,9,64.3,69487,40,19.3,15,364,799,53.0,62.5,68.8,72.0,988
E14001470,Sheffield South East,Clive Betts,Lab,29.2,54.7,12.8,100.0,0.0,66,0,10.7,-45.9,26.0,89,475,0.5,21.6,35,1648,4519,5,33.3,40940,40,16.9,64,1011,2887,49.0,59.4,65.5,70.2,958
E14001471,Sherwood Forest,Michelle Welsh,Lab,22.2,48.9,11.3,100.0,0.0,63,0,9.7,-50.7,16.4,99,460,1.0,24.4,225,2009,5367,1,9.1,9301,40,22.5,21,414,1624,50.0,50.0,67.8,72.1,1145
E14001472,Shipley,Anna Dixon,Lab,33.0,61.4,11.9,100.0,0.0,59,0,9.8,-19.6,21.0,84,432,0.7,21.8,175,1605,6089,2,16.7,15229,38,7.4,51,1563,8453,55.0,55.8,70.0,73.0,823
E14001473,Shrewsbury,Julia Buckley,Lab,15.7,50.2,15.3,90.2,0.0,55,0,9.5,-50.1,17.3,113,446,3.3,21.9,47,3692,7290,0,0.0,0,37,11.0,57,1658,8704,55.0,54.8,68.6,73.0,852
E14001474,Sittingbourne and Sheppey,Kevin McKenna,Lab,15.1,50.9,11.2,100.0,0.0,67,0,8.6,-36.8,17.2,56,500,1.4,21.8,31,15058,9990,1,8.3,8821,39,5.7,17,99,216,49.0,47.3,64.6,71.0,1033
E14001475,Skipton and Ripon,Julian Smith,Con,15.3,64.1,14.9,69.5,0.0,41,0,9.8,-51.7,13.3,146,438,1.2,22.1,7939,8471,10147,0,0.0,0,39,6.7,114,5762,46417,54.0,52.8,68.9,75.0,1257
E14001476,Sleaford and North Hykeham,Caroline Johnson,Con,15.9,51.8,10.0,100.0,0.0,55,0,9.4,-22.1,11.6,36,428,2.5,24.5,62,4400,6331,0,0.0,0,40,5.2,24,892,10778,50.0,47.7,65.8,74.0,892
E14001477,Slough,Tan Dhesi,Lab,17.0,45.8,9.8,100.0,0.0,71,0,6.5,-59.4,20.7,105,603,1.6,30.7,14,4381,8829,8,66.7,87894,39,12.2,1,70,1221,55.0,62.2,66.9,71.0,2248
E14001478,Smethwick,Gurinder Josan,Lab,27.4,66.0,20.8,100.0,1.6,64,1,7.9,-27.9,30.7,30,507,0.9,28.2,15,661,5738,9,75.0,81690,38,12.0,24,404,885,52.0,58.3,63.6,68.3,1198
E14001479,Solihull West and Shirley,Neil Shastri-Hurst,Con,24.1,58.1,10.7,100.0,0.0,57,0,7.9,-34.1,13.9,144,414,1.0,25.6,27,1082,6872,0,0.0,0,38,19.5,5,53,150,54.0,54.6,68.5,74.5,1542
E14001480,South Basildon and East Thurrock,James McMurdock,RUK,18.4,54.4,8.4,100.0,0.0,64,0,8.9,-30.2,17.7,32,450,1.0,21.5,223,3219,23199,3,23.1,26360,39,8.6,5,118,841,48.0,49.3,67.3,69.0,1144
E14001481,South Cambridgeshire,Pippa Heylings,LD,17.0,53.4,9.3,100.0,0.0,65,0,8.2,-28.6,13.4,136,466,7.1,27.8,60,1344,9395,0,0.0,0,40,7.8,19,1117,17284,59.0,57.1,69.7,77.1,1664
E14001482,South Cotswolds,Roz Savage,LD,20.6,55.1,10.6,100.0,0.0,57,0,8.9,-34.2,10.4,229,417,1.6,20.9,65,3842,5622,0,0.0,0,38,12.1,49,3085,40415,55.0,54.4,69.7,76.0,1154
E14001483,South Derbyshire,Samantha Niblett,Lab,18.3,44.2,10.3,100.0,0.0,54,0,9.4,-62.0,11.5,67,430,1.1,20.2,43,1543,5514,0,0.0,0,39,12.5,42,1207,10614,51.0,51.8,68.6,73.0,658
E14001484,South Devon,Caroline Voaden,LD,21.8,64.8,11.4,9.1,0.0,5,0,10.1,-41.2,15.1,106,402,0.8,16.2,425,4832,5486,0,0.0,0,31,14.0,80,4064,44635,54.0,53.1,69.9,76.0,833
E14001485,South Dorset,Lloyd Hatton,Lab,22.0,53.8,10.8,91.4,0.0,53,0,11.7,-51.3,18.9,108,434,2.0,21.5,433,4165,7339,0,0.0,0,32,14.9,49,766,3680,53.0,50.8,69.0,73.2,911
E14001486,South East Cornwall,Anna Gelderd,Lab,20.3,62.9,11.6,7.1,0.0,4,0,11.5,-50.0,14.2,107,405,1.0,17.2,433,2903,4201,0,0.0,0,34,17.1,70,3459,38409,53.0,51.5,70.6,75.0,990
E14001487,South Holland and The Deepings,John Hayes,Con,17.2,57.5,10.8,100.0,0.0,60,0,9.4,-31.7,12.6,52,490,2.6,27.9,19,48838,7097,1,7.7,9985,40,2.2,8,311,3761,47.0,44.8,66.0,73.0,1113
E14001488,South Leicestershire,Alberto Costa,Con,18.7,52.0,8.3,100.0,0.0,54,0,8.8,-59.7,9.8,84,455,1.7,24.6,25,1106,6976,0,0.0,0,39,8.4,60,1338,9233,52.0,49.3,70.0,74.1,2041
E14001489,South Norfolk,Ben Goldsborough,Lab,17.2,43.5,9.8,100.0,0.0,57,0,8.8,-9.4,9.8,122,416,2.0,20.6,63,1077,4274,0,0.0,0,38,12.1,14,263,3724,54.0,53.7,69.0,73.6,755
E14001490,South Northamptonshire,Sarah Bool,Con,19.2,49.1,9.9,100.0,0.0,55,0,8.6,-59.4,8.6,114,450,0.8,24.0,151,921,5327,0,0.0,0,40,10.6,71,2902,30374,52.0,53.3,68.0,74.9,1226
E14001491,South Ribble,Paul Foster,Lab,22.4,53.6,9.0,100.0,0.0,58,0,9.1,-9.5,13.4,87,421,1.8,27.4,31,3454,7897,0,0.0,0,37,9.2,34,1395,8279,52.0,52.7,70.9,73.2,918
E14001492,South Shields,Emma Lewell-Buck,Lab,38.8,54.5,10.3,100.0,0.0,64,0,10.9,-8.4,33.2,124,393,1.2,28.4,39,94,5568,0,0.0,0,36,6.2,12,442,1859,50.0,51.5,66.2,70.0,555
E14001493,South Shropshire,Stuart Anderson,Con,15.7,67.9,20.3,62.1,0.0,36,0,9.2,-51.8,11.4,176,421,0.7,21.9,1073,2198,5832,0,0.0,0,36,14.9,50,2087,18502,53.0,50.2,70.4,73.9,838
E14001494,South Suffolk,James Cartlidge,Con,24.0,54.7,11.4,100.0,0.0,55,0,9.7,-19.4,11.7,154,414,1.3,20.2,56,1420,8630,0,0.0,0,38,11.7,27,537,3950,54.0,51.1,67.8,74.0,710
E14001495,South West Devon,Rebecca Smith,Con,22.0,53.8,8.4,25.0,0.0,15,0,9.9,-32.1,11.5,68,430,1.4,20.4,1254,1941,3438,0,0.0,0,35,15.4,54,2783,29290,53.0,51.7,68.8,75.0,957
E14001496,South West Hertfordshire,Gagan Mohindra,Con,23.6,54.4,7.9,100.0,0.0,58,0,7.4,-34.3,12.4,106,437,0.9,20.0,71,1313,6881,0,0.0,0,39,21.2,1,124,1916,55.0,52.8,67.5,73.4,1197
E14001497,South West Norfolk,Terry Jermy,Lab,12.9,58.8,12.4,100.0,0.0,60,0,10.3,-28.7,13.2,75,460,1.9,23.4,553,7504,5051,0,0.0,0,39,16.3,17,640,9881,50.0,46.2,66.2,72.0,860
E14001498,South West Wiltshire,Andrew Murrison,Con,20.5,50.2,9.1,100.0,0.0,59,0,9.1,-60.4,15.1,90,428,1.9,21.5,144,1661,6279,1,6.7,6862,35,13.5,32,890,5433,53.0,51.1,65.9,73.2,942
E14001499,Southampton Itchen,Darren Paffey,Lab,29.6,49.8,10.3,100.0,0.0,68,0,8.3,-35.1,26.2,69,490,2.2,30.5,26,976,4833,8,53.3,59833,34,18.3,2,1,0,53.0,55.1,64.4,71.0,1016
E14001500,Southampton Test,Satvir Kaur,Lab,29.8,53.5,12.6,100.0,0.0,66,0,8.3,-28.2,29.6,44,490,3.6,30.5,18,1943,5480,11,78.6,88000,34,17.3,6,138,1094,56.0,59.4,70.5,72.0,986
E14001501,Southend East and Rochford,Bayo Alaba,Lab,40.3,59.8,11.1,100.0,0.0,58,0,8.9,-54.7,26.9,30,435,1.7,27.3,461,4504,8518,4,40.0,46936,37,3.7,8,109,953,50.0,52.8,68.3,70.1,650
E14001502,Southend West and Leigh,David Burton-Sampson,Lab,42.6,72.8,10.5,100.0,0.0,63,0,8.5,-54.7,20.3,27,453,1.9,29.3,19,1076,5787,4,40.0,43416,37,10.0,8,33,28,52.0,53.9,69.3,72.7,693
E14001503,Southgate and Wood Green,Bambos Charalambous,Lab,33.2,57.5,11.5,100.0,0.0,72,0,5.4,2.7,38.5,130,558,1.2,26.1,29,1798,13866,12,75.0,101264,40,22.4,1,35,93,62.0,63.8,70.2,74.3,778
E14001504,Southport,Patrick Hurley,Lab,23.8,61.3,11.9,100.0,0.0,65,0,9.7,-50.4,21.8,62,432,2.3,29.1,34,10878,20257,3,25.0,25888,37,5.3,12,317,1893,53.0,52.3,67.9,73.8,632
E14001505,Spelthorne,Lincoln Jopp,Con,30.4,54.4,7.7,100.0,4.9,61,3,6.8,-36.5,14.7,89,456,1.9,30.1,31,20845,5682,2,15.4,15253,40,10.1,0,0,0,53.0,52.6,64.8,74.0,966
E14001506,Spen Valley,Kim Leadbeater,Lab,30.9,58.1,13.0,100.0,0.0,60,0,10.2,-13.5,19.2,59,427,0.7,19.7,28,2354,4821,3,23.1,26492,39,3.9,26,423,1404,51.0,51.6,66.7,69.4,785
E14001507,St Albans,Daisy Cooper,LD,23.1,50.9,7.2,100.0,0.0,58,0,7.3,-29.4,14.2,69,438,1.3,19.1,43,581,5473,1,7.7,9051,39,15.3,0,0,0,61.0,59.6,69.4,77.0,1091
E14001508,St Austell and Newquay,Noah Law,Lab,20.4,55.1,11.7,30.0,0.0,18,0,10.1,-24.7,14.9,157,440,0.8,17.2,139,2854,6420,0,0.0,0,33,14.5,32,1345,11435,52.0,50.8,67.1,73.0,1025
E14001509,St Helens North,David Baines,Lab,18.9,56.9,11.7,100.0,0.0,66,0,11.3,-54.4,21.9,34,441,0.9,27.3,48,495,5948,2,15.4,13136,38,13.4,25,726,3526,52.0,55.1,68.9,72.0,686
E14001510,St Helens South and Whiston,Marie Rimmer,Lab,19.2,49.6,12.3,100.0,0.0,63,0,10.8,-47.5,25.1,59,420,0.8,27.3,35,653,6401,3,25.0,22472,38,9.3,11,182,267,52.0,55.1,68.1,72.0,679
E14001511,St Ives,Andrew George,LD,20.4,68.4,13.4,11.5,0.0,6,0,9.8,-33.0,18.0,113,393,1.6,17.8,786,4728,6739,0,0.0,0,31,9.3,31,1145,10319,54.0,53.1,69.0,74.0,902
E14001512,St Neots and Mid Cambridgeshire,Ian Sollom,LD,14.1,34.7,7.1,100.0,0.0,64,0,8.0,-47.4,11.9,119,474,4.4,23.4,33,6353,11434,0,0.0,0,40,7.1,16,561,7300,57.0,56.2,68.2,75.3,1494
E14001513,Stafford,Leigh Ingham,Lab,16.2,55.3,15.4,100.0,0.0,56,0,8.6,-55.5,16.4,64,421,2.2,25.4,50,714,5811,2,16.7,17178,37,12.2,17,427,3126,54.0,53.7,67.7,72.7,849
E14001514,Staffordshire Moorlands,Karen Bradley,Con,11.2,70.5,17.3,100.0,0.0,52,0,10.0,-78.4,13.5,50,375,0.6,16.9,488,890,4424,0,0.0,0,37,13.9,38,1485,8626,51.0,50.4,68.5,73.3,563
E14001515,Stalybridge and Hyde,Jonathan Reynolds,Lab,34.8,50.8,11.2,100.0,0.0,57,0,10.9,-45.5,23.5,15,431,0.7,27.2,169,1895,7560,5,38.5,43759,38,13.2,51,1272,5776,51.0,55.3,69.0,71.0,731
E14001516,Stevenage,Kevin Bonavia,Lab,20.7,45.4,7.8,100.0,0.0,60,0,8.2,-36.4,19.1,141,440,1.6,24.3,41,524,5930,2,15.4,16853,39,13.4,1,25,86,53.0,54.6,67.4,72.0,1198
E14001517,Stockport,Navendu Mishra,Lab,34.8,61.1,12.2,100.0,0.0,65,0,10.0,-33.2,26.9,99,466,1.6,28.8,35,923,7838,6,42.9,44352,38,12.2,32,781,2024,53.0,59.0,66.6,74.2,2521
E14001518,Stockton North,Chris McDonald,Lab,11.7,51.2,10.9,100.0,0.0,63,0,11.1,-52.9,28.2,138,446,1.3,29.8,194,1370,8379,0,0.0,0,38,9.7,31,811,3829,49.0,52.3,67.7,69.2,1113
E14001519,Stockton West,Matt Vickers,Con,13.0,50.2,6.5,100.0,0.0,56,0,9.3,-36.9,11.6,21,407,1.0,29.7,51,1499,6500,0,0.0,0,38,8.7,51,1225,8203,52.0,54.3,68.4,71.9,1006
E14001520,Stoke-on-Trent Central,Gareth Snell,Lab,25.3,61.0,23.7,100.0,0.0,71,0,9.2,-73.4,31.3,117,494,1.0,26.4,66,2739,9548,8,61.5,72472,37,15.1,52,655,1458,50.0,51.3,65.9,68.9,1224
E14001521,Stoke-on-Trent North,David Williams,Lab,23.6,59.8,19.7,100.0,0.0,64,0,10.1,-78.1,24.1,17,447,0.7,25.8,64,242,8824,7,53.9,56232,37,13.4,17,429,1438,49.0,50.1,69.4,68.2,967
E14001522,Stoke-on-Trent South,Allison Gardner,Lab,20.3,60.9,16.9,100.0,0.0,62,0,9.8,-75.3,18.1,57,419,0.8,25.3,42,1232,6101,5,38.5,35757,37,17.5,39,478,2038,50.0,49.6,67.4,70.7,968
E14001523,"Stone, Great Wyrley and Penkridge",Gavin Williamson,Con,16.1,55.1,13.6,100.0,0.0,54,0,8.9,-68.6,12.0,108,412,0.8,22.8,165,867,6309,0,0.0,0,37,13.5,31,889,5442,52.0,55.1,66.9,72.7,713
E14001524,Stourbridge,Cat Eccles,Lab,34.0,60.3,16.0,100.0,0.0,60,0,9.7,-31.9,20.6,141,417,0.8,24.0,21,356,6338,5,35.7,39117,38,13.2,24,203,211,50.0,52.9,67.9,72.3,754
E14001525,Stratford and Bow,Uma Kumaran,Lab,23.2,30.7,9.8,100.0,95.7,69,66,5.4,13.1,60.4,141,580,2.9,30.7,12,7279,13354,14,100.0,129580,40,12.2,2,7,8,59.0,70.8,71.7,69.7,1672
E14001526,Stratford-on-Avon,Manuela Perteghella,LD,17.8,48.8,14.9,100.0,0.0,53,0,8.4,-48.1,12.1,137,429,1.6,19.7,51,4441,10682,0,0.0,0,39,11.6,48,2184,25708,55.0,53.1,68.7,76.0,934
E14001527,Streatham and Croydon North,Steve Reed,Lab,39.1,59.5,10.2,100.0,3.1,65,2,5.7,16.7,43.3,192,523,2.8,28.4,11,1983,9718,10,76.9,92244,40,15.9,1,12,15,61.0,69.0,70.9,74.6,907
E14001528,Stretford and Urmston,Andrew Western,Lab,20.8,58.7,10.9,100.0,0.0,61,0,10.2,-19.1,23.8,155,453,2.6,32.3,20,1623,6277,3,25.0,27321,38,10.1,43,1267,4370,56.0,60.7,70.5,73.0,1935
E14001529,Stroud,Simon Opher,Lab,19.8,56.4,10.0,100.0,0.0,58,0,9.6,-27.9,12.9,140,427,1.5,18.0,81,2485,4865,0,0.0,0,36,16.1,27,730,6373,56.0,57.8,71.2,76.9,1399
E14001530,Suffolk Coastal,Jenny Riddell-Carpenter,Lab,24.5,57.3,11.2,100.0,0.0,54,0,9.9,-35.2,14.0,132,411,3.1,27.2,518,5970,7389,0,0.0,0,36,15.3,23,645,1853,53.0,52.7,70.0,74.0,898
E14001531,Sunderland Central,Lewis Atkinson,Lab,29.4,60.8,12.8,100.0,0.0,64,0,9.7,-36.3,34.0,228,440,0.8,26.4,45,209,5669,0,0.0,0,36,7.8,12,337,1165,52.0,52.5,68.4,69.0,1226
E14001532,Surrey Heath,Al Pinkerton,LD,26.1,53.9,7.0,100.0,0.0,59,0,7.2,-61.7,9.7,101,435,1.4,20.9,145,2074,4362,0,0.0,0,38,36.2,4,119,1146,56.0,53.2,65.9,76.9,1313
E14001533,Sussex Weald,Nus Ghani,Con,35.9,53.0,10.4,100.0,0.0,56,0,9.0,-17.9,10.2,65,409,0.6,16.3,88,508,3701,0,0.0,0,38,29.9,54,2384,26141,54.0,50.4,66.3,75.8,637
E14001534,Sutton and Cheam,Luke Taylor,LD,37.7,55.7,7.7,100.0,0.0,61,0,6.6,14.2,23.5,110,463,1.5,25.9,15,674,9200,3,27.3,29366,39,14.9,0,0,0,56.0,57.5,69.1,75.0,804
E14001535,Sutton Coldfield,Andrew Mitchell,Con,28.5,64.6,10.6,100.0,0.0,60,0,7.7,-35.8,15.2,61,426,0.6,27.6,111,235,4535,1,7.7,9717,38,21.8,8,141,1096,55.0,55.1,67.7,75.0,986
E14001536,Swindon North,Will Stone,Lab,25.8,38.8,7.3,100.0,0.0,65,0,9.0,-22.8,16.3,69,473,2.9,31.8,31,1178,4635,2,16.7,13425,37,10.7,7,284,4035,51.0,52.9,69.1,72.0,1471
E14001537,Swindon South,Heidi Alexander,Lab,25.9,47.5,8.2,100.0,0.0,67,0,8.3,-28.0,23.2,84,501,3.3,31.8,29,1140,5966,4,28.6,34955,37,16.6,2,72,879,53.0,52.3,66.4,71.1,1563
E14001538,Tamworth,Sarah Edwards,Lab,29.1,53.7,13.1,100.0,0.0,64,0,8.9,-35.0,16.4,43,445,1.3,23.3,30,3700,5658,2,15.4,15309,39,8.1,20,357,1497,50.0,53.1,68.6,70.1,887
E14001539,Tatton,Esther McVey,Con,17.6,57.1,9.3,100.0,0.0,57,0,8.1,-54.1,11.2,118,436,1.1,25.0,106,567,6245,0,0.0,0,38,12.9,51,1945,11949,54.0,55.7,70.8,75.7,1127
E14001540,Taunton and Wellington,Gideon Amos,LD,16.7,48.1,9.2,96.8,0.0,60,0,9.1,-75.2,16.7,71,481,4.9,24.0,30,5855,8857,3,25.0,23961,34,14.6,43,1111,9650,54.0,53.2,68.4,75.0,1437
E14001541,Telford,Shaun Davies,Lab,22.9,37.5,14.7,100.0,0.0,66,0,8.9,-35.8,20.8,48,469,1.4,25.1,43,244,7039,3,23.1,21325,37,27.0,16,279,1106,50.0,47.9,67.4,70.0,1311
E14001542,Tewkesbury,Cameron Thomas,LD,19.2,47.6,7.8,100.0,0.0,58,0,9.4,-10.2,12.6,93,431,3.6,29.5,116,2912,9237,0,0.0,0,37,11.2,22,1200,11123,55.0,53.8,67.5,75.0,1317
E14001543,The Wrekin,Mark Pritchard,Con,20.5,48.2,15.0,100.0,0.0,65,0,8.6,-40.9,14.6,61,486,1.6,24.3,52,532,6564,2,14.3,14890,37,11.2,30,751,3672,52.0,51.0,69.6,72.1,1163
E14001544,Thirsk and Malton,Kevin Hollinrake,Con,15.3,59.0,15.8,70.9,0.0,39,0,10.0,-31.6,13.1,177,430,2.1,22.1,2788,6551,8089,0,0.0,0,39,14.2,124,4504,42038,52.0,51.2,69.2,73.9,1051
E14001545,Thornbury and Yate,Claire Young,LD,18.9,50.7,8.0,100.0,0.0,56,0,9.3,-62.9,9.5,68,439,2.0,25.0,104,4684,7800,0,0.0,0,36,11.5,31,2036,28360,55.0,53.8,69.9,75.8,1218
E14001546,Thurrock,Jen Craft,Lab,17.1,50.3,8.3,100.0,0.0,66,0,7.1,-31.0,18.7,143,532,1.1,21.1,34,12524,26056,6,46.2,59062,39,9.8,1,0,0,49.0,51.8,68.5,69.0,1173
E14001547,Tipton and Wednesbury,Antonia Bance,Lab,28.1,51.5,18.0,100.0,0.0,65,0,8.7,-27.5,28.9,56,501,1.1,27.8,16,1529,7747,12,100.0,107530,38,10.1,19,131,366,48.0,51.5,61.5,67.6,1168
E14001548,Tiverton and Minehead,Rachel Gilmour,LD,14.3,62.6,12.4,19.2,0.0,10,0,9.6,-49.4,13.8,75,405,1.6,21.4,1654,8261,6917,0,0.0,0,33,17.1,87,3626,36115,52.0,51.7,69.2,74.2,1063
E14001549,Tonbridge,Tom Tugendhat,Con,21.1,59.0,10.1,100.0,0.0,58,0,8.0,-20.9,12.7,73,429,0.9,16.9,54,5829,5833,0,0.0,0,38,22.5,24,794,7113,54.0,51.4,68.5,74.9,1356
E14001550,Tooting,Rosena Allin-Khan,Lab,42.3,55.5,8.2,100.0,0.0,63,0,5.4,26.4,45.1,541,470,4.9,30.5,18,4702,13178,10,76.9,77677,40,13.0,2,31,119,65.0,68.3,69.4,76.0,709
E14001551,Torbay,Steve Darling,LD,36.2,62.1,12.0,40.9,0.0,27,0,10.6,-46.6,25.0,49,457,0.9,20.2,38,2742,4924,0,0.0,0,30,21.1,16,247,1450,52.0,49.4,67.6,72.0,651
E14001552,Torridge and Tavistock,Geoffrey Cox,Con,13.0,61.0,12.2,1.9,0.0,1,0,10.5,-37.0,13.4,103,425,0.8,15.7,2720,3570,5106,0,0.0,0,34,15.8,95,6841,68842,53.0,50.2,68.3,75.0,692
E14001553,Tottenham,David Lammy,Lab,42.3,45.5,12.5,100.0,53.4,73,39,5.3,-15.3,60.5,174,606,3.0,28.8,7,11512,25232,17,100.0,136100,40,13.3,2,3,4,60.0,72.4,70.0,71.8,802
E14001554,Truro and Falmouth,Jayne Kirkham,Lab,20.3,58.1,12.0,49.1,0.0,27,0,9.1,-41.4,16.2,81,422,1.2,17.2,65,2540,5476,0,0.0,0,32,15.9,50,1518,18977,56.0,57.1,70.5,74.9,973
E14001555,Tunbridge Wells,Mike Martin,LD,36.0,56.7,10.4,100.0,0.0,63,0,7.7,-30.6,15.9,87,467,0.8,18.6,93,2952,6407,1,7.7,9098,38,29.0,33,1336,11907,56.0,54.0,69.6,75.0,992
E14001556,Twickenham,Munira Wilson,LD,43.4,59.5,7.3,100.0,0.0,62,0,6.1,33.6,23.4,683,472,4.2,27.4,73,6907,8020,0,0.0,0,40,15.6,1,0,0,63.0,61.0,71.0,78.0,801
E14001557,Tynemouth,Alan Campbell,Lab,32.7,55.0,8.5,100.0,0.0,62,0,9.7,-47.6,26.8,50,420,1.6,29.9,27,224,5836,0,0.0,0,35,7.0,18,201,1209,54.0,56.3,71.1,73.8,883
E14001558,Uxbridge and South Ruislip,Danny Beales,Lab,21.8,55.1,8.4,100.0,0.0,65,0,6.4,9.3,21.6,92,527,1.1,26.9,29,3220,14737,4,33.3,42305,40,16.2,2,3,9,55.0,55.8,66.8,70.5,1620
E14001559,Vauxhall and Camberwell Green,Florence Eshalomi,Lab,34.0,36.9,7.7,100.0,100.0,62,62,5.1,-1.8,68.0,334,463,5.7,34.2,5,20391,19955,10,100.0,95176,40,14.7,1,67,787,62.0,72.7,70.5,75.6,1326
E14001560,Wakefield and Rothwell,Simon Lightwood,Lab,22.8,55.0,13.0,100.0,0.0,63,0,9.5,-15.3,25.1,69,472,0.8,23.5,35,5158,9559,5,35.7,46560,39,12.9,33,817,3806,50.0,53.3,68.6,71.2,1208
E14001561,Wallasey,Angela Eagle,Lab,35.0,62.7,13.5,100.0,0.0,63,0,10.9,-26.2,27.0,46,424,1.1,27.1,28,5014,6702,6,46.2,45043,36,7.9,23,477,1828,55.0,59.2,70.8,73.2,570
E14001562,Walsall and Bloxwich,Valerie Vaz,Lab,31.2,56.0,20.8,100.0,0.0,67,0,8.6,-38.9,31.6,49,521,0.9,28.4,25,649,7641,13,86.7,102380,38,13.6,32,386,1142,49.0,52.7,66.9,68.0,854
E14001563,Walthamstow,Stella Creasy,Lab,41.6,52.4,12.7,100.0,10.0,60,6,5.8,13.9,47.9,552,536,2.2,25.2,8,5884,13072,9,81.8,98590,40,12.6,2,29,158,61.0,71.5,69.5,72.0,606
E14001564,Warrington North,Charlotte Nichols,Lab,19.5,50.3,9.5,100.0,0.0,62,0,9.3,-52.1,19.9,66,422,1.9,29.8,50,6774,9468,2,16.7,20498,38,8.1,14,382,3566,52.0,54.3,69.5,73.0,1927
E14001565,Warrington South,Sarah Hall,Lab,19.4,46.8,8.6,100.0,0.0,63,0,8.1,-53.1,16.1,131,452,1.7,29.8,27,6475,7395,0,0.0,0,38,7.2,24,679,3354,55.0,56.4,70.0,74.0,1958
E14001566,Warwick and Leamington,Matt Western,Lab,20.9,48.8,13.1,100.0,0.0,63,0,8.0,-46.9,19.1,136,469,2.4,26.3,38,2387,7810,2,22.2,15860,39,11.6,10,294,1966,58.0,58.9,70.2,75.0,3210
E14001567,Washington and Gateshead South,Sharon Hodgson,Lab,28.7,45.1,9.4,100.0,0.0,66,0,10.2,-45.9,30.1,139,420,1.0,25.6,29,450,6536,0,0.0,0,37,15.8,28,440,1720,49.0,51.9,68.8,70.2,1221
E14001568,Watford,Matt Turmaine,Lab,27.3,49.2,9.0,100.0,0.0,62,0,6.7,-33.6,21.7,456,486,1.6,25.1,24,645,6237,4,30.8,39568,40,18.3,0,0,0,55.0,59.6,68.6,72.1,1606
E14001569,Waveney Valley,Adrian Ramsay,Green,18.6,61.8,12.8,100.0,0.0,54,0,10.0,-34.6,10.8,62,394,2.0,21.5,106,1525,7923,0,0.0,0,38,8.4,35,938,8893,54.0,51.2,68.9,73.7,835
E14001570,Weald of Kent,Katie Lam,Con,26.3,53.7,11.8,100.0,0.0,57,0,8.4,-11.0,9.3,60,430,0.6,21.8,163,3810,6271,0,0.0,0,38,20.1,38,1371,14692,52.0,47.8,65.1,73.1,991
E14001571,Wellingborough and Rushden,Gen Kitchen,Lab,21.6,46.9,10.0,100.0,0.0,65,0,8.5,-42.3,17.4,66,502,1.0,23.4,26,662,7506,4,30.8,33152,40,9.2,28,725,7281,50.0,50.8,70.6,72.1,1115
E14001572,Wells and Mendip Hills,Tessa Munt,LD,17.7,56.7,10.5,100.0,0.0,53,0,9.2,-64.1,10.2,108,401,1.3,23.8,261,10951,6496,0,0.0,0,34,10.9,47,2012,23647,54.0,52.4,68.2,75.4,972
E14001573,Welwyn Hatfield,Andrew Lewin,Lab,25.1,40.4,8.6,100.0,0.0,66,0,6.9,-39.2,18.1,286,503,1.8,24.2,49,802,7633,2,13.3,17015,39,19.5,3,55,368,55.0,54.6,67.2,71.0,2119
E14001574,West Bromwich,Sarah Coombes,Lab,27.3,55.5,16.4,100.0,0.0,61,0,7.9,-24.5,27.8,47,495,0.8,28.2,40,746,7533,9,64.3,83638,38,14.8,18,173,237,49.0,52.5,66.6,67.7,1123
E14001575,West Dorset,Edward Morello,LD,22.1,56.7,10.5,73.6,0.0,39,0,10.6,-61.6,14.4,152,418,1.6,21.5,270,4112,5759,0,0.0,0,34,11.8,84,3908,47701,55.0,56.2,70.7,76.0,832
E14001576,West Ham and Beckton,James Asser,Lab,25.7,33.1,10.9,100.0,98.7,76,75,5.3,10.8,52.2,127,614,1.1,27.3,11,28204,13666,15,93.8,134545,40,10.8,0,0,0,58.0,67.5,64.6,68.0,1213
E14001577,West Lancashire,Ashley Dalton,Lab,15.3,53.3,11.5,100.0,0.0,62,0,9.5,-50.8,19.6,89,448,1.0,23.8,43,1274,5300,0,0.0,0,37,8.7,20,627,3332,55.0,57.2,72.1,73.0,862
E14001578,West Suffolk,Nick Timothy,Con,16.8,53.3,10.6,100.0,0.0,65,0,9.6,-18.4,13.8,171,527,2.0,24.3,604,3269,13920,0,0.0,0,39,16.8,19,557,6486,51.0,50.2,67.7,71.2,1539
E14001579,West Worcestershire,Harriett Baldwin,Con,17.9,57.4,17.5,98.3,0.0,57,0,9.1,-68.2,11.7,78,439,1.2,20.1,194,2372,8016,1,7.7,6455,37,14.9,43,1720,15190,55.0,52.6,66.3,75.0,899
E14001580,Westmorland and Lonsdale,Tim Farron,LD,12.2,66.5,12.4,24.5,0.0,13,0,9.0,-24.7,13.7,373,402,1.8,24.4,10584,10860,7913,0,0.0,0,35,8.8,83,5413,55266,54.0,55.1,69.9,75.5,1039
E14001581,Weston-super-Mare,Daniel Aldridge,Lab,20.9,49.1,9.7,100.0,0.0,62,0,10.1,-75.1,20.1,53,426,1.9,23.2,47,34504,10285,4,36.4,33704,34,11.0,5,179,3234,53.0,51.0,68.6,73.0,940
E14001582,Wetherby and Easingwold,Alec Shelbrooke,Con,18.6,58.1,12.0,100.0,0.0,57,0,9.1,-52.8,10.2,94,407,1.1,23.3,60,4208,5018,0,0.0,0,40,10.2,91,4011,31232,52.0,50.8,66.9,73.4,1196
E14001583,Whitehaven and Workington,Josh MacAlister,Lab,16.4,62.7,13.1,0.0,0.0,0,0,10.3,-19.3,21.7,70,412,1.0,25.0,2459,2557,6925,0,0.0,0,32,8.9,63,2649,16342,50.0,51.6,66.6,72.0,1184
E14001584,Widnes and Halewood,Derek Twigg,Lab,20.8,46.7,9.9,100.0,0.0,56,0,9.9,-54.8,23.5,44,410,1.2,27.0,45,1555,7364,4,30.8,30538,37,8.7,17,702,3290,53.0,59.7,71.9,72.2,1134
E14001585,Wigan,Lisa Nandy,Lab,30.9,55.4,12.1,100.0,0.0,66,0,9.9,-31.7,24.3,50,467,1.1,26.1,54,2261,7317,4,28.6,32385,37,13.5,25,783,2390,51.0,52.0,68.6,69.0,692
E14001586,Wimbledon,Paul Kohler,LD,35.8,57.3,7.6,100.0,0.0,68,0,5.4,58.7,29.8,516,484,2.7,26.2,35,3777,13124,2,15.4,17703,40,20.1,7,17,27,63.0,63.6,71.9,75.8,886
E14001587,Winchester,Danny Chambers,LD,20.7,49.7,10.0,100.0,0.0,59,0,8.1,-25.0,14.6,176,467,1.4,18.2,196,933,3948,0,0.0,0,36,18.6,11,380,4949,58.0,55.7,66.7,77.0,1467
E14001588,Windsor,Jack Rankin,Con,24.0,52.9,8.5,100.0,1.6,63,1,6.4,-61.0,14.1,147,497,1.7,26.0,144,14054,8618,3,21.4,24592,39,30.2,2,162,1947,56.0,54.3,66.5,75.3,1789
E14001589,Wirral West,Matthew Patrick,Lab,35.0,66.4,9.1,98.3,0.0,59,0,9.2,-17.9,15.3,54,389,0.9,27.1,53,1792,4983,1,9.1,6732,36,14.1,21,578,2523,57.0,57.2,72.6,75.7,543
E14001590,Witham,Priti Patel,Con,24.8,49.0,9.5,100.0,0.0,59,0,9.2,-8.2,12.5,76,458,1.2,21.0,67,1469,5237,0,0.0,0,38,12.9,27,635,6803,52.0,49.9,68.8,72.9,828
E14001591,Witney,Charles Maynard,LD,25.1,42.3,9.4,100.0,0.0,55,0,8.5,-15.3,10.9,124,443,3.7,22.7,31,2913,4300,0,0.0,0,37,9.9,14,1653,26374,56.0,53.7,65.1,76.8,1018
E14001592,Woking,Will Forster,LD,35.4,49.3,7.6,100.0,0.0,62,0,6.6,-32.8,14.7,177,458,1.9,23.5,73,2645,7159,1,8.3,10660,39,30.8,1,35,359,58.0,57.0,69.8,76.0,912
E14001593,Wokingham,Clive Jones,LD,32.5,45.1,6.1,100.0,0.0,54,0,7.4,-57.4,8.7,229,441,1.4,24.5,51,2502,6060,0,0.0,0,38,24.8,5,244,2112,57.0,55.2,67.0,77.2,1365
E14001594,Wolverhampton North East,Sureena Brackenridge,Lab,30.7,54.9,17.7,100.0,0.0,64,0,8.6,-37.5,27.3,18,458,1.4,29.7,18,223,9651,10,71.4,75740,37,12.3,6,41,39,48.0,52.2,64.1,68.0,922
E14001595,Wolverhampton South East,Pat McFadden,Lab,30.9,51.2,19.0,100.0,0.0,66,0,8.5,-26.8,30.0,30,538,1.4,29.5,15,1631,9859,14,100.0,113089,38,11.4,20,141,319,49.0,54.0,64.8,67.4,920
E14001596,Wolverhampton West,Warinder Juss,Lab,30.6,66.8,18.2,100.0,0.0,73,0,7.2,-37.6,26.6,50,506,1.0,30.2,19,889,10497,6,40.0,55497,37,17.1,28,237,436,53.0,56.1,67.7,69.4,1050
E14001597,Worcester,Tom Collins,Lab,29.0,54.0,14.0,100.0,0.0,64,0,8.4,-68.5,20.5,157,458,2.9,29.7,23,1827,8227,4,28.6,29546,38,14.1,9,330,2793,55.0,57.7,67.4,72.0,1182
E14001598,Worsley and Eccles,Michael Wheeler,Lab,23.6,50.8,10.5,100.0,0.0,69,0,9.2,-1.3,23.5,88,484,1.4,30.2,28,3061,8612,2,15.4,19111,38,14.4,30,995,5621,51.0,54.6,68.2,70.8,1416
E14001599,Worthing West,Beccy Cooper,Lab,41.6,58.0,9.8,100.0,0.0,61,0,9.7,-60.6,20.2,175,442,3.0,33.2,21,2946,8752,3,25.0,27335,33,19.1,1,5,22,54.0,53.9,68.5,75.2,830
E14001600,Wycombe,Emma Reynolds,Lab,25.6,51.3,9.6,100.0,0.0,61,0,7.3,-18.0,14.8,65,473,0.7,19.7,61,1769,13242,1,7.7,9774,38,29.9,2,8,105,56.0,57.9,70.4,74.0,1051
E14001601,Wyre Forest,Mark Garnier,Con,29.9,59.8,15.8,100.0,0.0,67,0,10.5,-54.9,16.3,47,450,1.1,22.2,122,3547,6553,3,21.4,22711,37,21.5,21,291,833,51.0,49.8,66.9,72.0,790
E14001602,Wythenshawe and Sale East,Mike Kane,Lab,22.5,48.5,11.1,100.0,0.0,63,0,10.3,-41.2,29.2,76,497,2.2,33.8,19,2294,9653,4,33.3,37489,38,13.1,4,64,369,53.0,58.3,68.3,72.0,1817
E14001603,Yeovil,Adam Dance,LD,16.7,51.6,9.9,98.5,0.0,65,0,9.6,-73.8,14.8,81,464,2.3,24.0,29,1636,5344,3,20.0,22028,34,12.4,55,2017,16753,53.0,51.9,68.8,74.0,1041
E14001604,York Central,Rachael Maskell,Lab,30.3,54.4,15.1,100.0,0.0,63,0,7.8,-34.0,32.5,65,478,8.2,36.3,35,7604,9713,2,22.2,19428,40,12.5,57,2057,20526,59.0,64.1,72.5,72.0,985
E14001605,York Outer,Luke Charters,Lab,30.2,57.1,9.1,100.0,0.0,58,0,8.3,-41.1,14.4,105,419,6.7,36.3,44,3421,6853,0,0.0,0,40,10.4,26,1072,9376,56.0,56.9,70.6,75.0,907
