Parliamentary constituency code,Entry rate→2006,Entry rate→2007,Entry rate→2008,Entry rate→2009,Entry rate→2010,Entry rate→2011,Entry rate→2012,Entry rate→2013,Entry rate→2014,Entry rate→2015,Entry rate→2016,Entry rate→2017,Entry rate→2018,Entry rate→2019,Entry rate→2020,Entry rate→2021,Entry rate→2022,Entry rate→2023,Entry rate→2024
E14001063,0.18,0.211,0.215,0.227,0.245,0.264,0.269,0.244,0.303,0.252,0.295,0.29,0.305,0.316,0.29,0.331,0.334,0.313,0.334
E14001064,0.26,0.267,0.294,0.317,0.34,0.317,0.34,0.338,0.341,0.362,0.349,0.356,0.363,0.32,0.383,0.418,0.353,0.368,0.355
E14001065,0.461,0.454,0.451,0.46,0.497,0.5,0.492,0.433,0.474,0.477,0.514,0.528,0.55,0.537,0.553,0.555,0.554,0.55,0.579
E14001066,0.201,0.21,0.185,0.195,0.203,0.183,0.19,0.22,0.211,0.203,0.227,0.23,0.214,0.23,0.246,0.282,0.265,0.264,0.271
E14001067,0.33,0.342,0.315,0.321,0.367,0.367,0.322,0.36,0.348,0.4,0.425,0.417,0.385,0.412,0.42,0.443,0.376,0.431,0.409
E14001068,0.147,0.162,0.149,0.174,0.148,0.159,0.168,0.171,0.193,0.186,0.206,0.198,0.162,0.153,0.211,0.22,0.221,0.23,0.248
E14001069,0.192,0.224,0.2,0.215,0.193,0.222,0.225,0.249,0.253,0.236,0.314,0.292,0.332,0.305,0.342,0.402,0.346,0.364,0.349
E14001070,0.187,0.214,0.214,0.239,0.256,0.293,0.283,0.295,0.301,0.278,0.305,0.299,0.341,0.322,0.31,0.361,0.332,0.313,0.304
E14001071,0.237,0.226,0.242,0.249,0.287,0.317,0.31,0.299,0.321,0.326,0.36,0.333,0.353,0.345,0.381,0.398,0.408,0.412,0.379
E14001072,0.209,0.25,0.233,0.226,0.214,0.258,0.253,0.267,0.241,0.297,0.294,0.298,0.294,0.363,0.345,0.374,0.366,0.348,0.345
E14001073,0.185,0.192,0.257,0.256,0.251,0.278,0.286,0.298,0.373,0.341,0.336,0.389,0.423,0.441,0.477,0.495,0.496,0.514,0.496
E14001074,0.151,0.184,0.2,0.173,0.175,0.19,0.163,0.202,0.215,0.238,0.263,0.254,0.28,0.255,0.227,0.256,0.269,0.266,0.271
E14001075,0.128,0.133,0.161,0.15,0.138,0.159,0.162,0.158,0.218,0.205,0.195,0.205,0.226,0.218,0.201,0.239,0.234,0.247,0.219
E14001076,0.201,0.211,0.222,0.217,0.225,0.225,0.202,0.207,0.201,0.197,0.178,0.166,0.154,0.168,0.164,0.23,0.163,0.13,0.111
E14001077,0.203,0.21,0.227,0.237,0.232,0.247,0.214,0.234,0.242,0.256,0.269,0.291,0.252,0.358,0.306,0.306,0.333,0.326,0.314
E14001078,0.213,0.238,0.211,0.25,0.244,0.236,0.247,0.249,0.243,0.255,0.255,0.255,0.295,0.29,0.31,0.315,0.313,0.338,0.365
E14001079,0.195,0.201,0.191,0.216,0.217,0.21,0.199,0.174,0.224,0.275,0.246,0.265,0.277,0.3,0.34,0.315,0.286,0.258,0.269
E14001080,0.282,0.283,0.345,0.282,0.268,0.318,0.302,0.307,0.301,0.332,0.356,0.349,0.389,0.374,0.383,0.449,0.434,0.462,0.429
E14001081,0.263,0.305,0.32,0.287,0.339,0.394,0.344,0.45,0.438,0.411,0.507,0.504,0.549,0.602,0.645,0.685,0.633,0.612,0.716
E14001082,0.41,0.398,0.406,0.444,0.378,0.411,0.384,0.435,0.45,0.447,0.441,0.537,0.48,0.512,0.48,0.527,0.523,0.513,0.527
E14001083,0.372,0.344,0.349,0.37,0.386,0.412,0.354,0.437,0.427,0.416,0.467,0.469,0.462,0.535,0.536,0.539,0.597,0.527,0.559
E14001084,0.21,0.22,0.257,0.25,0.233,0.29,0.255,0.3,0.316,0.33,0.316,0.309,0.308,0.319,0.334,0.352,0.347,0.322,0.327
E14001085,0.181,0.207,0.174,0.19,0.17,0.265,0.295,0.307,0.312,0.322,0.335,0.361,0.377,0.44,0.436,0.486,0.501,0.469,0.493
E14001086,0.198,0.194,0.243,0.206,0.232,0.26,0.241,0.28,0.315,0.339,0.38,0.43,0.426,0.473,0.458,0.511,0.511,0.506,0.552
E14001087,0.3,0.315,0.357,0.37,0.333,0.32,0.292,0.32,0.316,0.336,0.391,0.364,0.401,0.338,0.415,0.388,0.361,0.385,0.341
E14001088,0.25,0.225,0.233,0.266,0.256,0.273,0.225,0.25,0.265,0.286,0.284,0.29,0.277,0.292,0.303,0.285,0.309,0.317,0.273
E14001089,0.207,0.219,0.24,0.25,0.275,0.286,0.282,0.295,0.316,0.353,0.362,0.382,0.382,0.342,0.374,0.424,0.381,0.432,0.441
E14001090,0.273,0.255,0.268,0.301,0.248,0.314,0.259,0.269,0.327,0.342,0.359,0.387,0.347,0.387,0.441,0.429,0.411,0.421,0.402
E14001091,0.21,0.233,0.215,0.209,0.225,0.263,0.259,0.275,0.292,0.293,0.308,0.352,0.337,0.323,0.359,0.392,0.369,0.326,0.358
E14001092,0.271,0.268,0.28,0.301,0.171,0.266,0.278,0.307,0.34,0.34,0.328,0.337,0.354,0.374,0.418,0.413,0.415,0.378,0.395
E14001093,0.145,0.154,0.175,0.157,0.171,0.173,0.173,0.165,0.233,0.223,0.247,0.247,0.268,0.262,0.321,0.346,0.342,0.299,0.315
E14001094,0.245,0.249,0.277,0.289,0.273,0.271,0.28,0.328,0.329,0.369,0.362,0.385,0.38,0.387,0.418,0.408,0.41,0.422,0.426
E14001095,0.128,0.14,0.156,0.162,0.146,0.17,0.169,0.221,0.23,0.268,0.257,0.271,0.3,0.3,0.34,0.33,0.338,0.324,0.326
E14001096,0.119,0.14,0.156,0.151,0.144,0.165,0.158,0.221,0.228,0.251,0.263,0.281,0.291,0.313,0.326,0.327,0.331,0.358,0.371
E14001097,0.149,0.166,0.153,0.19,0.174,0.216,0.204,0.217,0.226,0.256,0.239,0.251,0.249,0.294,0.273,0.28,0.282,0.287,0.296
E14001098,0.202,0.229,0.251,0.248,0.242,0.264,0.27,0.263,0.318,0.309,0.358,0.327,0.338,0.347,0.403,0.404,0.392,0.386,0.378
E14001099,0.229,0.207,0.177,0.171,0.206,0.286,0.254,0.272,0.278,0.308,0.285,0.321,0.322,0.338,0.323,0.401,0.343,0.37,0.395
E14001100,0.169,0.184,0.209,0.217,0.217,0.198,0.231,0.252,0.267,0.263,0.278,0.319,0.324,0.343,0.355,0.372,0.357,0.347,0.354
E14001101,0.217,0.186,0.213,0.228,0.218,0.249,0.229,0.291,0.244,0.26,0.265,0.273,0.259,0.284,0.318,0.241,0.263,0.251,0.233
E14001102,0.189,0.204,0.255,0.257,0.291,0.32,0.248,0.285,0.276,0.308,0.313,0.338,0.318,0.389,0.368,0.378,0.334,0.315,0.324
E14001103,0.175,0.192,0.233,0.264,0.304,0.253,0.25,0.231,0.251,0.279,0.265,0.282,0.343,0.301,0.379,0.329,0.393,0.377,0.38
E14001104,0.229,0.187,0.277,0.277,0.295,0.332,0.316,0.344,0.343,0.364,0.35,0.306,0.34,0.3,0.31,0.293,0.257,0.222,0.236
E14001105,0.159,0.159,0.209,0.216,0.213,0.247,0.25,0.302,0.3,0.282,0.285,0.266,0.249,0.281,0.278,0.234,0.242,0.182,0.199
E14001106,0.247,0.239,0.261,0.251,0.267,0.263,0.242,0.314,0.279,0.285,0.308,0.266,0.308,0.302,0.285,0.329,0.333,0.291,0.311
E14001107,0.172,0.156,0.166,0.16,0.174,0.166,0.171,0.227,0.223,0.227,0.241,0.262,0.217,0.233,0.268,0.239,0.237,0.226,0.227
E14001108,0.162,0.164,0.16,0.171,0.171,0.181,0.22,0.21,0.23,0.214,0.223,0.253,0.243,0.275,0.281,0.271,0.245,0.237,0.232
E14001109,0.14,0.152,0.17,0.188,0.179,0.163,0.161,0.168,0.212,0.204,0.213,0.214,0.22,0.228,0.254,0.267,0.256,0.248,0.25
E14001110,0.223,0.245,0.228,0.256,0.273,0.264,0.244,0.286,0.3,0.336,0.332,0.3,0.328,0.303,0.362,0.39,0.354,0.29,0.348
E14001111,0.165,0.154,0.183,0.209,0.202,0.203,0.238,0.25,0.279,0.282,0.287,0.287,0.282,0.326,0.339,0.325,0.333,0.304,0.3
E14001112,0.304,0.337,0.324,0.344,0.332,0.37,0.341,0.367,0.347,0.394,0.39,0.383,0.394,0.414,0.409,0.405,0.356,0.376,0.355
E14001113,0.178,0.179,0.186,0.209,0.208,0.246,0.228,0.236,0.225,0.263,0.235,0.268,0.279,0.266,0.345,0.282,0.299,0.277,0.28
E14001114,0.202,0.179,0.215,0.203,0.242,0.225,0.231,0.234,0.217,0.232,0.252,0.239,0.234,0.256,0.256,0.269,0.252,0.258,0.256
E14001115,0.236,0.28,0.305,0.318,0.269,0.277,0.274,0.258,0.239,0.278,0.281,0.287,0.309,0.304,0.358,0.343,0.367,0.317,0.347
E14001116,0.195,0.196,0.196,0.179,0.159,0.203,0.165,0.198,0.223,0.216,0.211,0.249,0.251,0.251,0.3,0.256,0.264,0.279,0.286
E14001117,0.196,0.206,0.246,0.202,0.235,0.243,0.231,0.22,0.242,0.278,0.267,0.251,0.274,0.284,0.298,0.333,0.327,0.296,0.305
E14001118,0.171,0.178,0.196,0.228,0.198,0.218,0.224,0.239,0.246,0.253,0.274,0.277,0.272,0.3,0.312,0.304,0.308,0.29,0.311
E14001119,0.17,0.162,0.193,0.187,0.23,0.212,0.208,0.238,0.235,0.262,0.266,0.271,0.267,0.27,0.291,0.294,0.314,0.285,0.296
E14001120,0.21,0.198,0.193,0.214,0.221,0.226,0.232,0.252,0.271,0.306,0.299,0.306,0.258,0.339,0.351,0.344,0.362,0.346,0.356
E14001121,0.203,0.228,0.215,0.255,0.256,0.257,0.238,0.273,0.27,0.254,0.286,0.309,0.307,0.312,0.32,0.386,0.318,0.314,0.274
E14001122,0.276,0.292,0.294,0.287,0.288,0.331,0.334,0.323,0.322,0.345,0.374,0.404,0.426,0.438,0.513,0.494,0.466,0.453,0.47
E14001123,0.395,0.397,0.407,0.376,0.392,0.455,0.393,0.426,0.427,0.456,0.442,0.513,0.506,0.552,0.599,0.593,0.555,0.551,0.543
E14001124,0.385,0.345,0.385,0.358,0.376,0.372,0.37,0.383,0.351,0.363,0.424,0.463,0.455,0.532,0.566,0.538,0.598,0.539,0.546
E14001125,0.352,0.352,0.35,0.345,0.384,0.378,0.348,0.37,0.395,0.407,0.398,0.394,0.416,0.373,0.471,0.469,0.444,0.428,0.425
E14001126,0.157,0.159,0.163,0.157,0.19,0.187,0.187,0.176,0.212,0.221,0.211,0.217,0.206,0.245,0.21,0.246,0.209,0.193,0.181
E14001127,0.273,0.256,0.275,0.293,0.293,0.228,0.256,0.244,0.279,0.283,0.29,0.324,0.346,0.306,0.335,0.33,0.314,0.286,0.263
E14001128,0.232,0.247,0.24,0.252,0.219,0.256,0.265,0.281,0.279,0.274,0.29,0.309,0.256,0.279,0.339,0.307,0.332,0.313,0.293
E14001129,0.138,0.154,0.107,0.131,0.111,0.134,0.147,0.134,0.148,0.166,0.194,0.168,0.188,0.213,0.246,0.234,0.256,0.259,0.252
E14001130,0.225,0.23,0.191,0.181,0.22,0.268,0.237,0.266,0.268,0.289,0.27,0.326,0.319,0.302,0.349,0.37,0.39,0.386,0.391
E14001131,0.302,0.31,0.228,0.194,0.215,0.345,0.342,0.339,0.374,0.355,0.351,0.348,0.382,0.404,0.482,0.417,0.424,0.525,0.451
E14001132,0.126,0.127,0.14,0.157,0.133,0.156,0.145,0.166,0.163,0.177,0.191,0.184,0.206,0.225,0.267,0.248,0.27,0.256,0.253
E14001133,0.141,0.137,0.146,0.159,0.152,0.182,0.174,0.168,0.172,0.214,0.194,0.23,0.206,0.241,0.292,0.292,0.3,0.239,0.257
E14001134,0.21,0.234,0.233,0.255,0.272,0.289,0.27,0.256,0.286,0.306,0.311,0.345,0.301,0.365,0.39,0.407,0.371,0.371,0.401
E14001135,0.091,0.103,0.093,0.116,0.128,0.119,0.121,0.114,0.116,0.129,0.132,0.157,0.152,0.188,0.17,0.201,0.229,0.21,0.198
E14001136,0.233,0.234,0.25,0.244,0.291,0.308,0.281,0.274,0.251,0.263,0.306,0.32,0.32,0.303,0.299,0.367,0.296,0.344,0.334
E14001137,0.375,0.398,0.371,0.395,0.393,0.398,0.38,0.445,0.433,0.453,0.447,0.479,0.492,0.474,0.484,0.548,0.527,0.501,0.493
E14001138,0.357,0.315,0.316,0.323,0.358,0.343,0.344,0.368,0.395,0.387,0.411,0.423,0.413,0.404,0.411,0.417,0.398,0.389,0.405
E14001139,0.237,0.231,0.251,0.242,0.238,0.272,0.248,0.283,0.313,0.285,0.33,0.322,0.314,0.345,0.352,0.409,0.369,0.323,0.346
E14001140,0.263,0.259,0.247,0.271,0.263,0.313,0.25,0.265,0.29,0.247,0.321,0.318,0.357,0.322,0.331,0.333,0.395,0.368,0.341
E14001141,0.225,0.242,0.287,0.268,0.321,0.293,0.305,0.345,0.343,0.379,0.375,0.359,0.331,0.37,0.413,0.417,0.421,0.412,0.413
E14001142,0.191,0.165,0.191,0.19,0.206,0.236,0.21,0.254,0.224,0.228,0.287,0.287,0.284,0.282,0.294,0.269,0.269,0.266,0.246
E14001143,0.207,0.224,0.229,0.219,0.269,0.267,0.244,0.254,0.277,0.28,0.344,0.322,0.318,0.319,0.349,0.341,0.362,0.324,0.338
E14001144,0.273,0.292,0.303,0.349,0.318,0.354,0.361,0.359,0.385,0.364,0.368,0.343,0.366,0.375,0.368,0.402,0.388,0.366,0.342
E14001145,0.266,0.268,0.293,0.303,0.297,0.329,0.272,0.313,0.304,0.296,0.31,0.294,0.337,0.32,0.336,0.328,0.323,0.272,0.301
E14001146,0.261,0.288,0.293,0.261,0.312,0.295,0.255,0.292,0.275,0.315,0.351,0.329,0.295,0.314,0.369,0.309,0.373,0.353,0.313
E14001147,0.298,0.268,0.306,0.324,0.325,0.364,0.351,0.413,0.398,0.388,0.405,0.405,0.397,0.373,0.406,0.402,0.366,0.342,0.396
E14001148,0.202,0.216,0.225,0.239,0.203,0.215,0.225,0.237,0.228,0.24,0.257,0.261,0.293,0.241,0.3,0.288,0.292,0.275,0.267
E14001149,0.242,0.296,0.343,0.334,0.314,0.329,0.25,0.299,0.297,0.32,0.33,0.309,0.339,0.367,0.362,0.378,0.433,0.396,0.431
E14001150,0.176,0.172,0.201,0.216,0.188,0.21,0.197,0.202,0.235,0.226,0.249,0.247,0.263,0.229,0.265,0.275,0.255,0.264,0.281
E14001151,0.211,0.245,0.287,0.256,0.219,0.255,0.255,0.25,0.258,0.257,0.3,0.318,0.328,0.3,0.358,0.346,0.326,0.363,0.382
E14001152,0.216,0.232,0.22,0.22,0.188,0.248,0.224,0.247,0.262,0.239,0.255,0.267,0.264,0.254,0.289,0.261,0.258,0.262,0.242
E14001153,0.26,0.256,0.283,0.304,0.299,0.324,0.322,0.33,0.349,0.37,0.38,0.394,0.415,0.403,0.479,0.495,0.501,0.461,0.471
E14001154,0.198,0.186,0.201,0.216,0.222,0.235,0.193,0.229,0.251,0.25,0.215,0.267,0.213,0.256,0.28,0.294,0.274,0.232,0.274
E14001155,0.224,0.268,0.223,0.26,0.257,0.274,0.254,0.272,0.285,0.284,0.283,0.299,0.321,0.305,0.325,0.314,0.303,0.293,0.29
E14001156,0.288,0.291,0.271,0.297,0.285,0.354,0.275,0.287,0.294,0.311,0.324,0.335,0.299,0.299,0.387,0.361,0.352,0.319,0.323
E14001157,0.189,0.201,0.226,0.225,0.216,0.223,0.22,0.215,0.235,0.254,0.264,0.274,0.279,0.304,0.305,0.321,0.33,0.316,0.313
E14001158,0.405,0.417,0.409,0.431,0.411,0.458,0.415,0.405,0.451,0.438,0.49,0.469,0.457,0.498,0.504,0.528,0.531,0.529,0.507
E14001159,0.314,0.302,0.299,0.316,0.342,0.332,0.296,0.302,0.33,0.37,0.398,0.341,0.393,0.422,0.413,0.42,0.469,0.434,0.408
E14001160,0.28,0.273,0.287,0.291,0.32,0.38,0.396,0.431,0.411,0.447,0.483,0.538,0.531,0.595,0.661,0.659,0.578,0.598,0.614
E14001161,0.287,0.256,0.293,0.272,0.306,0.31,0.3,0.319,0.378,0.358,0.348,0.396,0.387,0.355,0.395,0.41,0.358,0.399,0.43
E14001162,0.487,0.443,0.468,0.437,0.475,0.501,0.519,0.486,0.525,0.526,0.532,0.559,0.561,0.563,0.564,0.605,0.576,0.567,0.551
E14001163,0.303,0.274,0.28,0.322,0.285,0.323,0.311,0.329,0.309,0.35,0.343,0.343,0.383,0.344,0.369,0.422,0.449,0.413,0.393
E14001164,0.42,0.391,0.406,0.445,0.457,0.427,0.413,0.435,0.469,0.442,0.47,0.446,0.471,0.469,0.472,0.527,0.494,0.49,0.453
E14001165,0.215,0.244,0.256,0.243,0.244,0.251,0.206,0.239,0.247,0.256,0.29,0.291,0.293,0.31,0.342,0.313,0.333,0.303,0.315
E14001166,0.244,0.242,0.229,0.201,0.248,0.245,0.239,0.259,0.273,0.275,0.294,0.334,0.31,0.322,0.328,0.346,0.29,0.316,0.345
E14001167,0.349,0.348,0.342,0.374,0.389,0.381,0.364,0.365,0.414,0.446,0.397,0.44,0.432,0.477,0.477,0.508,0.501,0.487,0.509
E14001168,0.27,0.278,0.309,0.258,0.276,0.315,0.266,0.315,0.285,0.322,0.319,0.337,0.323,0.333,0.356,0.375,0.344,0.318,0.336
E14001169,0.445,0.417,0.422,0.456,0.386,0.468,0.453,0.434,0.458,0.489,0.468,0.526,0.513,0.557,0.56,0.593,0.607,0.544,0.568
E14001170,0.246,0.317,0.291,0.305,0.363,0.357,0.345,0.367,0.384,0.368,0.342,0.345,0.356,0.299,0.349,0.356,0.313,0.307,0.308
E14001171,0.228,0.219,0.23,0.259,0.26,0.29,0.247,0.284,0.281,0.299,0.294,0.285,0.289,0.328,0.377,0.364,0.339,0.304,0.308
E14001172,0.453,0.463,0.482,0.586,0.426,0.362,0.402,0.412,0.378,0.454,0.469,0.48,0.507,0.526,0.627,0.572,0.601,0.588,0.64
E14001173,0.32,0.324,0.369,0.29,0.345,0.295,0.29,0.357,0.355,0.376,0.337,0.346,0.372,0.341,0.436,0.378,0.409,0.385,0.373
E14001174,0.151,0.187,0.164,0.203,0.191,0.194,0.197,0.207,0.27,0.23,0.252,0.233,0.212,0.221,0.257,0.245,0.266,0.259,0.264
E14001175,0.211,0.208,0.253,0.221,0.298,0.287,0.288,0.35,0.304,0.35,0.35,0.406,0.41,0.378,0.45,0.444,0.481,0.489,0.473
E14001176,0.22,0.253,0.224,0.251,0.264,0.289,0.256,0.291,0.313,0.288,0.31,0.304,0.294,0.324,0.389,0.4,0.386,0.341,0.376
E14001177,0.331,0.357,0.362,0.376,0.341,0.379,0.353,0.393,0.397,0.412,0.41,0.409,0.414,0.424,0.442,0.407,0.448,0.393,0.397
E14001178,0.348,0.347,0.37,0.347,0.337,0.409,0.368,0.398,0.369,0.382,0.388,0.407,0.402,0.423,0.406,0.49,0.402,0.395,0.38
E14001179,0.196,0.208,0.209,0.245,0.25,0.266,0.248,0.25,0.246,0.244,0.264,0.287,0.249,0.274,0.335,0.317,0.319,0.321,0.297
E14001180,0.168,0.186,0.228,0.239,0.246,0.223,0.226,0.218,0.235,0.265,0.262,0.314,0.32,0.339,0.404,0.378,0.395,0.362,0.402
E14001181,0.231,0.242,0.296,0.311,0.283,0.29,0.268,0.277,0.272,0.325,0.332,0.351,0.334,0.386,0.395,0.392,0.417,0.397,0.41
E14001182,0.287,0.277,0.286,0.27,0.213,0.324,0.305,0.335,0.357,0.355,0.382,0.377,0.401,0.429,0.441,0.435,0.435,0.417,0.458
E14001183,0.195,0.213,0.239,0.256,0.229,0.232,0.235,0.258,0.275,0.26,0.297,0.275,0.3,0.266,0.35,0.322,0.359,0.316,0.307
E14001184,0.22,0.199,0.215,0.215,0.252,0.231,0.223,0.247,0.273,0.241,0.258,0.284,0.321,0.262,0.282,0.302,0.326,0.326,0.312
E14001185,0.207,0.199,0.22,0.229,0.223,0.231,0.232,0.245,0.261,0.255,0.265,0.246,0.264,0.293,0.295,0.314,0.289,0.294,0.294
E14001186,0.2,0.235,0.253,0.249,0.257,0.254,0.276,0.279,0.329,0.312,0.338,0.367,0.376,0.368,0.454,0.459,0.475,0.449,0.467
E14001187,0.427,0.453,0.409,0.442,0.395,0.478,0.404,0.422,0.416,0.453,0.46,0.487,0.488,0.486,0.504,0.531,0.553,0.495,0.552
E14001188,0.221,0.219,0.238,0.25,0.252,0.285,0.277,0.296,0.347,0.338,0.382,0.354,0.391,0.414,0.416,0.494,0.464,0.444,0.477
E14001189,0.159,0.194,0.206,0.242,0.241,0.263,0.236,0.255,0.292,0.293,0.28,0.356,0.373,0.386,0.414,0.446,0.475,0.444,0.485
E14001190,0.226,0.248,0.253,0.255,0.254,0.277,0.257,0.26,0.28,0.282,0.298,0.27,0.304,0.307,0.359,0.309,0.298,0.313,0.292
E14001191,0.221,0.207,0.214,0.243,0.241,0.275,0.219,0.284,0.268,0.318,0.333,0.307,0.351,0.368,0.399,0.432,0.419,0.435,0.446
E14001192,0.286,0.269,0.302,0.303,0.334,0.359,0.302,0.328,0.352,0.373,0.383,0.36,0.435,0.405,0.411,0.475,0.428,0.422,0.379
E14001193,0.206,0.234,0.223,0.236,0.255,0.235,0.231,0.26,0.236,0.242,0.288,0.28,0.281,0.287,0.337,0.315,0.294,0.297,0.322
E14001194,0.174,0.168,0.175,0.165,0.184,0.171,0.179,0.187,0.188,0.198,0.192,0.205,0.201,0.244,0.253,0.242,0.254,0.256,0.283
E14001195,0.356,0.333,0.339,0.32,0.352,0.376,0.338,0.338,0.37,0.369,0.387,0.411,0.383,0.414,0.41,0.437,0.452,0.419,0.409
E14001196,0.2,0.193,0.189,0.193,0.241,0.24,0.233,0.263,0.282,0.308,0.303,0.299,0.316,0.323,0.337,0.318,0.302,0.263,0.308
E14001197,0.308,0.273,0.307,0.286,0.284,0.339,0.288,0.324,0.275,0.324,0.358,0.36,0.364,0.358,0.416,0.399,0.4,0.404,0.415
E14001198,0.22,0.22,0.218,0.219,0.252,0.255,0.246,0.289,0.265,0.284,0.281,0.274,0.292,0.329,0.311,0.34,0.323,0.316,0.308
E14001199,0.196,0.219,0.212,0.248,0.264,0.266,0.255,0.273,0.279,0.289,0.304,0.312,0.295,0.352,0.339,0.352,0.335,0.302,0.306
E14001200,0.156,0.152,0.183,0.174,0.179,0.213,0.219,0.248,0.271,0.243,0.241,0.216,0.221,0.252,0.24,0.251,0.274,0.248,0.252
E14001201,0.353,0.389,0.327,0.352,0.386,0.359,0.359,0.37,0.418,0.388,0.42,0.417,0.459,0.4,0.485,0.446,0.428,0.481,0.454
E14001202,0.216,0.215,0.217,0.198,0.204,0.214,0.218,0.231,0.233,0.266,0.226,0.243,0.266,0.274,0.291,0.287,0.296,0.269,0.252
E14001203,0.294,0.307,0.278,0.305,0.313,0.346,0.312,0.339,0.317,0.333,0.362,0.377,0.376,0.352,0.368,0.424,0.392,0.366,0.335
E14001204,0.163,0.183,0.203,0.23,0.222,0.251,0.218,0.248,0.219,0.262,0.265,0.255,0.253,0.25,0.293,0.282,0.286,0.248,0.26
E14001205,0.256,0.285,0.314,0.298,0.322,0.315,0.328,0.323,0.34,0.379,0.382,0.401,0.458,0.474,0.469,0.493,0.505,0.513,0.567
E14001206,0.244,0.222,0.237,0.207,0.256,0.242,0.232,0.225,0.229,0.271,0.26,0.306,0.298,0.299,0.343,0.341,0.349,0.319,0.352
E14001207,0.338,0.33,0.318,0.292,0.391,0.437,0.434,0.414,0.416,0.399,0.432,0.467,0.478,0.526,0.578,0.576,0.581,0.579,0.603
E14001208,0.307,0.295,0.329,0.339,0.335,0.362,0.352,0.401,0.396,0.406,0.449,0.452,0.463,0.522,0.522,0.532,0.55,0.504,0.524
E14001209,0.333,0.349,0.355,0.35,0.396,0.434,0.366,0.369,0.399,0.443,0.46,0.493,0.487,0.563,0.577,0.603,0.575,0.576,0.583
E14001210,0.262,0.258,0.34,0.348,0.299,0.342,0.323,0.344,0.35,0.383,0.374,0.384,0.405,0.411,0.429,0.409,0.436,0.439,0.475
E14001211,0.16,0.16,0.162,0.186,0.2,0.196,0.213,0.215,0.2,0.224,0.231,0.238,0.241,0.257,0.264,0.285,0.28,0.24,0.236
E14001212,0.272,0.324,0.335,0.322,0.322,0.317,0.281,0.335,0.325,0.358,0.339,0.329,0.369,0.417,0.42,0.388,0.408,0.402,0.393
E14001213,0.295,0.323,0.358,0.353,0.362,0.373,0.319,0.333,0.353,0.354,0.39,0.398,0.443,0.494,0.554,0.48,0.476,0.456,0.48
E14001214,0.316,0.32,0.304,0.326,0.323,0.333,0.344,0.336,0.358,0.374,0.358,0.307,0.402,0.373,0.416,0.416,0.451,0.405,0.394
E14001215,0.311,0.334,0.325,0.312,0.314,0.345,0.347,0.341,0.367,0.375,0.423,0.377,0.432,0.379,0.446,0.44,0.421,0.392,0.382
E14001216,0.192,0.209,0.226,0.227,0.211,0.251,0.223,0.214,0.234,0.242,0.227,0.235,0.244,0.249,0.31,0.284,0.294,0.286,0.293
E14001217,0.213,0.183,0.168,0.176,0.19,0.251,0.255,0.261,0.258,0.288,0.27,0.306,0.26,0.296,0.314,0.336,0.322,0.338,0.328
E14001218,0.148,0.15,0.171,0.173,0.182,0.226,0.207,0.21,0.219,0.203,0.245,0.228,0.261,0.262,0.258,0.321,0.321,0.292,0.303
E14001219,0.21,0.199,0.193,0.189,0.194,0.187,0.209,0.168,0.221,0.224,0.211,0.221,0.25,0.252,0.266,0.26,0.242,0.261,0.255
E14001220,0.275,0.279,0.259,0.247,0.294,0.336,0.294,0.27,0.303,0.277,0.313,0.3,0.335,0.362,0.331,0.416,0.391,0.387,0.426
E14001221,0.298,0.308,0.303,0.302,0.314,0.333,0.298,0.31,0.336,0.38,0.418,0.376,0.417,0.41,0.476,0.469,0.441,0.466,0.466
E14001222,0.208,0.205,0.231,0.225,0.215,0.242,0.236,0.233,0.248,0.268,0.275,0.302,0.259,0.315,0.328,0.373,0.302,0.318,0.302
E14001223,0.256,0.235,0.251,0.271,0.264,0.283,0.277,0.307,0.325,0.358,0.352,0.379,0.402,0.397,0.437,0.459,0.464,0.49,0.483
E14001224,0.232,0.225,0.237,0.228,0.248,0.276,0.271,0.235,0.28,0.279,0.291,0.276,0.273,0.326,0.32,0.42,0.367,0.345,0.365
E14001225,0.271,0.248,0.288,0.318,0.289,0.306,0.311,0.339,0.343,0.386,0.4,0.404,0.395,0.421,0.431,0.458,0.43,0.431,0.452
E14001226,0.331,0.294,0.329,0.31,0.338,0.374,0.366,0.36,0.363,0.387,0.38,0.374,0.399,0.395,0.434,0.47,0.441,0.438,0.469
E14001227,0.426,0.369,0.404,0.423,0.382,0.404,0.387,0.445,0.448,0.457,0.467,0.465,0.455,0.449,0.481,0.544,0.523,0.549,0.53
E14001228,0.183,0.199,0.178,0.207,0.214,0.223,0.194,0.201,0.217,0.248,0.248,0.216,0.247,0.237,0.212,0.264,0.281,0.259,0.275
E14001229,0.163,0.194,0.201,0.213,0.243,0.264,0.283,0.315,0.324,0.323,0.359,0.376,0.369,0.435,0.452,0.444,0.462,0.451,0.472
E14001230,0.412,0.418,0.405,0.425,0.438,0.438,0.433,0.455,0.471,0.488,0.504,0.535,0.5,0.547,0.609,0.602,0.58,0.554,0.611
E14001231,0.177,0.166,0.167,0.155,0.175,0.181,0.18,0.178,0.234,0.211,0.228,0.227,0.248,0.261,0.216,0.258,0.245,0.262,0.266
E14001232,0.209,0.217,0.232,0.228,0.223,0.243,0.235,0.261,0.249,0.26,0.278,0.294,0.278,0.323,0.309,0.308,0.283,0.304,0.268
E14001233,0.215,0.224,0.238,0.229,0.227,0.245,0.222,0.216,0.243,0.248,0.266,0.253,0.241,0.263,0.262,0.287,0.285,0.28,0.309
E14001234,0.309,0.313,0.345,0.31,0.355,0.393,0.362,0.348,0.357,0.38,0.412,0.429,0.431,0.36,0.473,0.501,0.442,0.444,0.454
E14001235,0.237,0.297,0.259,0.258,0.284,0.265,0.274,0.28,0.325,0.31,0.305,0.32,0.345,0.307,0.325,0.343,0.335,0.348,0.318
E14001236,0.23,0.263,0.263,0.262,0.274,0.277,0.265,0.283,0.299,0.324,0.397,0.382,0.401,0.467,0.481,0.474,0.506,0.44,0.451
E14001237,0.222,0.292,0.294,0.323,0.277,0.303,0.287,0.295,0.272,0.331,0.352,0.352,0.336,0.372,0.367,0.407,0.36,0.362,0.366
E14001238,0.43,0.414,0.415,0.395,0.398,0.451,0.378,0.402,0.408,0.453,0.408,0.47,0.477,0.489,0.521,0.546,0.527,0.53,0.552
E14001239,0.18,0.187,0.162,0.188,0.173,0.207,0.187,0.215,0.221,0.236,0.247,0.258,0.3,0.28,0.309,0.314,0.294,0.33,0.313
E14001240,0.232,0.227,0.268,0.258,0.296,0.264,0.229,0.273,0.265,0.27,0.284,0.278,0.316,0.307,0.326,0.335,0.289,0.27,0.334
E14001241,0.205,0.234,0.248,0.268,0.263,0.244,0.249,0.267,0.226,0.255,0.281,0.286,0.31,0.301,0.333,0.333,0.292,0.295,0.278
E14001242,0.366,0.364,0.36,0.385,0.379,0.435,0.408,0.442,0.469,0.437,0.445,0.437,0.403,0.391,0.347,0.406,0.398,0.332,0.365
E14001243,0.262,0.256,0.254,0.27,0.272,0.278,0.297,0.268,0.312,0.294,0.295,0.332,0.322,0.34,0.379,0.376,0.333,0.35,0.335
E14001244,0.229,0.233,0.25,0.255,0.234,0.253,0.241,0.255,0.252,0.29,0.278,0.304,0.285,0.282,0.312,0.319,0.318,0.3,0.316
E14001245,0.233,0.256,0.249,0.278,0.224,0.274,0.243,0.251,0.305,0.305,0.28,0.302,0.299,0.325,0.368,0.372,0.346,0.351,0.398
E14001246,0.209,0.219,0.227,0.227,0.23,0.279,0.264,0.268,0.296,0.291,0.288,0.305,0.329,0.296,0.321,0.335,0.349,0.338,0.324
E14001247,0.217,0.213,0.223,0.193,0.219,0.214,0.217,0.191,0.23,0.247,0.278,0.25,0.277,0.238,0.278,0.281,0.288,0.269,0.299
E14001248,0.171,0.189,0.212,0.192,0.223,0.229,0.203,0.222,0.234,0.247,0.236,0.257,0.251,0.245,0.278,0.295,0.28,0.285,0.292
E14001249,0.262,0.3,0.317,0.345,0.35,0.342,0.33,0.325,0.324,0.341,0.374,0.362,0.388,0.342,0.394,0.43,0.405,0.402,0.367
E14001250,0.326,0.307,0.348,0.384,0.361,0.369,0.303,0.369,0.35,0.378,0.378,0.41,0.352,0.389,0.372,0.375,0.402,0.35,0.34
E14001251,0.148,0.158,0.211,0.214,0.256,0.25,0.215,0.249,0.259,0.29,0.278,0.316,0.295,0.356,0.371,0.375,0.406,0.365,0.374
E14001252,0.198,0.187,0.192,0.185,0.228,0.211,0.2,0.192,0.217,0.223,0.269,0.242,0.242,0.256,0.271,0.252,0.275,0.245,0.233
E14001253,0.287,0.275,0.283,0.289,0.286,0.309,0.286,0.306,0.324,0.337,0.371,0.375,0.382,0.367,0.386,0.422,0.405,0.399,0.399
E14001254,0.211,0.224,0.223,0.238,0.236,0.253,0.228,0.261,0.277,0.291,0.292,0.298,0.303,0.32,0.377,0.387,0.419,0.409,0.403
E14001255,0.116,0.123,0.121,0.125,0.114,0.119,0.162,0.144,0.187,0.18,0.186,0.203,0.209,0.221,0.231,0.234,0.225,0.215,0.2
E14001256,0.122,0.134,0.142,0.167,0.181,0.158,0.161,0.138,0.144,0.182,0.146,0.186,0.181,0.162,0.187,0.227,0.204,0.185,0.146
E14001257,0.207,0.211,0.224,0.207,0.244,0.287,0.271,0.304,0.291,0.329,0.372,0.417,0.403,0.446,0.463,0.507,0.486,0.472,0.474
E14001258,0.384,0.418,0.455,0.365,0.37,0.408,0.458,0.485,0.474,0.428,0.468,0.476,0.498,0.493,0.473,0.476,0.493,0.54,0.548
E14001259,0.149,0.157,0.185,0.19,0.216,0.23,0.228,0.236,0.24,0.26,0.292,0.305,0.297,0.295,0.318,0.357,0.33,0.298,0.33
E14001260,0.187,0.193,0.191,0.181,0.212,0.264,0.273,0.31,0.366,0.347,0.372,0.392,0.398,0.449,0.469,0.502,0.493,0.459,0.511
E14001261,0.207,0.235,0.276,0.251,0.258,0.257,0.289,0.273,0.313,0.268,0.29,0.309,0.32,0.305,0.307,0.339,0.303,0.33,0.336
E14001262,0.225,0.209,0.187,0.226,0.225,0.264,0.268,0.276,0.319,0.33,0.342,0.33,0.291,0.315,0.346,0.362,0.355,0.33,0.332
E14001263,0.308,0.275,0.276,0.301,0.286,0.318,0.289,0.301,0.29,0.316,0.33,0.356,0.332,0.353,0.352,0.405,0.385,0.372,0.36
E14001264,0.297,0.309,0.313,0.321,0.362,0.395,0.406,0.417,0.423,0.436,0.507,0.504,0.535,0.594,0.654,0.659,0.651,0.631,0.627
E14001265,0.363,0.38,0.418,0.517,0.436,0.417,0.414,0.426,0.423,0.421,0.448,0.479,0.5,0.544,0.507,0.588,0.605,0.612,0.544
E14001266,0.346,0.335,0.35,0.373,0.339,0.346,0.345,0.349,0.375,0.408,0.396,0.38,0.388,0.414,0.439,0.448,0.462,0.43,0.441
E14001267,0.19,0.172,0.202,0.196,0.256,0.243,0.235,0.271,0.31,0.273,0.261,0.257,0.287,0.314,0.315,0.298,0.314,0.313,0.319
E14001268,0.46,0.461,0.466,0.454,0.485,0.506,0.51,0.486,0.532,0.597,0.586,0.553,0.563,0.559,0.616,0.633,0.612,0.565,0.636
E14001269,0.347,0.335,0.336,0.338,0.338,0.365,0.377,0.448,0.432,0.386,0.435,0.416,0.419,0.427,0.468,0.423,0.417,0.414,0.478
E14001270,0.462,0.474,0.467,0.491,0.467,0.504,0.448,0.49,0.467,0.495,0.526,0.504,0.512,0.594,0.573,0.646,0.568,0.562,0.589
E14001271,0.322,0.339,0.356,0.406,0.376,0.393,0.357,0.437,0.402,0.416,0.473,0.476,0.487,0.503,0.549,0.576,0.522,0.518,0.559
E14001272,0.196,0.183,0.219,0.25,0.208,0.265,0.222,0.246,0.235,0.246,0.315,0.333,0.284,0.324,0.374,0.303,0.307,0.314,0.294
E14001273,0.225,0.229,0.235,0.223,0.247,0.3,0.27,0.287,0.297,0.305,0.265,0.302,0.293,0.299,0.323,0.361,0.327,0.308,0.316
E14001274,0.13,0.144,0.129,0.123,0.14,0.172,0.149,0.157,0.164,0.184,0.162,0.162,0.201,0.175,0.205,0.187,0.198,0.202,0.188
E14001275,0.164,0.153,0.186,0.158,0.165,0.16,0.165,0.171,0.181,0.18,0.196,0.167,0.201,0.22,0.24,0.257,0.221,0.23,0.216
E14001276,0.241,0.247,0.327,0.283,0.276,0.26,0.238,0.248,0.308,0.3,0.331,0.35,0.365,0.422,0.45,0.49,0.485,0.509,0.506
E14001277,0.261,0.246,0.272,0.293,0.284,0.279,0.295,0.312,0.309,0.311,0.349,0.335,0.325,0.305,0.356,0.336,0.348,0.337,0.378
E14001278,0.239,0.258,0.277,0.259,0.292,0.262,0.258,0.283,0.286,0.3,0.332,0.37,0.299,0.341,0.401,0.412,0.371,0.347,0.407
E14001279,0.358,0.343,0.3,0.355,0.36,0.383,0.378,0.358,0.4,0.426,0.41,0.425,0.449,0.486,0.52,0.539,0.504,0.529,0.516
E14001280,0.347,0.303,0.33,0.313,0.352,0.374,0.389,0.384,0.392,0.427,0.456,0.47,0.486,0.487,0.523,0.505,0.517,0.497,0.479
E14001281,0.245,0.22,0.249,0.255,0.258,0.268,0.244,0.238,0.253,0.264,0.249,0.244,0.237,0.233,0.269,0.247,0.259,0.244,0.228
E14001282,0.226,0.219,0.272,0.279,0.277,0.263,0.224,0.246,0.284,0.283,0.302,0.31,0.32,0.3,0.366,0.331,0.32,0.352,0.308
E14001283,0.355,0.367,0.399,0.401,0.423,0.447,0.4,0.4,0.442,0.449,0.46,0.424,0.429,0.475,0.498,0.534,0.52,0.51,0.479
E14001284,0.362,0.334,0.404,0.414,0.398,0.442,0.439,0.411,0.464,0.434,0.516,0.488,0.509,0.514,0.538,0.556,0.532,0.543,0.527
E14001285,0.366,0.353,0.389,0.346,0.413,0.396,0.384,0.349,0.353,0.369,0.406,0.409,0.366,0.391,0.453,0.428,0.417,0.401,0.368
E14001286,0.215,0.207,0.246,0.247,0.277,0.258,0.299,0.285,0.321,0.29,0.35,0.329,0.333,0.32,0.346,0.355,0.38,0.363,0.336
E14001287,0.261,0.266,0.275,0.274,0.264,0.303,0.263,0.318,0.338,0.319,0.328,0.338,0.352,0.369,0.377,0.364,0.36,0.347,0.323
E14001288,0.222,0.247,0.261,0.243,0.266,0.257,0.279,0.291,0.325,0.297,0.289,0.313,0.309,0.303,0.352,0.361,0.324,0.318,0.348
E14001289,0.299,0.32,0.337,0.358,0.34,0.351,0.407,0.382,0.4,0.384,0.445,0.363,0.429,0.399,0.417,0.445,0.463,0.43,0.443
E14001290,0.22,0.212,0.271,0.204,0.2,0.265,0.303,0.297,0.333,0.364,0.376,0.363,0.368,0.386,0.409,0.458,0.433,0.486,0.472
E14001291,0.255,0.255,0.265,0.231,0.282,0.311,0.267,0.282,0.295,0.318,0.297,0.329,0.303,0.314,0.288,0.309,0.328,0.29,0.294
E14001292,0.269,0.266,0.266,0.28,0.296,0.277,0.268,0.249,0.301,0.327,0.292,0.311,0.343,0.343,0.369,0.401,0.42,0.389,0.399
E14001293,0.387,0.399,0.392,0.421,0.418,0.468,0.425,0.446,0.412,0.459,0.459,0.461,0.533,0.52,0.589,0.589,0.548,0.516,0.644
E14001294,0.326,0.333,0.334,0.341,0.355,0.34,0.352,0.325,0.392,0.361,0.356,0.367,0.375,0.355,0.362,0.411,0.397,0.349,0.362
E14001295,0.194,0.2,0.212,0.197,0.217,0.241,0.23,0.264,0.29,0.268,0.247,0.25,0.269,0.291,0.318,0.276,0.273,0.251,0.267
E14001296,0.259,0.292,0.278,0.296,0.278,0.302,0.241,0.272,0.255,0.304,0.327,0.338,0.352,0.323,0.421,0.386,0.386,0.391,0.352
E14001297,0.234,0.248,0.232,0.244,0.237,0.272,0.271,0.306,0.304,0.335,0.336,0.374,0.366,0.386,0.369,0.38,0.377,0.381,0.374
E14001298,0.265,0.238,0.264,0.274,0.274,0.292,0.302,0.302,0.288,0.293,0.329,0.347,0.359,0.334,0.352,0.403,0.382,0.329,0.341
E14001299,0.196,0.226,0.229,0.213,0.257,0.278,0.252,0.264,0.292,0.292,0.267,0.266,0.258,0.303,0.33,0.281,0.267,0.258,0.251
E14001300,0.406,0.415,0.427,0.449,0.428,0.472,0.449,0.437,0.435,0.505,0.46,0.515,0.529,0.575,0.588,0.589,0.588,0.566,0.58
E14001301,0.363,0.324,0.359,0.384,0.367,0.422,0.383,0.396,0.443,0.435,0.495,0.462,0.481,0.538,0.565,0.572,0.55,0.519,0.535
E14001302,0.21,0.181,0.201,0.2,0.175,0.205,0.198,0.207,0.234,0.213,0.22,0.236,0.243,0.268,0.289,0.264,0.258,0.24,0.255
E14001303,0.205,0.165,0.212,0.217,0.167,0.233,0.204,0.221,0.222,0.207,0.244,0.23,0.233,0.233,0.278,0.302,0.233,0.28,0.273
E14001304,0.185,0.169,0.196,0.197,0.211,0.195,0.21,0.222,0.232,0.208,0.219,0.229,0.264,0.263,0.251,0.286,0.274,0.252,0.269
E14001305,0.233,0.272,0.306,0.289,0.274,0.335,0.287,0.344,0.27,0.357,0.396,0.392,0.385,0.399,0.422,0.463,0.46,0.467,0.472
E14001306,0.243,0.258,0.239,0.23,0.217,0.27,0.285,0.275,0.283,0.297,0.318,0.328,0.358,0.348,0.419,0.442,0.471,0.414,0.481
E14001307,0.184,0.172,0.169,0.17,0.185,0.205,0.2,0.205,0.218,0.267,0.23,0.228,0.218,0.247,0.259,0.255,0.261,0.241,0.238
E14001308,0.269,0.277,0.263,0.291,0.288,0.314,0.3,0.336,0.324,0.353,0.364,0.34,0.368,0.372,0.366,0.371,0.343,0.307,0.34
E14001309,0.404,0.393,0.415,0.415,0.391,0.471,0.413,0.424,0.439,0.44,0.486,0.456,0.519,0.468,0.509,0.526,0.536,0.499,0.522
E14001310,0.285,0.319,0.273,0.306,0.29,0.346,0.351,0.398,0.432,0.45,0.465,0.439,0.487,0.525,0.606,0.56,0.554,0.563,0.563
E14001311,0.267,0.254,0.245,0.283,0.286,0.264,0.245,0.294,0.293,0.283,0.328,0.315,0.319,0.318,0.376,0.344,0.383,0.371,0.347
E14001312,0.338,0.388,0.348,0.355,0.354,0.387,0.378,0.374,0.378,0.407,0.425,0.45,0.454,0.487,0.567,0.559,0.569,0.527,0.538
E14001313,0.112,0.122,0.146,0.142,0.122,0.149,0.152,0.158,0.18,0.188,0.232,0.197,0.218,0.258,0.282,0.254,0.244,0.229,0.23
E14001314,0.183,0.181,0.178,0.151,0.15,0.216,0.183,0.221,0.208,0.212,0.253,0.265,0.27,0.29,0.3,0.308,0.294,0.291,0.298
E14001315,0.215,0.21,0.224,0.26,0.215,0.221,0.226,0.241,0.24,0.244,0.268,0.34,0.322,0.292,0.358,0.321,0.315,0.295,0.277
E14001316,0.349,0.31,0.328,0.373,0.373,0.371,0.381,0.398,0.387,0.363,0.409,0.353,0.341,0.359,0.422,0.401,0.361,0.325,0.351
E14001317,0.18,0.176,0.194,0.174,0.173,0.203,0.186,0.215,0.244,0.217,0.232,0.221,0.231,0.237,0.288,0.24,0.28,0.268,0.317
E14001318,0.267,0.296,0.281,0.28,0.277,0.323,0.319,0.336,0.381,0.306,0.319,0.332,0.322,0.316,0.309,0.338,0.303,0.267,0.296
E14001319,0.345,0.295,0.214,0.129,0.124,0.228,0.27,0.323,0.284,0.247,0.27,0.318,0.306,0.377,0.391,0.371,0.396,0.445,0.412
E14001320,0.16,0.183,0.183,0.226,0.229,0.223,0.208,0.216,0.241,0.267,0.256,0.282,0.3,0.283,0.284,0.295,0.262,0.288,0.267
E14001321,0.366,0.34,0.422,0.419,0.406,0.372,0.405,0.407,0.382,0.431,0.419,0.479,0.479,0.492,0.531,0.517,0.514,0.486,0.514
E14001322,0.339,0.388,0.397,0.408,0.473,0.404,0.427,0.433,0.415,0.385,0.455,0.468,0.469,0.455,0.514,0.525,0.426,0.471,0.49
E14001323,0.084,0.094,0.113,0.112,0.123,0.14,0.143,0.159,0.185,0.173,0.198,0.193,0.211,0.278,0.275,0.258,0.286,0.281,0.305
E14001324,0.202,0.225,0.247,0.293,0.306,0.276,0.269,0.304,0.301,0.311,0.314,0.299,0.305,0.356,0.374,0.313,0.305,0.317,0.314
E14001325,0.186,0.191,0.226,0.242,0.227,0.226,0.236,0.268,0.247,0.281,0.251,0.279,0.286,0.279,0.306,0.285,0.322,0.302,0.276
E14001326,0.299,0.294,0.338,0.364,0.323,0.316,0.302,0.281,0.299,0.302,0.342,0.356,0.363,0.38,0.419,0.373,0.395,0.374,0.366
E14001327,0.258,0.271,0.218,0.224,0.203,0.247,0.268,0.285,0.284,0.277,0.303,0.321,0.365,0.378,0.393,0.394,0.374,0.375,0.397
E14001328,0.143,0.141,0.166,0.159,0.173,0.201,0.187,0.185,0.218,0.197,0.232,0.275,0.267,0.277,0.317,0.289,0.295,0.307,0.325
E14001329,0.199,0.192,0.233,0.236,0.232,0.231,0.241,0.268,0.262,0.273,0.262,0.28,0.264,0.266,0.309,0.303,0.276,0.279,0.279
E14001330,0.228,0.182,0.218,0.224,0.242,0.265,0.226,0.267,0.255,0.257,0.251,0.273,0.274,0.269,0.315,0.316,0.311,0.315,0.301
E14001331,0.222,0.252,0.265,0.26,0.265,0.257,0.269,0.272,0.285,0.291,0.34,0.351,0.384,0.39,0.428,0.446,0.451,0.454,0.453
E14001332,0.221,0.235,0.225,0.248,0.266,0.3,0.311,0.326,0.327,0.372,0.353,0.378,0.416,0.433,0.504,0.443,0.472,0.446,0.532
E14001333,0.266,0.296,0.347,0.278,0.326,0.336,0.311,0.321,0.332,0.344,0.388,0.424,0.395,0.427,0.467,0.474,0.479,0.504,0.556
E14001334,0.312,0.307,0.279,0.343,0.321,0.348,0.328,0.319,0.385,0.378,0.388,0.435,0.476,0.448,0.478,0.501,0.497,0.461,0.513
E14001335,0.306,0.294,0.306,0.314,0.319,0.314,0.326,0.384,0.343,0.345,0.346,0.354,0.39,0.351,0.375,0.426,0.424,0.394,0.396
E14001336,0.164,0.211,0.232,0.23,0.236,0.231,0.232,0.245,0.265,0.257,0.272,0.311,0.288,0.323,0.354,0.329,0.284,0.258,0.282
E14001337,0.301,0.293,0.332,0.327,0.323,0.304,0.322,0.286,0.291,0.324,0.348,0.369,0.348,0.359,0.41,0.43,0.416,0.377,0.421
E14001338,0.104,0.118,0.116,0.096,0.09,0.159,0.165,0.154,0.158,0.196,0.212,0.233,0.249,0.265,0.296,0.314,0.352,0.317,0.346
E14001339,0.155,0.183,0.21,0.217,0.214,0.216,0.193,0.227,0.234,0.225,0.275,0.284,0.278,0.272,0.354,0.336,0.302,0.316,0.316
E14001340,0.266,0.267,0.219,0.199,0.237,0.285,0.29,0.265,0.258,0.291,0.302,0.364,0.341,0.415,0.421,0.406,0.428,0.416,0.468
E14001341,0.213,0.196,0.255,0.258,0.243,0.238,0.211,0.221,0.222,0.275,0.273,0.316,0.351,0.353,0.383,0.341,0.383,0.357,0.394
E14001342,0.298,0.307,0.386,0.351,0.34,0.346,0.337,0.33,0.332,0.35,0.329,0.33,0.32,0.418,0.405,0.421,0.41,0.386,0.38
E14001343,0.228,0.22,0.252,0.258,0.269,0.232,0.238,0.281,0.274,0.268,0.328,0.273,0.305,0.297,0.35,0.324,0.301,0.304,0.311
E14001344,0.132,0.154,0.174,0.154,0.192,0.188,0.158,0.202,0.201,0.206,0.239,0.23,0.231,0.243,0.231,0.228,0.236,0.198,0.215
E14001345,0.266,0.288,0.323,0.387,0.366,0.355,0.314,0.36,0.38,0.362,0.386,0.409,0.402,0.405,0.431,0.394,0.391,0.399,0.368
E14001346,0.222,0.257,0.247,0.281,0.293,0.276,0.266,0.341,0.351,0.349,0.354,0.342,0.348,0.348,0.394,0.364,0.388,0.352,0.36
E14001347,0.359,0.389,0.375,0.375,0.394,0.4,0.383,0.403,0.42,0.426,0.423,0.434,0.482,0.435,0.469,0.501,0.464,0.399,0.432
E14001348,0.4,0.353,0.375,0.387,0.426,0.431,0.391,0.426,0.395,0.447,0.398,0.436,0.408,0.467,0.475,0.521,0.511,0.489,0.519
E14001349,0.285,0.249,0.293,0.283,0.286,0.309,0.302,0.333,0.361,0.348,0.358,0.345,0.349,0.381,0.379,0.403,0.447,0.41,0.406
E14001350,0.216,0.2,0.229,0.265,0.256,0.252,0.289,0.272,0.306,0.319,0.303,0.298,0.345,0.298,0.32,0.324,0.349,0.313,0.297
E14001351,0.245,0.31,0.272,0.327,0.324,0.331,0.302,0.335,0.359,0.333,0.377,0.37,0.344,0.325,0.326,0.383,0.384,0.33,0.346
E14001352,0.127,0.147,0.15,0.164,0.164,0.178,0.213,0.235,0.224,0.243,0.255,0.262,0.283,0.308,0.306,0.297,0.357,0.309,0.387
E14001353,0.169,0.167,0.148,0.122,0.124,0.195,0.264,0.267,0.306,0.238,0.269,0.272,0.329,0.349,0.404,0.402,0.422,0.384,0.438
E14001354,0.263,0.274,0.29,0.273,0.407,0.372,0.365,0.398,0.342,0.394,0.436,0.485,0.457,0.536,0.535,0.575,0.541,0.466,0.553
E14001355,0.146,0.174,0.168,0.193,0.166,0.171,0.168,0.176,0.202,0.224,0.232,0.223,0.266,0.243,0.289,0.259,0.27,0.232,0.246
E14001356,0.25,0.239,0.232,0.258,0.27,0.286,0.288,0.299,0.304,0.296,0.346,0.333,0.33,0.344,0.358,0.372,0.393,0.378,0.362
E14001357,0.26,0.3,0.283,0.325,0.289,0.307,0.286,0.315,0.356,0.362,0.35,0.334,0.375,0.358,0.375,0.405,0.355,0.367,0.337
E14001358,0.313,0.32,0.349,0.321,0.353,0.365,0.347,0.352,0.376,0.369,0.388,0.389,0.345,0.372,0.404,0.438,0.396,0.41,0.426
E14001359,0.306,0.336,0.331,0.375,0.37,0.439,0.369,0.402,0.382,0.398,0.378,0.435,0.349,0.373,0.398,0.376,0.391,0.362,0.365
E14001360,0.398,0.446,0.414,0.423,0.479,0.477,0.442,0.461,0.463,0.495,0.521,0.545,0.463,0.486,0.507,0.544,0.516,0.484,0.507
E14001361,0.242,0.244,0.242,0.249,0.287,0.266,0.262,0.293,0.297,0.304,0.358,0.368,0.382,0.362,0.349,0.369,0.367,0.31,0.316
E14001362,0.297,0.348,0.351,0.332,0.329,0.385,0.3,0.337,0.329,0.345,0.317,0.35,0.313,0.348,0.383,0.432,0.384,0.36,0.375
E14001363,0.303,0.268,0.291,0.298,0.302,0.306,0.275,0.298,0.287,0.297,0.326,0.326,0.309,0.336,0.338,0.33,0.33,0.301,0.318
E14001364,0.278,0.292,0.351,0.359,0.37,0.321,0.286,0.325,0.305,0.326,0.358,0.357,0.335,0.426,0.385,0.393,0.401,0.355,0.35
E14001365,0.193,0.197,0.23,0.211,0.231,0.215,0.213,0.222,0.197,0.22,0.218,0.261,0.246,0.262,0.272,0.259,0.277,0.242,0.249
E14001366,0.288,0.29,0.268,0.312,0.325,0.299,0.314,0.309,0.331,0.347,0.325,0.372,0.358,0.377,0.384,0.419,0.426,0.366,0.393
E14001367,0.177,0.167,0.19,0.188,0.18,0.189,0.208,0.187,0.2,0.223,0.253,0.299,0.276,0.275,0.335,0.285,0.294,0.284,0.269
E14001368,0.244,0.248,0.255,0.283,0.268,0.261,0.242,0.254,0.274,0.297,0.311,0.332,0.346,0.345,0.34,0.34,0.314,0.296,0.301
E14001369,0.232,0.243,0.265,0.294,0.302,0.316,0.305,0.351,0.333,0.369,0.371,0.362,0.379,0.399,0.391,0.417,0.432,0.414,0.447
E14001370,0.261,0.243,0.265,0.287,0.288,0.317,0.27,0.292,0.347,0.337,0.338,0.354,0.394,0.426,0.386,0.435,0.391,0.356,0.379
E14001371,0.237,0.253,0.261,0.273,0.308,0.312,0.277,0.326,0.351,0.354,0.389,0.449,0.405,0.492,0.511,0.514,0.525,0.486,0.514
E14001372,0.258,0.265,0.278,0.309,0.283,0.278,0.291,0.251,0.294,0.298,0.301,0.311,0.293,0.27,0.295,0.284,0.27,0.216,0.211
E14001373,0.224,0.231,0.222,0.214,0.217,0.253,0.21,0.209,0.241,0.25,0.237,0.24,0.264,0.272,0.289,0.314,0.343,0.3,0.238
E14001374,0.281,0.27,0.255,0.269,0.262,0.311,0.284,0.3,0.295,0.282,0.308,0.346,0.32,0.275,0.369,0.364,0.343,0.332,0.361
E14001375,0.294,0.242,0.259,0.293,0.246,0.283,0.26,0.277,0.289,0.305,0.318,0.31,0.334,0.342,0.36,0.407,0.438,0.366,0.372
E14001376,0.252,0.244,0.241,0.285,0.24,0.247,0.285,0.295,0.317,0.335,0.329,0.323,0.32,0.281,0.342,0.343,0.358,0.428,0.388
E14001377,0.165,0.175,0.247,0.24,0.166,0.19,0.186,0.199,0.225,0.251,0.244,0.266,0.28,0.271,0.311,0.331,0.321,0.31,0.337
E14001378,0.177,0.169,0.181,0.178,0.196,0.218,0.189,0.222,0.215,0.243,0.231,0.29,0.241,0.301,0.278,0.281,0.282,0.251,0.277
E14001379,0.376,0.361,0.33,0.289,0.297,0.41,0.362,0.39,0.398,0.39,0.407,0.453,0.442,0.457,0.497,0.428,0.459,0.452,0.484
E14001380,0.283,0.279,0.277,0.272,0.26,0.27,0.278,0.331,0.302,0.291,0.31,0.302,0.287,0.326,0.296,0.312,0.34,0.34,0.36
E14001381,0.216,0.196,0.216,0.203,0.226,0.251,0.222,0.265,0.248,0.282,0.256,0.257,0.29,0.277,0.329,0.274,0.249,0.244,0.228
E14001382,0.221,0.202,0.22,0.254,0.219,0.218,0.222,0.23,0.263,0.263,0.278,0.276,0.278,0.272,0.262,0.276,0.275,0.271,0.251
E14001383,0.167,0.138,0.178,0.212,0.216,0.207,0.194,0.21,0.241,0.284,0.283,0.272,0.281,0.289,0.268,0.276,0.258,0.259,0.268
E14001384,0.284,0.352,0.338,0.363,0.322,0.346,0.357,0.356,0.362,0.377,0.359,0.356,0.372,0.372,0.398,0.44,0.386,0.374,0.343
E14001385,0.22,0.21,0.252,0.219,0.256,0.242,0.266,0.244,0.251,0.268,0.286,0.299,0.262,0.311,0.307,0.305,0.289,0.279,0.265
E14001386,0.309,0.307,0.303,0.296,0.336,0.375,0.321,0.356,0.396,0.424,0.396,0.374,0.418,0.427,0.431,0.502,0.424,0.427,0.443
E14001387,0.213,0.228,0.2,0.199,0.202,0.225,0.19,0.199,0.212,0.235,0.23,0.243,0.251,0.248,0.269,0.278,0.28,0.233,0.231
E14001388,0.215,0.218,0.235,0.253,0.221,0.226,0.223,0.255,0.242,0.277,0.252,0.283,0.275,0.257,0.318,0.279,0.284,0.293,0.282
E14001389,0.23,0.245,0.247,0.259,0.253,0.215,0.245,0.276,0.253,0.284,0.312,0.316,0.344,0.305,0.307,0.32,0.322,0.272,0.311
E14001390,0.16,0.169,0.168,0.191,0.221,0.187,0.186,0.216,0.191,0.222,0.199,0.225,0.228,0.233,0.243,0.284,0.254,0.242,0.213
E14001391,0.232,0.261,0.247,0.269,0.244,0.244,0.233,0.252,0.265,0.27,0.3,0.268,0.319,0.277,0.329,0.327,0.353,0.325,0.319
E14001392,0.403,0.428,0.398,0.431,0.419,0.437,0.444,0.427,0.431,0.458,0.432,0.446,0.481,0.444,0.424,0.495,0.46,0.483,0.47
E14001393,0.341,0.312,0.342,0.339,0.338,0.372,0.358,0.365,0.345,0.38,0.392,0.38,0.375,0.368,0.415,0.418,0.375,0.387,0.374
E14001394,0.262,0.308,0.296,0.305,0.346,0.351,0.259,0.299,0.289,0.325,0.321,0.341,0.322,0.321,0.358,0.363,0.338,0.302,0.312
E14001395,0.309,0.289,0.284,0.289,0.293,0.301,0.295,0.311,0.304,0.316,0.289,0.328,0.308,0.313,0.316,0.331,0.304,0.267,0.285
E14001396,0.188,0.202,0.232,0.213,0.251,0.266,0.243,0.22,0.224,0.237,0.246,0.274,0.246,0.242,0.241,0.271,0.23,0.212,0.209
E14001397,0.285,0.265,0.271,0.286,0.306,0.322,0.318,0.334,0.323,0.349,0.323,0.357,0.301,0.335,0.316,0.343,0.325,0.303,0.281
E14001398,0.268,0.273,0.235,0.275,0.259,0.242,0.223,0.254,0.252,0.254,0.279,0.252,0.273,0.258,0.275,0.307,0.284,0.287,0.306
E14001399,0.366,0.333,0.346,0.32,0.389,0.398,0.349,0.36,0.361,0.36,0.424,0.409,0.367,0.41,0.452,0.439,0.406,0.421,0.414
E14001400,0.191,0.217,0.219,0.228,0.221,0.224,0.235,0.25,0.277,0.25,0.266,0.242,0.273,0.282,0.269,0.337,0.291,0.254,0.264
E14001401,0.188,0.241,0.235,0.232,0.256,0.271,0.277,0.268,0.306,0.303,0.298,0.321,0.315,0.351,0.367,0.36,0.387,0.333,0.383
E14001402,0.342,0.368,0.329,0.348,0.376,0.373,0.388,0.354,0.4,0.368,0.401,0.437,0.407,0.452,0.472,0.496,0.483,0.467,0.433
E14001403,0.246,0.232,0.249,0.271,0.262,0.313,0.267,0.258,0.259,0.304,0.288,0.295,0.333,0.362,0.366,0.351,0.356,0.332,0.34
E14001404,0.229,0.258,0.238,0.24,0.284,0.282,0.269,0.289,0.289,0.312,0.33,0.308,0.349,0.313,0.331,0.379,0.317,0.305,0.322
E14001405,0.197,0.183,0.199,0.19,0.186,0.159,0.179,0.211,0.22,0.196,0.208,0.236,0.259,0.242,0.248,0.265,0.27,0.244,0.219
E14001406,0.162,0.176,0.183,0.16,0.192,0.22,0.209,0.238,0.27,0.267,0.271,0.271,0.299,0.323,0.336,0.352,0.387,0.338,0.371
E14001407,0.241,0.25,0.295,0.316,0.307,0.297,0.301,0.323,0.314,0.337,0.361,0.396,0.399,0.366,0.389,0.443,0.401,0.45,0.392
E14001408,0.142,0.177,0.198,0.202,0.193,0.194,0.178,0.213,0.218,0.208,0.257,0.251,0.274,0.269,0.272,0.252,0.317,0.29,0.291
E14001409,0.182,0.223,0.229,0.194,0.197,0.208,0.218,0.252,0.27,0.252,0.314,0.296,0.292,0.317,0.32,0.336,0.368,0.345,0.32
E14001410,0.183,0.2,0.223,0.175,0.204,0.187,0.193,0.212,0.212,0.219,0.211,0.242,0.25,0.285,0.334,0.323,0.337,0.355,0.318
E14001411,0.128,0.147,0.168,0.195,0.22,0.175,0.178,0.172,0.162,0.2,0.186,0.213,0.254,0.265,0.329,0.277,0.318,0.288,0.294
E14001412,0.215,0.211,0.208,0.203,0.147,0.181,0.184,0.243,0.21,0.22,0.269,0.215,0.288,0.289,0.317,0.331,0.325,0.348,0.383
E14001413,0.225,0.205,0.228,0.207,0.201,0.22,0.208,0.217,0.232,0.264,0.279,0.276,0.295,0.31,0.327,0.346,0.317,0.307,0.267
E14001414,0.284,0.288,0.287,0.274,0.3,0.333,0.306,0.325,0.336,0.362,0.338,0.367,0.373,0.356,0.386,0.411,0.442,0.417,0.432
E14001415,0.225,0.252,0.249,0.279,0.259,0.258,0.236,0.272,0.301,0.308,0.328,0.332,0.319,0.35,0.335,0.382,0.353,0.338,0.321
E14001416,0.208,0.205,0.225,0.254,0.251,0.213,0.237,0.255,0.261,0.308,0.307,0.337,0.311,0.379,0.368,0.386,0.391,0.35,0.379
E14001417,0.333,0.301,0.277,0.31,0.342,0.329,0.309,0.324,0.38,0.38,0.391,0.378,0.411,0.422,0.42,0.502,0.467,0.436,0.473
E14001418,0.311,0.319,0.342,0.36,0.321,0.328,0.301,0.372,0.369,0.389,0.417,0.368,0.417,0.429,0.402,0.409,0.375,0.384,0.394
E14001419,0.184,0.21,0.268,0.233,0.241,0.204,0.22,0.25,0.297,0.273,0.316,0.296,0.312,0.355,0.318,0.347,0.411,0.423,0.366
E14001420,0.284,0.321,0.311,0.359,0.317,0.335,0.294,0.302,0.336,0.304,0.337,0.351,0.37,0.405,0.417,0.408,0.382,0.393,0.401
E14001421,0.202,0.218,0.243,0.27,0.293,0.275,0.261,0.303,0.308,0.375,0.391,0.394,0.431,0.443,0.495,0.477,0.467,0.523,0.501
E14001422,0.227,0.225,0.214,0.231,0.24,0.308,0.273,0.289,0.315,0.281,0.319,0.327,0.316,0.332,0.358,0.322,0.34,0.346,0.302
E14001423,0.265,0.31,0.316,0.314,0.311,0.279,0.274,0.279,0.292,0.352,0.333,0.366,0.342,0.326,0.336,0.354,0.312,0.349,0.37
E14001424,0.311,0.304,0.318,0.328,0.302,0.334,0.298,0.281,0.309,0.286,0.356,0.311,0.351,0.334,0.356,0.35,0.334,0.3,0.291
E14001425,0.181,0.2,0.197,0.2,0.197,0.208,0.231,0.247,0.248,0.28,0.263,0.269,0.293,0.3,0.325,0.338,0.335,0.312,0.354
E14001426,0.15,0.14,0.167,0.17,0.183,0.182,0.16,0.207,0.177,0.212,0.22,0.234,0.223,0.219,0.24,0.207,0.231,0.201,0.214
E14001427,0.203,0.194,0.192,0.194,0.188,0.231,0.207,0.213,0.243,0.25,0.247,0.255,0.283,0.284,0.301,0.328,0.305,0.296,0.288
E14001428,0.172,0.164,0.18,0.205,0.187,0.216,0.185,0.243,0.247,0.304,0.284,0.302,0.263,0.27,0.326,0.293,0.268,0.266,0.238
E14001429,0.21,0.279,0.243,0.277,0.274,0.256,0.233,0.271,0.273,0.284,0.306,0.327,0.303,0.387,0.374,0.375,0.358,0.343,0.34
E14001430,0.172,0.224,0.216,0.238,0.284,0.286,0.3,0.303,0.313,0.334,0.377,0.387,0.416,0.511,0.513,0.56,0.531,0.521,0.548
E14001431,0.158,0.137,0.194,0.205,0.185,0.153,0.147,0.155,0.178,0.19,0.227,0.195,0.232,0.238,0.246,0.229,0.252,0.224,0.24
E14001432,0.186,0.154,0.139,0.136,0.129,0.151,0.17,0.184,0.199,0.209,0.194,0.245,0.251,0.297,0.288,0.27,0.302,0.277,0.293
E14001433,0.221,0.219,0.222,0.255,0.257,0.297,0.306,0.367,0.325,0.315,0.289,0.311,0.305,0.321,0.361,0.314,0.299,0.279,0.286
E14001434,0.321,0.361,0.313,0.31,0.363,0.362,0.4,0.409,0.493,0.489,0.48,0.557,0.553,0.582,0.615,0.599,0.567,0.605,0.632
E14001435,0.245,0.266,0.28,0.319,0.363,0.302,0.296,0.328,0.33,0.38,0.412,0.423,0.443,0.473,0.529,0.484,0.519,0.505,0.522
E14001436,0.138,0.19,0.206,0.18,0.194,0.229,0.203,0.229,0.247,0.259,0.274,0.229,0.243,0.267,0.306,0.274,0.247,0.271,0.262
E14001437,0.245,0.243,0.268,0.25,0.272,0.273,0.244,0.27,0.281,0.293,0.303,0.306,0.337,0.302,0.314,0.34,0.35,0.32,0.315
E14001438,0.272,0.254,0.23,0.256,0.295,0.276,0.283,0.297,0.301,0.329,0.327,0.346,0.34,0.348,0.409,0.362,0.406,0.42,0.407
E14001439,0.286,0.268,0.283,0.293,0.313,0.285,0.282,0.291,0.264,0.309,0.305,0.351,0.326,0.37,0.336,0.358,0.405,0.366,0.394
E14001440,0.201,0.188,0.196,0.217,0.222,0.231,0.234,0.245,0.219,0.248,0.271,0.275,0.283,0.321,0.309,0.302,0.248,0.257,0.277
E14001441,0.244,0.247,0.236,0.254,0.244,0.295,0.241,0.283,0.273,0.285,0.269,0.28,0.286,0.285,0.295,0.314,0.344,0.282,0.29
E14001442,0.325,0.374,0.362,0.366,0.362,0.342,0.393,0.356,0.417,0.405,0.467,0.486,0.469,0.456,0.476,0.489,0.511,0.478,0.498
E14001443,0.358,0.361,0.398,0.429,0.459,0.444,0.409,0.477,0.431,0.429,0.432,0.452,0.418,0.418,0.423,0.429,0.397,0.366,0.372
E14001444,0.304,0.279,0.278,0.271,0.274,0.32,0.345,0.356,0.349,0.374,0.407,0.392,0.389,0.417,0.42,0.41,0.409,0.347,0.355
E14001445,0.451,0.461,0.481,0.5,0.474,0.475,0.505,0.524,0.513,0.582,0.573,0.577,0.583,0.646,0.686,0.66,0.625,0.661,0.688
E14001446,0.223,0.205,0.234,0.245,0.254,0.253,0.309,0.263,0.29,0.326,0.36,0.349,0.376,0.366,0.387,0.386,0.382,0.379,0.367
E14001447,0.206,0.212,0.192,0.203,0.207,0.221,0.212,0.231,0.276,0.27,0.251,0.31,0.285,0.326,0.331,0.348,0.342,0.351,0.333
E14001448,0.227,0.22,0.246,0.249,0.275,0.25,0.282,0.281,0.257,0.308,0.309,0.291,0.301,0.335,0.397,0.426,0.445,0.447,0.456
E14001449,0.304,0.341,0.3,0.352,0.298,0.339,0.311,0.355,0.346,0.366,0.349,0.351,0.384,0.341,0.424,0.438,0.408,0.421,0.452
E14001450,0.242,0.246,0.249,0.289,0.313,0.343,0.321,0.309,0.324,0.334,0.335,0.321,0.336,0.334,0.348,0.333,0.319,0.271,0.278
E14001451,0.234,0.248,0.256,0.261,0.25,0.262,0.264,0.276,0.331,0.339,0.356,0.305,0.284,0.305,0.292,0.334,0.315,0.252,0.308
E14001452,0.146,0.167,0.185,0.199,0.186,0.187,0.193,0.198,0.195,0.228,0.254,0.228,0.256,0.244,0.283,0.277,0.272,0.269,0.262
E14001453,0.24,0.263,0.233,0.278,0.273,0.273,0.305,0.283,0.33,0.315,0.336,0.306,0.312,0.331,0.357,0.374,0.357,0.337,0.339
E14001454,0.48,0.446,0.541,0.542,0.552,0.5,0.484,0.511,0.51,0.553,0.515,0.558,0.57,0.573,0.553,0.563,0.565,0.601,0.574
E14001455,0.246,0.243,0.251,0.255,0.251,0.25,0.267,0.226,0.309,0.346,0.302,0.294,0.321,0.295,0.342,0.31,0.345,0.341,0.296
E14001456,0.319,0.333,0.361,0.356,0.37,0.361,0.385,0.367,0.384,0.436,0.428,0.466,0.462,0.455,0.509,0.481,0.51,0.504,0.481
E14001457,0.343,0.408,0.382,0.366,0.386,0.372,0.39,0.402,0.406,0.409,0.476,0.498,0.446,0.478,0.532,0.506,0.538,0.512,0.55
E14001458,0.285,0.287,0.29,0.331,0.333,0.314,0.302,0.32,0.321,0.337,0.349,0.373,0.349,0.36,0.365,0.377,0.355,0.385,0.394
E14001459,0.162,0.162,0.149,0.205,0.183,0.199,0.261,0.219,0.219,0.217,0.215,0.244,0.213,0.254,0.274,0.265,0.243,0.242,0.283
E14001460,0.303,0.303,0.315,0.298,0.292,0.314,0.309,0.377,0.358,0.347,0.372,0.353,0.386,0.38,0.411,0.415,0.366,0.39,0.387
E14001461,0.216,0.226,0.215,0.232,0.236,0.269,0.228,0.254,0.249,0.276,0.268,0.261,0.3,0.299,0.281,0.289,0.29,0.241,0.26
E14001462,0.194,0.208,0.217,0.199,0.208,0.218,0.202,0.206,0.221,0.197,0.227,0.249,0.242,0.28,0.295,0.269,0.237,0.252,0.236
E14001463,0.351,0.377,0.39,0.388,0.398,0.382,0.373,0.364,0.392,0.408,0.409,0.409,0.379,0.42,0.472,0.434,0.412,0.381,0.451
E14001464,0.234,0.21,0.249,0.235,0.258,0.255,0.219,0.257,0.263,0.269,0.278,0.294,0.266,0.318,0.299,0.341,0.324,0.331,0.277
E14001465,0.334,0.306,0.336,0.314,0.379,0.358,0.348,0.367,0.383,0.39,0.419,0.432,0.438,0.469,0.46,0.484,0.503,0.46,0.522
E14001466,0.11,0.15,0.15,0.187,0.165,0.172,0.154,0.161,0.181,0.204,0.21,0.239,0.253,0.273,0.267,0.296,0.314,0.276,0.302
E14001467,0.229,0.203,0.134,0.093,0.08,0.158,0.228,0.304,0.299,0.241,0.269,0.272,0.264,0.271,0.402,0.407,0.34,0.39,0.451
E14001468,0.484,0.476,0.547,0.485,0.464,0.517,0.462,0.432,0.468,0.478,0.464,0.517,0.508,0.531,0.535,0.553,0.523,0.53,0.592
E14001469,0.174,0.181,0.187,0.235,0.189,0.196,0.213,0.211,0.244,0.239,0.258,0.234,0.268,0.255,0.323,0.318,0.318,0.292,0.293
E14001470,0.18,0.154,0.2,0.239,0.181,0.189,0.213,0.192,0.246,0.216,0.23,0.301,0.242,0.302,0.33,0.293,0.283,0.291,0.292
E14001471,0.21,0.203,0.223,0.233,0.208,0.218,0.226,0.221,0.226,0.243,0.258,0.27,0.284,0.296,0.315,0.319,0.289,0.268,0.269
E14001472,0.322,0.342,0.367,0.383,0.371,0.372,0.396,0.349,0.385,0.406,0.411,0.443,0.4,0.397,0.465,0.398,0.385,0.405,0.394
E14001473,0.226,0.216,0.229,0.243,0.243,0.288,0.249,0.254,0.284,0.266,0.268,0.293,0.275,0.274,0.3,0.31,0.296,0.291,0.263
E14001474,0.187,0.169,0.17,0.209,0.189,0.214,0.232,0.22,0.236,0.234,0.244,0.249,0.27,0.238,0.258,0.284,0.295,0.286,0.277
E14001475,0.302,0.303,0.331,0.301,0.344,0.358,0.351,0.357,0.394,0.409,0.395,0.416,0.386,0.423,0.407,0.386,0.358,0.366,0.416
E14001476,0.255,0.277,0.266,0.277,0.291,0.3,0.315,0.319,0.344,0.325,0.38,0.339,0.367,0.349,0.347,0.388,0.396,0.321,0.364
E14001477,0.228,0.233,0.266,0.293,0.306,0.3,0.286,0.313,0.292,0.322,0.339,0.364,0.378,0.426,0.477,0.424,0.412,0.429,0.449
E14001478,0.178,0.178,0.216,0.228,0.209,0.229,0.218,0.26,0.282,0.298,0.306,0.32,0.341,0.346,0.359,0.361,0.334,0.316,0.352
E14001479,0.386,0.426,0.388,0.425,0.407,0.452,0.4,0.408,0.426,0.445,0.414,0.422,0.433,0.429,0.452,0.503,0.488,0.443,0.463
E14001480,0.143,0.175,0.163,0.184,0.19,0.207,0.175,0.186,0.193,0.204,0.212,0.216,0.22,0.248,0.272,0.278,0.281,0.3,0.293
E14001481,0.285,0.341,0.334,0.339,0.355,0.396,0.369,0.34,0.341,0.391,0.389,0.385,0.405,0.442,0.448,0.451,0.489,0.468,0.493
E14001482,0.321,0.316,0.293,0.323,0.305,0.357,0.325,0.369,0.356,0.381,0.378,0.385,0.412,0.394,0.478,0.484,0.429,0.436,0.457
E14001483,0.196,0.24,0.239,0.274,0.246,0.273,0.243,0.257,0.261,0.26,0.278,0.278,0.271,0.319,0.368,0.365,0.367,0.333,0.277
E14001484,0.227,0.238,0.264,0.218,0.23,0.278,0.241,0.255,0.311,0.316,0.306,0.3,0.274,0.315,0.313,0.331,0.271,0.304,0.284
E14001485,0.182,0.169,0.172,0.211,0.2,0.207,0.229,0.238,0.275,0.241,0.266,0.265,0.267,0.235,0.274,0.283,0.239,0.213,0.213
E14001486,0.254,0.263,0.267,0.252,0.261,0.302,0.289,0.29,0.285,0.311,0.268,0.297,0.284,0.303,0.307,0.341,0.284,0.274,0.265
E14001487,0.23,0.2,0.212,0.246,0.261,0.285,0.252,0.261,0.24,0.254,0.252,0.284,0.26,0.295,0.296,0.279,0.311,0.282,0.272
E14001488,0.229,0.297,0.261,0.273,0.257,0.27,0.28,0.32,0.304,0.316,0.325,0.325,0.325,0.334,0.332,0.343,0.38,0.353,0.331
E14001489,0.277,0.301,0.31,0.347,0.334,0.322,0.305,0.35,0.321,0.325,0.337,0.383,0.334,0.359,0.396,0.404,0.38,0.373,0.351
E14001490,0.298,0.309,0.321,0.329,0.336,0.35,0.338,0.343,0.357,0.407,0.375,0.412,0.426,0.406,0.408,0.458,0.398,0.418,0.394
E14001491,0.335,0.315,0.313,0.364,0.359,0.396,0.383,0.342,0.406,0.39,0.372,0.378,0.331,0.371,0.356,0.357,0.296,0.289,0.307
E14001492,0.178,0.187,0.207,0.199,0.185,0.208,0.212,0.241,0.231,0.267,0.277,0.294,0.291,0.277,0.309,0.306,0.27,0.274,0.283
E14001493,0.25,0.281,0.276,0.289,0.304,0.303,0.271,0.304,0.294,0.313,0.296,0.301,0.297,0.295,0.319,0.321,0.319,0.296,0.325
E14001494,0.272,0.263,0.249,0.276,0.295,0.319,0.265,0.264,0.284,0.322,0.334,0.309,0.342,0.357,0.349,0.357,0.351,0.332,0.293
E14001495,0.299,0.297,0.281,0.331,0.348,0.337,0.321,0.32,0.296,0.303,0.336,0.325,0.345,0.336,0.355,0.357,0.321,0.339,0.305
E14001496,0.348,0.328,0.366,0.347,0.362,0.42,0.377,0.472,0.451,0.442,0.523,0.476,0.493,0.479,0.498,0.532,0.519,0.508,0.5
E14001497,0.161,0.174,0.173,0.188,0.179,0.189,0.15,0.161,0.186,0.196,0.198,0.259,0.206,0.231,0.25,0.267,0.231,0.211,0.228
E14001498,0.228,0.195,0.211,0.251,0.248,0.246,0.269,0.267,0.276,0.286,0.302,0.315,0.278,0.32,0.318,0.338,0.305,0.324,0.304
E14001499,0.13,0.148,0.143,0.17,0.169,0.144,0.127,0.165,0.186,0.183,0.199,0.218,0.193,0.235,0.256,0.267,0.256,0.253,0.26
E14001500,0.189,0.205,0.208,0.197,0.25,0.205,0.218,0.196,0.225,0.218,0.255,0.232,0.3,0.287,0.333,0.33,0.303,0.298,0.315
E14001501,0.209,0.226,0.214,0.235,0.244,0.245,0.25,0.291,0.274,0.258,0.262,0.282,0.249,0.294,0.313,0.302,0.343,0.313,0.325
E14001502,0.226,0.269,0.245,0.294,0.284,0.274,0.254,0.288,0.298,0.321,0.313,0.295,0.328,0.362,0.359,0.374,0.361,0.362,0.409
E14001503,0.361,0.326,0.356,0.338,0.335,0.403,0.358,0.369,0.404,0.399,0.415,0.429,0.478,0.465,0.483,0.527,0.503,0.531,0.525
E14001504,0.307,0.309,0.325,0.346,0.326,0.378,0.32,0.317,0.355,0.364,0.392,0.393,0.384,0.349,0.375,0.377,0.331,0.338,0.353
E14001505,0.227,0.242,0.251,0.259,0.251,0.257,0.241,0.282,0.281,0.249,0.347,0.334,0.347,0.348,0.403,0.43,0.394,0.38,0.399
E14001506,0.261,0.27,0.263,0.252,0.248,0.305,0.28,0.325,0.333,0.333,0.349,0.353,0.358,0.343,0.371,0.369,0.352,0.304,0.302
E14001507,0.407,0.392,0.371,0.375,0.384,0.447,0.425,0.449,0.455,0.46,0.533,0.54,0.557,0.55,0.638,0.616,0.612,0.58,0.601
E14001508,0.192,0.192,0.211,0.195,0.198,0.236,0.229,0.229,0.251,0.272,0.24,0.255,0.229,0.256,0.265,0.317,0.258,0.212,0.263
E14001509,0.2,0.231,0.218,0.249,0.241,0.263,0.276,0.264,0.291,0.298,0.292,0.288,0.297,0.292,0.322,0.272,0.339,0.283,0.285
E14001510,0.25,0.24,0.263,0.275,0.268,0.278,0.287,0.29,0.348,0.308,0.27,0.306,0.304,0.282,0.339,0.318,0.327,0.302,0.32
E14001511,0.208,0.224,0.234,0.276,0.244,0.261,0.264,0.301,0.29,0.289,0.347,0.274,0.31,0.304,0.324,0.339,0.31,0.319,0.283
E14001512,0.288,0.296,0.278,0.293,0.305,0.336,0.311,0.323,0.305,0.304,0.358,0.312,0.349,0.347,0.368,0.439,0.41,0.398,0.441
E14001513,0.291,0.308,0.302,0.326,0.305,0.324,0.285,0.287,0.331,0.321,0.304,0.338,0.351,0.347,0.408,0.335,0.378,0.361,0.346
E14001514,0.274,0.298,0.282,0.272,0.286,0.343,0.279,0.274,0.297,0.307,0.324,0.341,0.298,0.338,0.317,0.332,0.353,0.278,0.304
E14001515,0.202,0.201,0.22,0.256,0.257,0.264,0.264,0.301,0.304,0.299,0.281,0.309,0.341,0.34,0.379,0.323,0.341,0.305,0.329
E14001516,0.214,0.195,0.217,0.25,0.246,0.242,0.231,0.257,0.255,0.312,0.307,0.348,0.296,0.33,0.358,0.356,0.364,0.346,0.346
E14001517,0.18,0.219,0.213,0.232,0.233,0.265,0.237,0.262,0.252,0.291,0.303,0.313,0.326,0.301,0.341,0.313,0.355,0.327,0.366
E14001518,0.166,0.189,0.188,0.202,0.203,0.223,0.198,0.205,0.254,0.223,0.261,0.295,0.264,0.261,0.304,0.282,0.272,0.259,0.271
E14001519,0.329,0.368,0.337,0.403,0.405,0.385,0.338,0.358,0.389,0.362,0.404,0.434,0.408,0.423,0.45,0.436,0.39,0.425,0.431
E14001520,0.154,0.145,0.146,0.151,0.155,0.175,0.198,0.175,0.215,0.205,0.196,0.219,0.229,0.261,0.256,0.265,0.287,0.241,0.269
E14001521,0.172,0.172,0.176,0.194,0.198,0.182,0.2,0.177,0.229,0.247,0.242,0.246,0.25,0.297,0.258,0.282,0.251,0.237,0.24
E14001522,0.203,0.232,0.232,0.276,0.234,0.236,0.242,0.245,0.26,0.279,0.312,0.293,0.299,0.306,0.358,0.337,0.355,0.293,0.318
E14001523,0.309,0.292,0.297,0.314,0.303,0.342,0.283,0.307,0.34,0.324,0.359,0.357,0.338,0.343,0.378,0.368,0.381,0.371,0.373
E14001524,0.226,0.235,0.25,0.262,0.247,0.285,0.282,0.3,0.287,0.283,0.269,0.28,0.274,0.277,0.275,0.296,0.261,0.303,0.284
E14001525,0.236,0.25,0.245,0.266,0.33,0.342,0.283,0.338,0.314,0.379,0.341,0.416,0.394,0.476,0.503,0.478,0.448,0.445,0.496
E14001526,0.407,0.39,0.389,0.348,0.341,0.401,0.344,0.417,0.371,0.413,0.425,0.424,0.418,0.393,0.429,0.462,0.463,0.436,0.427
E14001527,0.292,0.326,0.331,0.331,0.318,0.378,0.322,0.373,0.356,0.362,0.394,0.417,0.431,0.446,0.48,0.505,0.478,0.512,0.503
E14001528,0.256,0.275,0.277,0.267,0.314,0.309,0.285,0.307,0.349,0.335,0.333,0.362,0.324,0.362,0.403,0.411,0.399,0.344,0.409
E14001529,0.278,0.263,0.249,0.273,0.278,0.261,0.252,0.256,0.329,0.321,0.301,0.312,0.337,0.317,0.348,0.371,0.298,0.353,0.322
E14001530,0.292,0.287,0.283,0.313,0.282,0.314,0.279,0.316,0.278,0.302,0.306,0.332,0.318,0.3,0.328,0.311,0.34,0.312,0.326
E14001531,0.216,0.172,0.214,0.211,0.251,0.263,0.255,0.292,0.299,0.287,0.29,0.291,0.293,0.314,0.335,0.281,0.326,0.305,0.321
E14001532,0.353,0.372,0.387,0.365,0.409,0.42,0.404,0.386,0.395,0.416,0.469,0.442,0.476,0.513,0.446,0.54,0.486,0.431,0.489
E14001533,0.304,0.284,0.336,0.29,0.326,0.337,0.286,0.319,0.305,0.31,0.353,0.375,0.362,0.346,0.414,0.364,0.364,0.33,0.345
E14001534,0.329,0.319,0.366,0.388,0.39,0.406,0.39,0.389,0.398,0.424,0.466,0.465,0.427,0.458,0.493,0.53,0.548,0.521,0.547
E14001535,0.444,0.433,0.491,0.525,0.487,0.472,0.429,0.424,0.454,0.431,0.465,0.487,0.434,0.496,0.515,0.552,0.498,0.47,0.527
E14001536,0.142,0.167,0.151,0.132,0.168,0.16,0.136,0.172,0.162,0.173,0.162,0.21,0.215,0.22,0.275,0.294,0.277,0.282,0.313
E14001537,0.175,0.164,0.167,0.182,0.148,0.195,0.16,0.191,0.17,0.177,0.202,0.212,0.217,0.228,0.259,0.288,0.3,0.271,0.308
E14001538,0.216,0.205,0.218,0.255,0.23,0.268,0.255,0.268,0.242,0.277,0.234,0.247,0.277,0.228,0.287,0.284,0.299,0.261,0.28
E14001539,0.439,0.479,0.424,0.44,0.439,0.488,0.435,0.462,0.483,0.515,0.509,0.518,0.498,0.503,0.547,0.559,0.504,0.528,0.535
E14001540,0.236,0.27,0.231,0.27,0.259,0.275,0.251,0.237,0.269,0.289,0.304,0.302,0.259,0.257,0.262,0.259,0.27,0.253,0.24
E14001541,0.165,0.158,0.18,0.199,0.192,0.223,0.201,0.222,0.242,0.238,0.244,0.257,0.241,0.244,0.301,0.271,0.3,0.284,0.274
E14001542,0.291,0.272,0.303,0.319,0.328,0.309,0.295,0.287,0.337,0.338,0.361,0.389,0.389,0.367,0.445,0.431,0.404,0.403,0.413
E14001543,0.239,0.224,0.276,0.253,0.249,0.285,0.286,0.296,0.272,0.291,0.318,0.345,0.315,0.34,0.325,0.33,0.36,0.323,0.333
E14001544,0.271,0.24,0.253,0.274,0.287,0.304,0.3,0.31,0.303,0.316,0.329,0.323,0.297,0.319,0.352,0.364,0.348,0.329,0.311
E14001545,0.281,0.298,0.316,0.288,0.348,0.326,0.292,0.306,0.307,0.303,0.352,0.311,0.349,0.302,0.318,0.373,0.342,0.387,0.321
E14001546,0.152,0.166,0.199,0.184,0.198,0.244,0.201,0.227,0.233,0.235,0.272,0.273,0.328,0.309,0.328,0.37,0.394,0.388,0.413
E14001547,0.12,0.144,0.175,0.187,0.178,0.171,0.185,0.206,0.222,0.228,0.242,0.238,0.239,0.272,0.285,0.281,0.287,0.303,0.318
E14001548,0.246,0.235,0.252,0.25,0.242,0.274,0.224,0.256,0.232,0.248,0.244,0.264,0.247,0.271,0.273,0.295,0.278,0.221,0.254
E14001549,0.315,0.308,0.298,0.315,0.328,0.375,0.313,0.357,0.354,0.335,0.378,0.391,0.365,0.417,0.42,0.433,0.437,0.419,0.42
E14001550,0.291,0.344,0.351,0.416,0.38,0.368,0.373,0.384,0.421,0.471,0.471,0.514,0.527,0.508,0.6,0.621,0.537,0.549,0.588
E14001551,0.192,0.214,0.172,0.191,0.208,0.217,0.212,0.196,0.235,0.221,0.238,0.235,0.267,0.248,0.295,0.294,0.259,0.247,0.263
E14001552,0.219,0.205,0.213,0.23,0.241,0.256,0.219,0.229,0.244,0.215,0.247,0.269,0.241,0.262,0.242,0.239,0.264,0.218,0.25
E14001553,0.191,0.196,0.2,0.225,0.223,0.275,0.238,0.261,0.293,0.297,0.291,0.288,0.304,0.309,0.338,0.368,0.347,0.331,0.348
E14001554,0.248,0.285,0.28,0.29,0.268,0.355,0.31,0.31,0.304,0.315,0.334,0.331,0.363,0.331,0.329,0.375,0.328,0.274,0.34
E14001555,0.337,0.35,0.341,0.318,0.368,0.382,0.37,0.371,0.417,0.41,0.442,0.43,0.448,0.455,0.472,0.538,0.492,0.509,0.537
E14001556,0.428,0.41,0.414,0.436,0.416,0.489,0.463,0.525,0.493,0.557,0.517,0.597,0.57,0.613,0.607,0.593,0.656,0.611,0.664
E14001557,0.297,0.296,0.317,0.323,0.3,0.364,0.304,0.349,0.335,0.31,0.344,0.366,0.376,0.385,0.385,0.397,0.391,0.373,0.381
E14001558,0.304,0.249,0.258,0.238,0.258,0.312,0.302,0.327,0.345,0.345,0.383,0.41,0.388,0.413,0.428,0.5,0.472,0.499,0.541
E14001559,0.197,0.236,0.233,0.204,0.233,0.287,0.259,0.314,0.318,0.402,0.361,0.441,0.408,0.443,0.468,0.494,0.526,0.479,0.501
E14001560,0.212,0.215,0.208,0.219,0.246,0.231,0.254,0.246,0.273,0.288,0.3,0.321,0.284,0.352,0.356,0.326,0.307,0.303,0.302
E14001561,0.238,0.245,0.241,0.257,0.258,0.288,0.247,0.274,0.295,0.3,0.298,0.319,0.31,0.321,0.318,0.341,0.335,0.346,0.321
E14001562,0.179,0.173,0.175,0.171,0.197,0.203,0.192,0.248,0.254,0.246,0.273,0.26,0.317,0.328,0.329,0.352,0.379,0.342,0.355
E14001563,0.261,0.264,0.266,0.281,0.283,0.331,0.293,0.284,0.305,0.321,0.359,0.409,0.392,0.397,0.467,0.456,0.439,0.463,0.462
E14001564,0.259,0.222,0.257,0.266,0.253,0.326,0.298,0.248,0.28,0.301,0.279,0.293,0.294,0.278,0.338,0.33,0.311,0.313,0.293
E14001565,0.305,0.346,0.341,0.377,0.356,0.391,0.363,0.388,0.385,0.351,0.392,0.406,0.371,0.409,0.427,0.467,0.435,0.423,0.399
E14001566,0.291,0.282,0.224,0.188,0.266,0.311,0.321,0.316,0.357,0.362,0.378,0.418,0.402,0.424,0.415,0.447,0.45,0.478,0.445
E14001567,0.206,0.209,0.221,0.233,0.186,0.241,0.203,0.228,0.23,0.234,0.232,0.251,0.241,0.222,0.267,0.262,0.25,0.247,0.243
E14001568,0.28,0.311,0.345,0.333,0.329,0.337,0.342,0.369,0.403,0.407,0.44,0.428,0.438,0.45,0.478,0.488,0.495,0.449,0.521
E14001569,0.261,0.265,0.258,0.283,0.261,0.326,0.253,0.277,0.317,0.29,0.316,0.333,0.305,0.296,0.333,0.316,0.348,0.326,0.33
E14001570,0.311,0.306,0.31,0.307,0.29,0.291,0.305,0.335,0.314,0.347,0.328,0.329,0.396,0.368,0.393,0.4,0.395,0.423,0.38
E14001571,0.185,0.21,0.209,0.226,0.204,0.256,0.227,0.269,0.276,0.263,0.296,0.279,0.291,0.269,0.312,0.319,0.334,0.318,0.283
E14001572,0.285,0.277,0.29,0.284,0.286,0.305,0.303,0.311,0.316,0.331,0.348,0.347,0.314,0.358,0.355,0.387,0.357,0.355,0.334
E14001573,0.275,0.324,0.379,0.339,0.282,0.286,0.309,0.313,0.321,0.356,0.357,0.368,0.404,0.397,0.377,0.444,0.429,0.445,0.418
E14001574,0.216,0.222,0.231,0.252,0.228,0.217,0.246,0.267,0.281,0.304,0.303,0.309,0.353,0.336,0.335,0.359,0.332,0.333,0.392
E14001575,0.211,0.249,0.231,0.218,0.228,0.248,0.232,0.238,0.276,0.266,0.296,0.294,0.295,0.296,0.325,0.307,0.281,0.269,0.286
E14001576,0.233,0.252,0.277,0.292,0.337,0.327,0.306,0.362,0.348,0.387,0.365,0.404,0.451,0.467,0.511,0.494,0.485,0.491,0.511
E14001577,0.266,0.269,0.281,0.305,0.272,0.287,0.306,0.327,0.367,0.326,0.362,0.33,0.361,0.357,0.381,0.333,0.37,0.369,0.331
E14001578,0.173,0.185,0.17,0.189,0.188,0.201,0.184,0.198,0.188,0.223,0.244,0.273,0.222,0.25,0.276,0.316,0.267,0.277,0.26
E14001579,0.301,0.288,0.296,0.303,0.278,0.293,0.263,0.299,0.342,0.314,0.347,0.352,0.34,0.32,0.371,0.379,0.349,0.319,0.328
E14001580,0.282,0.327,0.328,0.313,0.302,0.319,0.314,0.312,0.319,0.34,0.304,0.319,0.313,0.351,0.321,0.357,0.293,0.301,0.295
E14001581,0.151,0.175,0.178,0.203,0.178,0.194,0.204,0.232,0.253,0.242,0.241,0.229,0.25,0.258,0.241,0.289,0.264,0.245,0.204
E14001582,0.419,0.365,0.382,0.397,0.461,0.406,0.387,0.402,0.418,0.446,0.428,0.445,0.39,0.431,0.465,0.496,0.441,0.405,0.464
E14001583,0.222,0.181,0.228,0.221,0.216,0.188,0.212,0.202,0.208,0.178,0.211,0.243,0.205,0.236,0.248,0.252,0.253,0.19,0.18
E14001584,0.214,0.201,0.213,0.254,0.25,0.259,0.242,0.261,0.283,0.291,0.279,0.298,0.304,0.329,0.312,0.361,0.351,0.326,0.309
E14001585,0.228,0.211,0.234,0.268,0.279,0.264,0.277,0.33,0.332,0.333,0.301,0.313,0.32,0.301,0.306,0.317,0.3,0.288,0.318
E14001586,0.449,0.487,0.519,0.542,0.531,0.507,0.554,0.464,0.509,0.556,0.614,0.62,0.646,0.663,0.714,0.733,0.651,0.664,0.684
E14001587,0.381,0.359,0.335,0.367,0.402,0.421,0.367,0.381,0.427,0.407,0.384,0.402,0.424,0.46,0.42,0.454,0.448,0.449,0.462
E14001588,0.278,0.286,0.28,0.29,0.293,0.287,0.322,0.309,0.332,0.335,0.392,0.374,0.4,0.427,0.453,0.486,0.44,0.413,0.467
E14001589,0.405,0.403,0.429,0.42,0.399,0.442,0.43,0.398,0.417,0.431,0.475,0.478,0.439,0.476,0.5,0.514,0.505,0.458,0.484
E14001590,0.242,0.251,0.268,0.284,0.271,0.27,0.278,0.254,0.319,0.285,0.287,0.303,0.29,0.297,0.36,0.419,0.388,0.36,0.335
E14001591,0.27,0.295,0.259,0.266,0.339,0.315,0.319,0.306,0.305,0.314,0.388,0.395,0.364,0.391,0.411,0.428,0.392,0.395,0.38
E14001592,0.344,0.292,0.355,0.349,0.393,0.394,0.392,0.399,0.405,0.45,0.47,0.441,0.47,0.473,0.485,0.514,0.507,0.445,0.489
E14001593,0.431,0.44,0.475,0.496,0.55,0.473,0.455,0.471,0.451,0.5,0.499,0.504,0.51,0.543,0.552,0.564,0.589,0.538,0.639
E14001594,0.172,0.197,0.188,0.217,0.221,0.2,0.237,0.263,0.279,0.285,0.286,0.287,0.295,0.319,0.331,0.364,0.307,0.329,0.33
E14001595,0.164,0.138,0.186,0.175,0.165,0.172,0.183,0.192,0.214,0.27,0.266,0.276,0.28,0.303,0.334,0.328,0.335,0.29,0.342
E14001596,0.331,0.298,0.282,0.303,0.291,0.336,0.332,0.356,0.398,0.346,0.416,0.393,0.369,0.448,0.41,0.456,0.452,0.426,0.433
E14001597,0.224,0.244,0.196,0.234,0.222,0.209,0.234,0.246,0.291,0.309,0.295,0.312,0.306,0.327,0.334,0.33,0.345,0.343,0.358
E14001598,0.233,0.257,0.268,0.301,0.297,0.28,0.295,0.302,0.331,0.334,0.341,0.309,0.345,0.323,0.367,0.366,0.348,0.311,0.289
E14001599,0.185,0.189,0.207,0.209,0.232,0.213,0.228,0.22,0.245,0.246,0.252,0.265,0.295,0.296,0.312,0.319,0.31,0.279,0.287
E14001600,0.268,0.25,0.275,0.283,0.28,0.285,0.293,0.341,0.332,0.333,0.362,0.386,0.348,0.389,0.415,0.418,0.431,0.388,0.433
E14001601,0.22,0.219,0.221,0.217,0.241,0.258,0.243,0.264,0.266,0.254,0.285,0.285,0.279,0.269,0.303,0.296,0.305,0.267,0.264
E14001602,0.175,0.192,0.222,0.254,0.29,0.25,0.261,0.235,0.287,0.278,0.325,0.34,0.296,0.349,0.393,0.336,0.358,0.338,0.346
E14001603,0.213,0.177,0.196,0.181,0.195,0.207,0.187,0.173,0.226,0.236,0.214,0.232,0.233,0.248,0.244,0.265,0.24,0.25,0.203
E14001604,0.197,0.222,0.184,0.188,0.171,0.256,0.247,0.239,0.254,0.24,0.271,0.267,0.285,0.285,0.284,0.344,0.337,0.301,0.326
E14001605,0.337,0.363,0.386,0.455,0.505,0.415,0.366,0.382,0.408,0.412,0.419,0.44,0.436,0.432,0.431,0.439,0.406,0.393,0.393
N05000001,0.274,0.289,0.313,0.338,0.3,0.342,0.263,0.293,0.313,0.288,0.318,0.305,0.309,0.307,0.364,0.394,0.363,0.335,0.402
N05000002,0.24,0.23,0.261,0.271,0.235,0.237,0.244,0.223,0.236,0.22,0.24,0.215,0.219,0.252,0.32,0.358,0.336,0.284,0.314
N05000003,0.4,0.406,0.472,0.436,0.434,0.461,0.438,0.467,0.404,0.42,0.425,0.42,0.434,0.449,0.462,0.519,0.499,0.434,0.481
N05000004,0.177,0.209,0.187,0.236,0.237,0.238,0.238,0.25,0.277,0.244,0.26,0.267,0.233,0.259,0.305,0.301,0.284,0.318,0.268
N05000005,0.318,0.359,0.361,0.371,0.374,0.368,0.356,0.391,0.401,0.392,0.381,0.404,0.409,0.439,0.49,0.52,0.467,0.468,0.432
N05000006,0.347,0.385,0.344,0.401,0.373,0.348,0.36,0.412,0.402,0.369,0.408,0.416,0.388,0.363,0.449,0.474,0.43,0.37,0.395
N05000007,0.402,0.403,0.373,0.415,0.381,0.36,0.37,0.345,0.336,0.303,0.339,0.339,0.375,0.351,0.412,0.448,0.392,0.394,0.362
N05000008,0.382,0.365,0.376,0.385,0.354,0.378,0.33,0.36,0.387,0.342,0.376,0.38,0.344,0.339,0.405,0.421,0.343,0.369,0.33
N05000009,0.323,0.361,0.377,0.365,0.346,0.344,0.348,0.391,0.377,0.342,0.384,0.36,0.399,0.409,0.45,0.451,0.481,0.425,0.455
N05000010,0.369,0.405,0.388,0.426,0.423,0.423,0.394,0.426,0.364,0.347,0.361,0.332,0.369,0.38,0.448,0.411,0.417,0.399,0.376
N05000011,0.309,0.33,0.3,0.331,0.348,0.335,0.332,0.369,0.34,0.332,0.308,0.304,0.321,0.335,0.394,0.389,0.377,0.369,0.34
N05000012,0.35,0.347,0.339,0.352,0.333,0.337,0.34,0.357,0.367,0.381,0.39,0.389,0.369,0.428,0.43,0.426,0.429,0.418,0.396
N05000013,0.347,0.378,0.365,0.373,0.329,0.337,0.357,0.372,0.381,0.369,0.389,0.386,0.382,0.379,0.456,0.465,0.464,0.4,0.389
N05000014,0.28,0.299,0.309,0.317,0.335,0.324,0.316,0.337,0.339,0.29,0.341,0.341,0.364,0.382,0.44,0.434,0.445,0.431,0.39
N05000015,0.322,0.32,0.322,0.354,0.32,0.33,0.338,0.388,0.336,0.392,0.351,0.37,0.375,0.354,0.429,0.474,0.44,0.393,0.42
N05000016,0.29,0.295,0.304,0.341,0.311,0.358,0.335,0.349,0.344,0.327,0.339,0.39,0.386,0.363,0.438,0.47,0.441,0.39,0.373
N05000017,0.31,0.312,0.315,0.327,0.33,0.296,0.307,0.312,0.295,0.318,0.289,0.269,0.289,0.269,0.319,0.341,0.338,0.312,0.334
N05000018,0.376,0.368,0.383,0.412,0.396,0.378,0.366,0.385,0.385,0.372,0.403,0.364,0.399,0.407,0.419,0.469,0.418,0.402,0.371
S14000021,0.453,0.405,0.396,0.439,0.456,0.469,0.477,0.41,0.473,0.47,0.452,0.462,0.46,0.481,0.497,0.495,0.504,0.502,0.522
S14000027,0.275,0.239,0.3,0.182,0.274,0.166,0.227,0.279,0.193,0.252,0.292,0.271,0.267,0.204,0.288,0.279,0.215,0.266,0.238
S14000045,0.163,0.163,0.21,0.209,0.205,0.197,0.197,0.209,0.229,0.206,0.26,0.218,0.221,0.206,0.241,0.259,0.285,0.255,0.263
S14000048,0.18,0.199,0.183,0.224,0.187,0.201,0.196,0.229,0.196,0.188,0.21,0.251,0.24,0.234,0.218,0.258,0.235,0.23,0.233
S14000051,0.209,0.223,0.214,0.187,0.256,0.198,0.203,0.207,0.185,0.236,0.226,0.249,0.212,0.239,0.238,0.241,0.264,0.243,0.243
S14000060,0.177,0.176,0.195,0.186,0.181,0.155,0.185,0.165,0.163,0.17,0.239,0.203,0.234,0.224,0.258,0.26,0.298,0.288,0.294
S14000061,0.324,0.297,0.304,0.327,0.31,0.277,0.328,0.285,0.284,0.305,0.348,0.361,0.298,0.357,0.436,0.381,0.401,0.394,0.375
S14000062,0.179,0.148,0.162,0.16,0.18,0.136,0.149,0.152,0.128,0.161,0.143,0.184,0.2,0.218,0.169,0.2,0.184,0.209,0.206
S14000063,0.155,0.151,0.163,0.172,0.178,0.158,0.204,0.179,0.19,0.208,0.207,0.198,0.227,0.206,0.229,0.251,0.257,0.237,0.232
S14000064,0.145,0.181,0.157,0.203,0.216,0.19,0.197,0.206,0.202,0.204,0.218,0.22,0.241,0.239,0.235,0.287,0.283,0.269,0.283
S14000065,0.232,0.218,0.223,0.2,0.255,0.198,0.212,0.203,0.193,0.24,0.229,0.251,0.208,0.236,0.242,0.289,0.248,0.226,0.285
S14000066,0.23,0.212,0.2,0.228,0.249,0.189,0.183,0.213,0.198,0.19,0.192,0.217,0.203,0.217,0.245,0.258,0.237,0.215,0.248
S14000067,0.23,0.262,0.23,0.253,0.249,0.21,0.259,0.221,0.262,0.247,0.295,0.258,0.284,0.278,0.245,0.291,0.273,0.253,0.264
S14000068,0.231,0.188,0.218,0.211,0.196,0.204,0.203,0.196,0.246,0.242,0.229,0.242,0.277,0.24,0.265,0.28,0.257,0.292,0.305
S14000069,0.219,0.218,0.217,0.217,0.264,0.227,0.237,0.245,0.206,0.258,0.269,0.229,0.259,0.226,0.263,0.267,0.257,0.237,0.221
S14000070,0.166,0.182,0.157,0.165,0.175,0.163,0.159,0.194,0.189,0.184,0.18,0.195,0.241,0.209,0.248,0.262,0.257,0.252,0.266
S14000071,0.194,0.197,0.171,0.18,0.172,0.213,0.187,0.205,0.21,0.204,0.248,0.217,0.215,0.236,0.232,0.26,0.24,0.228,0.244
S14000072,0.228,0.185,0.188,0.198,0.225,0.238,0.238,0.232,0.263,0.24,0.276,0.232,0.297,0.25,0.272,0.337,0.316,0.316,0.276
S14000073,0.241,0.211,0.214,0.216,0.25,0.234,0.205,0.248,0.229,0.278,0.231,0.244,0.235,0.241,0.286,0.267,0.267,0.252,0.261
S14000074,0.237,0.234,0.268,0.259,0.255,0.272,0.249,0.257,0.227,0.292,0.245,0.279,0.273,0.281,0.266,0.317,0.315,0.236,0.286
S14000075,0.163,0.148,0.187,0.151,0.175,0.176,0.156,0.18,0.142,0.16,0.19,0.184,0.128,0.207,0.228,0.183,0.233,0.221,0.228
S14000076,0.203,0.209,0.224,0.236,0.27,0.235,0.245,0.232,0.268,0.278,0.271,0.236,0.269,0.302,0.308,0.301,0.3,0.365,0.268
S14000077,0.249,0.264,0.268,0.285,0.292,0.283,0.278,0.281,0.295,0.278,0.282,0.306,0.306,0.334,0.319,0.398,0.339,0.389,0.375
S14000078,0.175,0.206,0.19,0.192,0.198,0.202,0.195,0.23,0.196,0.234,0.217,0.227,0.238,0.282,0.237,0.33,0.313,0.319,0.321
S14000079,0.21,0.233,0.219,0.242,0.245,0.244,0.278,0.249,0.213,0.263,0.256,0.247,0.235,0.272,0.291,0.342,0.279,0.354,0.309
S14000080,0.338,0.351,0.324,0.358,0.377,0.407,0.397,0.378,0.387,0.358,0.387,0.372,0.398,0.463,0.436,0.454,0.423,0.444,0.506
S14000081,0.252,0.267,0.24,0.259,0.286,0.276,0.292,0.283,0.297,0.283,0.258,0.315,0.283,0.327,0.297,0.374,0.355,0.353,0.395
S14000082,0.371,0.341,0.382,0.365,0.34,0.349,0.351,0.333,0.331,0.4,0.335,0.374,0.344,0.404,0.403,0.386,0.396,0.44,0.52
S14000083,0.136,0.17,0.158,0.174,0.21,0.193,0.175,0.191,0.18,0.191,0.226,0.242,0.258,0.259,0.245,0.287,0.316,0.261,0.265
S14000084,0.155,0.142,0.155,0.17,0.171,0.167,0.161,0.158,0.188,0.159,0.172,0.198,0.197,0.201,0.234,0.259,0.247,0.275,0.287
S14000085,0.127,0.157,0.119,0.155,0.146,0.165,0.197,0.187,0.198,0.191,0.212,0.212,0.256,0.217,0.279,0.282,0.319,0.32,0.319
S14000086,0.068,0.083,0.083,0.124,0.1,0.109,0.105,0.126,0.107,0.127,0.133,0.173,0.175,0.157,0.233,0.231,0.225,0.228,0.263
S14000087,0.201,0.221,0.224,0.219,0.243,0.216,0.223,0.234,0.231,0.222,0.259,0.249,0.271,0.284,0.269,0.377,0.312,0.306,0.36
S14000088,0.146,0.138,0.137,0.167,0.18,0.164,0.196,0.204,0.243,0.234,0.224,0.26,0.27,0.232,0.295,0.3,0.332,0.314,0.349
S14000089,0.22,0.183,0.207,0.198,0.213,0.253,0.202,0.237,0.253,0.242,0.239,0.265,0.317,0.286,0.343,0.347,0.347,0.354,0.35
S14000090,0.126,0.112,0.12,0.133,0.128,0.119,0.114,0.129,0.152,0.147,0.169,0.148,0.19,0.127,0.157,0.181,0.198,0.168,0.158
S14000091,0.284,0.293,0.247,0.271,0.268,0.215,0.24,0.221,0.223,0.24,0.25,0.244,0.25,0.239,0.296,0.29,0.295,0.312,0.312
S14000092,0.217,0.222,0.202,0.208,0.22,0.243,0.235,0.228,0.241,0.255,0.265,0.307,0.283,0.28,0.306,0.309,0.333,0.366,0.324
S14000093,0.266,0.239,0.239,0.245,0.262,0.243,0.271,0.286,0.227,0.252,0.268,0.274,0.3,0.246,0.335,0.322,0.33,0.275,0.3
S14000094,0.224,0.222,0.258,0.213,0.277,0.236,0.245,0.257,0.2,0.266,0.272,0.252,0.255,0.219,0.245,0.259,0.276,0.239,0.249
S14000095,0.181,0.168,0.17,0.191,0.174,0.191,0.187,0.2,0.215,0.195,0.251,0.209,0.271,0.259,0.238,0.311,0.299,0.235,0.289
S14000096,0.245,0.248,0.263,0.267,0.264,0.239,0.254,0.251,0.277,0.258,0.281,0.286,0.261,0.287,0.269,0.409,0.291,0.339,0.326
S14000097,0.378,0.379,0.369,0.443,0.387,0.407,0.398,0.478,0.388,0.461,0.428,0.448,0.463,0.447,0.518,0.53,0.499,0.469,0.495
S14000098,0.195,0.186,0.237,0.184,0.265,0.205,0.235,0.264,0.206,0.258,0.294,0.264,0.279,0.235,0.272,0.247,0.26,0.263,0.229
S14000099,0.22,0.201,0.212,0.215,0.271,0.209,0.232,0.219,0.22,0.261,0.246,0.224,0.244,0.249,0.281,0.269,0.256,0.255,0.279
S14000100,0.261,0.278,0.27,0.243,0.276,0.241,0.26,0.234,0.236,0.26,0.286,0.253,0.287,0.285,0.275,0.34,0.326,0.29,0.306
S14000101,0.221,0.207,0.203,0.201,0.21,0.214,0.209,0.226,0.228,0.206,0.192,0.259,0.246,0.244,0.279,0.258,0.296,0.275,0.284
S14000102,0.199,0.177,0.188,0.221,0.191,0.233,0.22,0.197,0.27,0.229,0.23,0.263,0.267,0.261,0.229,0.296,0.29,0.287,0.283
S14000103,0.272,0.248,0.323,0.234,0.333,0.261,0.319,0.286,0.263,0.326,0.284,0.333,0.332,0.305,0.332,0.368,0.361,0.309,0.332
S14000104,0.24,0.234,0.233,0.248,0.247,0.239,0.256,0.244,0.233,0.214,0.285,0.278,0.283,0.294,0.328,0.341,0.299,0.371,0.33
S14000105,0.272,0.275,0.257,0.286,0.303,0.273,0.311,0.297,0.301,0.288,0.307,0.322,0.328,0.311,0.36,0.402,0.369,0.329,0.384
S14000106,0.158,0.146,0.161,0.179,0.19,0.163,0.21,0.181,0.191,0.198,0.212,0.227,0.21,0.236,0.237,0.246,0.243,0.214,0.229
S14000107,0.22,0.203,0.197,0.215,0.269,0.235,0.217,0.25,0.267,0.235,0.252,0.245,0.277,0.22,0.248,0.279,0.263,0.26,0.268
S14000108,0.233,0.227,0.21,0.234,0.253,0.221,0.249,0.246,0.232,0.277,0.229,0.278,0.248,0.255,0.249,0.299,0.258,0.237,0.242
S14000109,0.183,0.207,0.181,0.206,0.231,0.232,0.195,0.21,0.202,0.22,0.193,0.235,0.238,0.236,0.254,0.282,0.303,0.239,0.254
S14000110,0.198,0.187,0.179,0.187,0.215,0.21,0.195,0.207,0.215,0.21,0.216,0.226,0.209,0.235,0.198,0.255,0.267,0.259,0.28
S14000111,0.321,0.298,0.335,0.337,0.29,0.293,0.261,0.256,0.274,0.275,0.316,0.338,0.348,0.327,0.391,0.394,0.363,0.362,0.382
W07000081,0.19,0.19,0.175,0.209,0.189,0.184,0.201,0.213,0.236,0.216,0.242,0.268,0.222,0.205,0.262,0.286,0.239,0.24,0.233
W07000082,0.203,0.214,0.213,0.215,0.202,0.22,0.211,0.194,0.216,0.243,0.245,0.237,0.254,0.241,0.294,0.288,0.292,0.276,0.296
W07000083,0.284,0.272,0.253,0.273,0.25,0.275,0.273,0.295,0.305,0.326,0.343,0.352,0.338,0.365,0.352,0.38,0.37,0.312,0.318
W07000084,0.153,0.138,0.171,0.181,0.168,0.155,0.149,0.174,0.181,0.186,0.198,0.217,0.197,0.206,0.234,0.231,0.239,0.192,0.189
W07000085,0.298,0.27,0.249,0.316,0.297,0.268,0.275,0.296,0.283,0.313,0.313,0.338,0.295,0.294,0.339,0.306,0.347,0.294,0.299
W07000086,0.339,0.31,0.329,0.303,0.272,0.294,0.296,0.308,0.354,0.325,0.4,0.372,0.365,0.397,0.35,0.416,0.367,0.393,0.333
W07000087,0.309,0.322,0.302,0.31,0.316,0.308,0.294,0.32,0.296,0.345,0.383,0.312,0.347,0.35,0.383,0.357,0.354,0.285,0.319
W07000088,0.219,0.209,0.218,0.253,0.236,0.254,0.229,0.23,0.273,0.254,0.285,0.263,0.278,0.289,0.279,0.34,0.295,0.278,0.259
W07000089,0.228,0.226,0.262,0.215,0.216,0.225,0.273,0.24,0.252,0.263,0.27,0.252,0.308,0.297,0.31,0.342,0.35,0.342,0.337
W07000090,0.356,0.353,0.421,0.431,0.366,0.362,0.393,0.391,0.382,0.477,0.43,0.427,0.437,0.459,0.475,0.485,0.453,0.504,0.479
W07000091,0.305,0.272,0.242,0.224,0.268,0.281,0.292,0.291,0.315,0.378,0.351,0.363,0.341,0.356,0.409,0.379,0.469,0.395,0.42
W07000092,0.234,0.259,0.284,0.323,0.329,0.267,0.338,0.293,0.291,0.345,0.369,0.371,0.394,0.413,0.423,0.431,0.442,0.408,0.402
W07000093,0.293,0.308,0.289,0.344,0.303,0.266,0.296,0.27,0.302,0.341,0.323,0.336,0.332,0.317,0.317,0.343,0.343,0.319,0.319
W07000094,0.262,0.245,0.27,0.267,0.253,0.279,0.283,0.274,0.302,0.328,0.314,0.306,0.308,0.328,0.292,0.34,0.364,0.294,0.316
W07000095,0.201,0.221,0.194,0.217,0.227,0.223,0.254,0.246,0.268,0.271,0.294,0.298,0.293,0.312,0.3,0.343,0.254,0.274,0.259
W07000096,0.273,0.287,0.344,0.365,0.314,0.27,0.298,0.287,0.263,0.322,0.334,0.352,0.322,0.326,0.277,0.34,0.323,0.298,0.306
W07000097,0.369,0.346,0.404,0.426,0.356,0.31,0.296,0.319,0.322,0.332,0.363,0.363,0.383,0.374,0.404,0.473,0.405,0.362,0.415
W07000098,0.261,0.191,0.226,0.273,0.22,0.231,0.226,0.238,0.253,0.276,0.27,0.288,0.283,0.263,0.306,0.336,0.259,0.253,0.291
W07000099,0.216,0.212,0.229,0.219,0.207,0.203,0.206,0.196,0.23,0.227,0.224,0.254,0.245,0.243,0.23,0.281,0.248,0.234,0.27
W07000100,0.259,0.26,0.277,0.255,0.242,0.247,0.235,0.247,0.242,0.279,0.249,0.269,0.28,0.203,0.256,0.261,0.243,0.237,0.211
W07000101,0.306,0.319,0.306,0.321,0.324,0.3,0.314,0.315,0.35,0.336,0.379,0.386,0.393,0.397,0.359,0.46,0.408,0.379,0.436
W07000102,0.252,0.212,0.222,0.241,0.244,0.257,0.257,0.278,0.237,0.276,0.282,0.289,0.268,0.282,0.256,0.28,0.271,0.27,0.235
W07000103,0.183,0.192,0.226,0.231,0.23,0.189,0.2,0.213,0.227,0.21,0.228,0.207,0.234,0.246,0.291,0.269,0.234,0.26,0.256
W07000104,0.209,0.191,0.206,0.2,0.187,0.206,0.221,0.241,0.236,0.225,0.264,0.258,0.266,0.267,0.299,0.297,0.292,0.279,0.271
W07000105,0.265,0.281,0.271,0.292,0.268,0.243,0.257,0.282,0.291,0.292,0.318,0.291,0.301,0.324,0.328,0.299,0.328,0.321,0.303
W07000106,0.236,0.22,0.218,0.239,0.222,0.256,0.229,0.238,0.247,0.228,0.271,0.236,0.297,0.249,0.289,0.328,0.324,0.271,0.295
W07000107,0.191,0.176,0.187,0.221,0.184,0.211,0.201,0.211,0.245,0.229,0.247,0.227,0.225,0.215,0.231,0.248,0.259,0.225,0.224
W07000108,0.217,0.215,0.186,0.207,0.199,0.217,0.236,0.234,0.211,0.218,0.246,0.238,0.25,0.283,0.281,0.289,0.325,0.291,0.321
W07000109,0.199,0.18,0.199,0.222,0.198,0.195,0.216,0.212,0.227,0.212,0.233,0.231,0.23,0.245,0.22,0.249,0.23,0.19,0.169
W07000110,0.272,0.278,0.249,0.302,0.273,0.292,0.287,0.3,0.286,0.292,0.301,0.34,0.302,0.307,0.343,0.384,0.365,0.36,0.327
W07000111,0.211,0.19,0.21,0.212,0.225,0.223,0.245,0.238,0.251,0.286,0.292,0.295,0.318,0.306,0.328,0.368,0.313,0.261,0.251
W07000112,0.261,0.26,0.222,0.274,0.296,0.289,0.289,0.284,0.364,0.315,0.293,0.318,0.313,0.331,0.327,0.368,0.324,0.345,0.328
