PCON24CD,AIR,BCE,BCQ,BCS,BCT,BST,FBT,FER,FTD,GAT,MET,PLT,RLY,RPL,RSE,STR,TMU,TXR,area_km2,BCT_density,MET_density,RLY_density,alltypes
E14001063,,,,,323.0,,,,,,,,4.0,,4.0,,,,145.88,2.21,,0.027,
E14001064,,,,,589.0,,,,,,,,,,,,,,144.45,4.08,,,
E14001065,,2.0,2.0,5.0,414.0,1.0,,,,,3.0,6.0,3.0,,6.0,,,5.0,143.04,2.89,0.02,0.021,
E14001066,,,,4.0,838.0,,,,,,,,3.0,,4.0,,,,344.94,2.43,,0.009,
E14001067,,,,4.0,1076.0,,,,,,,,4.0,,5.0,,,,2102.72,0.51,,0.002,
E14001068,,,,7.0,616.0,,,,,,,,2.0,,3.0,,,,275.13,2.24,,0.007,
E14001069,,,,,569.0,,1.0,1.0,1.0,,,,3.0,,6.0,,,4.0,573.77,0.99,,0.005,
E14001070,,2.0,3.0,10.0,501.0,1.0,,,,,7.0,14.0,3.0,,5.0,,18.0,5.0,82.22,6.09,0.09,0.036,
E14001071,,,,13.0,618.0,,,,,,,,2.0,,2.0,,,,514.68,1.2,,0.004,
E14001072,,,1.0,9.0,641.0,,,,,,,,4.0,,4.0,,,,1350.16,0.47,,0.003,
E14001073,,,,,239.0,,,,,,3.0,7.0,3.0,,5.0,,3.0,,49.4,4.84,0.06,0.061,
E14001074,,,,24.0,569.0,,,,,,,,2.0,,3.0,,,,212.89,2.67,,0.009,
E14001075,,,,,593.0,,,,,,,,5.0,,5.0,,,,213.82,2.77,,0.023,
E14001076,,,,6.0,538.0,,,2.0,,,9.0,,12.0,,40.0,,,,1722.42,0.31,0.01,0.007,
E14001077,,,,20.0,389.0,,,,,,,,1.0,,1.0,,,,160.05,2.43,,0.006,
E14001078,,,,16.0,468.0,,,,,,,,1.0,,1.0,,,,200.56,2.33,,0.005,
E14001079,,3.0,,16.0,880.0,,,,,,,,4.0,,6.0,,,,1116.16,0.79,,0.004,
E14001080,,,1.0,17.0,624.0,,,,,,,,2.0,,3.0,,,,188.78,3.31,,0.011,
E14001081,,,,,164.0,,1.0,1.0,1.0,,2.0,1.0,8.0,,6.0,,4.0,,23.76,6.9,0.08,0.337,
E14001082,,,,,516.0,,,,,,,,7.0,,11.0,,,,428.11,1.21,,0.016,
E14001083,,,,,339.0,,,,,,5.0,6.0,15.0,,19.0,,5.0,,58.63,5.78,0.09,0.256,
E14001084,,5.0,,21.0,496.0,,,,,,,,2.0,,2.0,,,12.0,78.55,6.31,,0.025,
E14001085,,,,,228.0,,2.0,2.0,3.0,,5.0,14.0,6.0,,9.0,,8.0,,21.38,10.66,0.23,0.281,
E14001086,,,,,139.0,,,,,,6.0,10.0,7.0,,8.0,,14.0,,17.56,7.92,0.34,0.399,
E14001087,,,,1.0,566.0,,,,,,,,2.0,,5.0,,,,2028.08,0.28,,0.001,
E14001088,,,1.0,1.0,631.0,,,,,,2.0,2.0,14.0,,17.0,,2.0,,1173.08,0.54,0.0,0.012,
E14001089,,,,,278.0,,,,,,,,4.0,,8.0,,,,56.44,4.93,,0.071,
E14001090,1.0,,,,603.0,,,,,1.0,,,8.0,,11.0,,,,1176.42,0.51,,0.007,
E14001091,,2.0,,14.0,517.0,,,1.0,1.0,,,,10.0,,11.0,,,18.0,90.84,5.69,,0.11,
E14001092,,,,,516.0,,,,,,1.0,2.0,2.0,,1.0,,,,79.56,6.49,0.01,0.025,
E14001093,,,,,506.0,,,,,,,,2.0,,1.0,,,,67.88,7.45,,0.029,
E14001094,,,,,341.0,,,,,,,,3.0,,2.0,,,,52.04,6.55,,0.058,
E14001095,,,,,444.0,,,,,,,,1.0,,,,,,66.43,6.68,,0.015,
E14001096,,,,15.0,643.0,,,,,,12.0,24.0,8.0,,10.0,,5.0,,69.14,9.3,0.17,0.116,
E14001097,,,,,518.0,,,,,,,,2.0,,,,,,66.85,7.75,,0.03,
E14001098,,,,,364.0,,,,,,1.0,2.0,3.0,,1.0,,1.0,,66.74,5.45,0.01,0.045,
E14001099,,,,,378.0,,,,,,,,3.0,,2.0,,,,58.17,6.5,,0.052,
E14001100,,,,,385.0,,,,,,,,4.0,,4.0,,,,53.37,7.21,,0.075,
E14001101,,,,3.0,1207.0,,,,,,,,6.0,,5.0,,,,3983.59,0.3,,0.002,
E14001102,,,,15.0,635.0,,,,,,,,4.0,,8.0,,,,113.03,5.62,,0.035,
E14001103,,,4.0,13.0,566.0,1.0,,,,,6.0,13.0,2.0,,5.0,,10.0,2.0,81.07,6.98,0.07,0.025,
E14001104,,,,5.0,561.0,,,,,,22.0,43.0,1.0,,2.0,,41.0,1.0,98.52,5.69,0.22,0.01,
E14001105,,,,2.0,594.0,,,,,,18.0,35.0,3.0,,7.0,,32.0,9.0,74.87,7.93,0.24,0.04,
E14001106,,,,17.0,754.0,,,,,,,,1.0,,,,,,341.67,2.21,,0.003,
E14001107,,,2.0,7.0,472.0,,,,,,,,,,4.0,,,,262.08,1.8,,,
E14001108,,,,,403.0,,,,,,,,3.0,,6.0,,,8.0,115.39,3.49,,0.026,
E14001109,,,,1.0,1001.0,,,,,,,,4.0,,5.0,,,,635.53,1.58,,0.006,
E14001110,,,,,555.0,,,,,,,,2.0,,4.0,,,9.0,116.61,4.76,,0.017,
E14001111,,3.0,1.0,23.0,591.0,2.0,,,,,,,5.0,,7.0,,,7.0,94.91,6.23,,0.053,
E14001112,,,,,600.0,,,,,,,,5.0,,7.0,,,,219.4,2.73,,0.023,
E14001113,,1.0,,6.0,393.0,,,1.0,,,,,4.0,,5.0,,,21.0,72.83,5.4,,0.055,
E14001114,,,,16.0,1153.0,,,,,,,,7.0,,4.0,,,,2255.69,0.51,,0.003,
E14001115,,,,5.0,396.0,,,,,,,,2.0,,2.0,,,,63.95,6.19,,0.031,
E14001116,,,,17.0,548.0,,,,,,,,1.0,,1.0,,,,66.03,8.3,,0.015,
E14001117,,,,9.0,328.0,,,,,,,,4.0,,8.0,,,21.0,120.29,2.73,,0.033,
E14001118,,,,,579.0,,,,,,,,1.0,,,,,,79.03,7.33,,0.013,
E14001119,,,,,569.0,,,,,,,,1.0,,,,,,126.21,4.51,,0.008,
E14001120,,,,29.0,509.0,,,,,,,,2.0,,6.0,,,,100.79,5.05,,0.02,
E14001121,,,,5.0,661.0,,,,,,,,3.0,,3.0,,,,1359.43,0.49,,0.002,
E14001122,,,,,296.0,,,,,,5.0,7.0,2.0,,2.0,,6.0,,47.19,6.27,0.11,0.042,
E14001123,,,,,238.0,,,,,,10.0,19.0,8.0,,10.0,,8.0,,48.27,4.93,0.21,0.166,
E14001124,,,,,303.0,,,,,,4.0,7.0,6.0,,5.0,,5.0,,58.78,5.15,0.07,0.102,
E14001125,,,,1.0,547.0,,,,,,,,4.0,,4.0,,,,821.32,0.67,,0.005,
E14001126,,,,9.0,658.0,,1.0,1.0,1.0,,,,2.0,,2.0,,,,751.93,0.88,,0.003,
E14001127,,,,1.0,529.0,,,,,,,,5.0,,9.0,,,,2737.27,0.19,,0.002,
E14001128,1.0,1.0,,1.0,627.0,,,,,1.0,,,11.0,,11.0,,,,1391.14,0.45,,0.008,
E14001129,,,,1.0,467.0,,,,,,,,1.0,,2.0,,,,100.07,4.67,,0.01,
E14001130,,,2.0,2.0,395.0,,,,,,,,4.0,,10.0,,,,72.32,5.46,,0.055,
E14001131,,,,19.0,235.0,,19.0,20.0,19.0,,,,3.0,,3.0,,,,27.75,8.47,,0.108,
E14001132,,,,,307.0,,3.0,3.0,3.0,,,,3.0,,3.0,,,,56.4,5.44,,0.053,
E14001133,,,,,359.0,,,,,,,,,,,,,,55.28,6.49,,,
E14001134,,,,,420.0,,,1.0,1.0,,,,5.0,,6.0,,,,106.47,3.94,,0.047,
E14001135,,,,,357.0,,,,,,,,2.0,,2.0,,,,57.24,6.24,,0.035,
E14001136,,,,,647.0,,,,,,2.0,2.0,9.0,,11.0,,,,1959.16,0.33,0.0,0.005,
E14001137,,,,,356.0,,,,,1.0,,,5.0,,7.0,,,,119.08,2.99,,0.042,
E14001138,,,1.0,4.0,525.0,,,,,,,,5.0,,7.0,,,,581.43,0.9,,0.009,
E14001139,,,,5.0,235.0,,,,,,,,6.0,,7.0,,,,225.8,1.04,,0.027,
E14001140,,,,2.0,481.0,,,,,,9.0,18.0,2.0,,6.0,,18.0,,167.37,2.87,0.05,0.012,
E14001141,,,,9.0,562.0,,,,,,,,2.0,,3.0,,,,1042.87,0.54,,0.002,
E14001142,,,,10.0,617.0,,,,,,,,6.0,,8.0,,,4.0,342.09,1.8,,0.018,
E14001143,,,1.0,5.0,695.0,,,,,,,,2.0,,2.0,,,,667.94,1.04,,0.003,
E14001144,,5.0,4.0,19.0,596.0,1.0,,,,,3.0,2.0,,,,,,7.0,164.79,3.62,0.02,,
E14001145,,3.0,,,440.0,1.0,,,,,5.0,10.0,,,,,,2.0,126.37,3.48,0.04,,
E14001146,,,,16.0,866.0,,,,,,,,4.0,,6.0,,,,1073.03,0.81,,0.004,
E14001147,,,,13.0,1478.0,,,,,,,,5.0,,14.0,,,,862.69,1.71,,0.006,
E14001148,,,,5.0,798.0,,,,,,,,3.0,,3.0,,,,659.72,1.21,,0.005,
E14001149,,,,11.0,414.0,,,,,,,,1.0,,1.0,,,,86.07,4.81,,0.012,
E14001150,,,2.0,15.0,449.0,,,,,,,,3.0,,6.0,,,,214.7,2.09,,0.014,
E14001151,,,1.0,22.0,526.0,,,,,,,,7.0,,14.0,,,6.0,597.89,0.88,,0.012,
E14001152,1.0,,,8.0,684.0,,,,,,,,3.0,,5.0,,,,2726.86,0.25,,0.001,
E14001153,,,,,252.0,,,,,,2.0,2.0,4.0,,8.0,,1.0,,65.53,3.85,0.03,0.061,
E14001154,,,,,251.0,,,,,,,,1.0,,2.0,,,,148.37,1.69,,0.007,
E14001155,,,,,814.0,,,1.0,1.0,,4.0,,9.0,,9.0,,4.0,,3425.9,0.24,0.0,0.003,
E14001156,,,,,845.0,,,,,,,,3.0,,4.0,,,,1454.57,0.58,,0.002,
E14001157,,,,3.0,393.0,,,,,,,,3.0,,5.0,1.0,,1.0,141.96,2.77,,0.021,
E14001158,,,,,374.0,,,,,,,,6.0,,15.0,,,,110.5,3.38,,0.054,
E14001159,,,,6.0,431.0,,,,,,,,1.0,,2.0,,,,87.07,4.95,,0.011,
E14001160,,,,,196.0,,,,1.0,,6.0,12.0,2.0,,4.0,,7.0,,24.06,8.15,0.25,0.083,
E14001161,,,,10.0,569.0,,,,,,,,1.0,,1.0,,,,92.51,6.15,,0.011,
E14001162,,,,,499.0,,,,,,3.0,5.0,4.0,,5.0,,4.0,,377.49,1.32,0.01,0.011,
E14001163,,,,13.0,598.0,,,,,,,,5.0,,13.0,3.0,,,317.95,1.88,,0.016,
E14001164,,,,,1019.0,,,,,,,,4.0,,5.0,1.0,,,2091.19,0.49,,0.002,
E14001165,,,,,859.0,,,,,,,,1.0,,1.0,,,,132.1,6.5,,0.008,
E14001166,,,3.0,9.0,691.0,,2.0,2.0,,,,,5.0,,10.0,,,4.0,726.01,0.95,,0.007,
E14001167,,,,,256.0,,,,,,1.0,2.0,2.0,,4.0,,3.0,,58.95,4.34,0.02,0.034,
E14001168,,,,8.0,642.0,,,,,,,,1.0,,1.0,,,,704.16,0.91,,0.001,
E14001169,,,,,360.0,,,,,,3.0,5.0,2.0,,3.0,,5.0,,104.31,3.45,0.03,0.019,
E14001170,,,,15.0,525.0,,,,,,,,3.0,,7.0,,,1.0,388.84,1.35,,0.008,
E14001171,1.0,,,,486.0,,1.0,1.0,1.0,1.0,,,1.0,,1.0,,,,283.3,1.72,,0.004,
E14001172,,,,1.0,549.0,,1.0,6.0,4.0,,35.0,114.0,14.0,,25.0,,142.0,,47.93,11.45,0.73,0.292,
E14001173,,,,14.0,870.0,,,,,,,,1.0,,2.0,,,,646.67,1.35,,0.002,
E14001174,,,,,578.0,,,,1.0,,,,7.0,,9.0,,,,523.32,1.1,,0.013,
E14001175,,,,,166.0,,,,,,2.0,7.0,2.0,,2.0,,5.0,,19.59,8.47,0.1,0.102,
E14001176,,,,2.0,548.0,,,,,,,,3.0,,4.0,,,,110.63,4.95,,0.027,
E14001177,,,,4.0,1195.0,,,,,,,,4.0,,7.0,,,,488.45,2.45,,0.008,
E14001178,,1.0,,4.0,558.0,,,,,,,,5.0,,10.0,2.0,,,587.54,0.95,,0.009,
E14001179,,,,,890.0,,,,,,,,1.0,,1.0,,,,1404.74,0.63,,0.001,
E14001180,,,,5.0,453.0,,,,,,,,1.0,,,,,,77.26,5.86,,0.013,
E14001181,,,,,464.0,,,,,,,,,,,,,,103.61,4.48,,,
E14001182,,,,26.0,618.0,,,,,,,,3.0,,,,,,84.05,7.35,,0.036,
E14001183,,,,4.0,500.0,,,,,,3.0,6.0,1.0,,4.0,,,,299.54,1.67,0.01,0.003,
E14001184,6.0,,,10.0,416.0,,,,,3.0,2.0,2.0,4.0,,9.0,,2.0,6.0,113.97,3.65,0.02,0.035,
E14001185,,4.0,,15.0,627.0,,,,,,,,2.0,,3.0,3.0,,1.0,249.07,2.52,,0.008,
E14001186,,,,,334.0,,,,,,12.0,24.0,,,2.0,,17.0,,67.78,4.93,0.18,,
E14001187,,,1.0,,389.0,,,,,,2.0,3.0,10.0,,19.0,,1.0,,96.38,4.04,0.02,0.104,
E14001188,,,,,255.0,,,,,,10.0,15.0,5.0,,11.0,,14.0,,37.14,6.87,0.27,0.135,
E14001189,,,,,264.0,,,,,,3.0,4.0,1.0,,2.0,,2.0,,101.59,2.6,0.03,0.01,
E14001190,,,,,528.0,,,,,,,,2.0,,3.0,,,,336.63,1.57,,0.006,
E14001191,,,3.0,17.0,430.0,,,,,,,,6.0,,11.0,,,7.0,158.84,2.71,,0.038,
E14001192,,,,7.0,839.0,,,,,,,,1.0,,1.0,,,,2085.99,0.4,,0.0,
E14001193,,,,,540.0,,,,,,,,,,,,,,81.12,6.66,,,
E14001194,,,,29.0,500.0,,,,,,,,2.0,,4.0,,,,85.69,5.83,,0.023,
E14001195,,,,9.0,1271.0,,,,,,5.0,6.0,7.0,,8.0,,5.0,,2516.53,0.51,0.0,0.003,
E14001196,,,,33.0,651.0,,,,,,,,3.0,,4.0,,,,154.54,4.21,,0.019,
E14001197,,,,,581.0,,,,,,1.0,1.0,4.0,,5.0,,1.0,,1042.04,0.56,0.0,0.004,
E14001198,,,,33.0,614.0,,,,,,,,2.0,,2.0,,,,315.33,1.95,,0.006,
E14001199,,,,,632.0,,,,,1.0,,,4.0,,4.0,,,,1180.61,0.54,,0.003,
E14001200,,,,,697.0,,,,,,,,3.0,,5.0,,,,680.23,1.02,,0.004,
E14001201,,,2.0,,579.0,,,,,,,,10.0,,17.0,,,,713.88,0.81,,0.014,
E14001202,,,,,598.0,,2.0,2.0,2.0,,2.0,2.0,8.0,,13.0,,2.0,4.0,557.09,1.07,0.0,0.014,
E14001203,,,,6.0,567.0,,,,,,,,5.0,,7.0,,,,1066.43,0.53,,0.005,
E14001204,,,,19.0,536.0,,,,,,,,,,,,,,76.41,7.01,,,
E14001205,,,1.0,,261.0,,,,,,1.0,1.0,9.0,,12.0,,,,37.09,7.04,0.03,0.243,
E14001206,,,,,543.0,,,,,,,,1.0,,2.0,,,7.0,206.31,2.63,,0.005,
E14001207,,,,13.0,328.0,,,,,,12.0,27.0,4.0,,9.0,,18.0,,52.82,6.21,0.23,0.076,
E14001208,,,,,281.0,,,,,,3.0,4.0,7.0,,7.0,,5.0,,59.28,4.74,0.05,0.118,
E14001209,,,,,195.0,,,,,,2.0,4.0,1.0,,2.0,,2.0,,41.73,4.67,0.05,0.024,
E14001210,,,,,529.0,,,,,,,,1.0,,2.0,,,,125.94,4.2,,0.008,
E14001211,,,,14.0,695.0,,,,,,,,2.0,,2.0,,,,444.51,1.56,,0.004,
E14001212,,,,2.0,590.0,,,,,,3.0,3.0,5.0,,7.0,,2.0,3.0,964.45,0.61,0.0,0.005,
E14001213,,,,,154.0,,,,,,2.0,2.0,2.0,,2.0,,4.0,,25.83,5.96,0.08,0.077,
E14001214,,,,,483.0,,,,,,3.0,5.0,5.0,,5.0,,2.0,,1301.77,0.37,0.0,0.004,
E14001215,,,2.0,,573.0,,,,,,,,13.0,,21.0,,,,661.76,0.87,,0.02,
E14001216,,,,1.0,480.0,,1.0,1.0,1.0,,,,3.0,,4.0,,,10.0,82.57,5.81,,0.036,
E14001217,,,,,1081.0,,,,,,,,2.0,,2.0,,,,2696.14,0.4,,0.001,
E14001218,1.0,,,,494.0,,,,,1.0,,,5.0,,10.0,,,8.0,139.06,3.55,,0.036,
E14001219,,,,,464.0,,,,,,,,2.0,,3.0,,,,110.33,4.21,,0.018,
E14001220,1.0,,,6.0,354.0,,,,,1.0,,,3.0,,3.0,,,,128.66,2.75,,0.023,
E14001221,,,,,248.0,,,,,,,,6.0,,6.0,,,,56.89,4.36,,0.105,
E14001222,,2.0,,8.0,484.0,,,,,,,,8.0,,10.0,2.0,,1.0,106.17,4.56,,0.075,
E14001223,,,,,338.0,,,,,,,,6.0,,10.0,,,,78.94,4.28,,0.076,
E14001224,,,,,684.0,,,,,,,,7.0,,7.0,,,,1943.46,0.35,,0.004,
E14001225,,,,,321.0,,,,,,,,10.0,,11.0,,,,105.37,3.05,,0.095,
E14001226,,,,1.0,402.0,,,,,,8.0,16.0,,,,,12.0,,327.92,1.23,0.02,,
E14001227,,,,,370.0,,,,,,,,6.0,,11.0,,,,149.01,2.48,,0.04,
E14001228,,,,2.0,496.0,,,,,,,,2.0,,4.0,,,,165.04,3.01,,0.012,
E14001229,,,,,347.0,,,,,,,,5.0,,9.0,,,,66.68,5.2,,0.075,
E14001230,,,,,344.0,,2.0,2.0,1.0,,,,7.0,,11.0,,,,121.99,2.82,,0.057,
E14001231,,,,12.0,508.0,,,,,,,,5.0,,7.0,,,,84.32,6.02,,0.059,
E14001232,1.0,,,1.0,719.0,,1.0,1.0,1.0,1.0,,,10.0,,11.0,,,,611.11,1.18,,0.016,
E14001233,,,,11.0,362.0,,,,,,,,2.0,,2.0,,,,247.33,1.46,,0.008,
E14001234,,,,,540.0,,,,,,,,3.0,,4.0,,,,429.93,1.26,,0.007,
E14001235,,,,,442.0,,,,,,,,7.0,,12.0,,,2.0,961.9,0.46,,0.007,
E14001236,,,,,331.0,,,,,,1.0,1.0,1.0,,4.0,,1.0,,72.12,4.59,0.01,0.014,
E14001237,,,,,481.0,,,,,,,,3.0,,3.0,,,,116.83,4.12,,0.026,
E14001238,,,,,419.0,,,,,,5.0,9.0,2.0,,3.0,,10.0,,54.24,7.72,0.09,0.037,
E14001239,1.0,,2.0,7.0,446.0,,,,,1.0,8.0,8.0,3.0,,5.0,,8.0,9.0,583.93,0.76,0.01,0.005,
E14001240,,,1.0,1.0,1722.0,,,1.0,1.0,,5.0,,1.0,,1.0,,5.0,,1528.22,1.13,0.0,0.001,
E14001241,,,,1.0,714.0,,,,,,,,2.0,,2.0,,,,1212.75,0.59,,0.002,
E14001242,,,,,574.0,,,,,1.0,,,8.0,,10.0,,,,498.45,1.15,,0.016,
E14001243,,,,4.0,999.0,,,,,,,,4.0,,2.0,,,,3245.2,0.31,,0.001,
E14001244,,,,25.0,597.0,,,,,,2.0,4.0,2.0,,,,,,125.25,4.77,0.02,0.016,
E14001245,,,,,571.0,,,,,,,,3.0,,5.0,,,,176.34,3.24,,0.017,
E14001246,,,,,339.0,,,,,,,,2.0,,2.0,,,,77.88,4.35,,0.026,
E14001247,,,,1.0,686.0,,,,,,,,3.0,,3.0,,,,1754.57,0.39,,0.002,
E14001248,,,,11.0,556.0,,,,,,,,1.0,,1.0,,,,93.76,5.93,,0.011,
E14001249,,,,,683.0,,,,,,,,10.0,,20.0,,,,876.64,0.78,,0.011,
E14001250,,,,,550.0,,,,,,,,11.0,,19.0,,,,2039.8,0.27,,0.005,
E14001251,,,,,433.0,,,,,,,,6.0,,8.0,,,2.0,63.96,6.77,,0.094,
E14001252,,,,14.0,296.0,,,1.0,1.0,,,,,,,,,,91.06,3.25,,,
E14001253,,,,17.0,757.0,,,,,,,,3.0,,3.0,,,,2066.26,0.37,,0.001,
E14001254,,,1.0,,432.0,,,,2.0,,,,5.0,,7.0,,,3.0,254.03,1.7,,0.02,
E14001255,,,,11.0,524.0,,,,,,,,5.0,,4.0,,,,97.27,5.39,,0.051,
E14001256,,,,,556.0,,,,,,,,1.0,,,,,,472.09,1.18,,0.002,
E14001257,,,,,269.0,,,2.0,2.0,,6.0,10.0,7.0,,12.0,,11.0,,39.21,6.86,0.15,0.179,
E14001258,,,,24.0,572.0,,,,,,,,5.0,,8.0,,,,321.83,1.78,,0.016,
E14001259,,,,,175.0,,,,,,,,3.0,,3.0,,,,23.32,7.5,,0.129,
E14001260,,,,,253.0,,,,,,,,9.0,,16.0,,,,20.83,12.15,,0.432,
E14001261,,,,13.0,466.0,,,,,,,,2.0,,3.0,,,,82.85,5.62,,0.024,
E14001262,,,,19.0,1102.0,,,,,,,,2.0,,4.0,,,,175.58,6.28,,0.011,
E14001263,,,,,426.0,,,,1.0,,,,6.0,,6.0,,,,231.03,1.84,,0.026,
E14001264,,,,,224.0,,,,,,11.0,23.0,4.0,,7.0,,16.0,,32.61,6.87,0.34,0.123,
E14001265,,,1.0,,245.0,,,,,,6.0,11.0,7.0,,9.0,,13.0,,39.52,6.2,0.15,0.177,
E14001266,,,,,438.0,,,,,,,,2.0,,2.0,,,,448.65,0.98,,0.004,
E14001267,,,,20.0,393.0,,,,,,,,3.0,,3.0,,,,400.38,0.98,,0.007,
E14001268,,,,,589.0,,,,,,,,3.0,,5.0,,,,648.49,0.91,,0.005,
E14001269,,,,13.0,596.0,,,,,,,,5.0,,5.0,,,,386.2,1.54,,0.013,
E14001270,,,,,217.0,,,,,,4.0,8.0,,,,,7.0,,64.75,3.35,0.06,,
E14001271,,,,,191.0,,,,,,7.0,14.0,5.0,,7.0,,8.0,,45.23,4.22,0.15,0.111,
E14001272,,,,4.0,637.0,,,,,,,,2.0,,2.0,16.0,,6.0,280.38,2.27,,0.007,
E14001273,,,,,622.0,,,2.0,3.0,,,,9.0,,9.0,,,,855.32,0.73,,0.011,
E14001274,,,1.0,,648.0,,,,,,,,5.0,,6.0,,,,353.0,1.84,,0.014,
E14001275,,,1.0,9.0,354.0,,,,,,,,4.0,,4.0,,,,119.3,2.97,,0.034,
E14001276,,,3.0,,420.0,,,,,6.0,4.0,5.0,4.0,,6.0,,8.0,,116.1,3.62,0.03,0.034,
E14001277,,,,,500.0,,,,,,,,8.0,,14.0,,,,172.54,2.9,,0.046,
E14001278,,,,,431.0,,,,,,,,2.0,,2.0,,,,149.39,2.89,,0.013,
E14001279,,,,,299.0,,,,,,5.0,5.0,2.0,,4.0,,6.0,,59.18,5.05,0.08,0.034,
E14001280,,,,,724.0,,,,,,,,3.0,,4.0,,,,1423.38,0.51,,0.002,
E14001281,,,,,924.0,,,,,,,,1.0,,1.0,,,,1951.49,0.47,,0.001,
E14001282,1.0,,,,476.0,,,,,1.0,,,7.0,,14.0,,,3.0,617.19,0.77,,0.011,
E14001283,,,,9.0,448.0,,,,,,,,5.0,,6.0,,,,317.47,1.41,,0.016,
E14001284,,,,,485.0,,,,,,,,4.0,,4.0,,,,311.14,1.56,,0.013,
E14001285,,,,1.0,1376.0,,3.0,3.0,,1.0,5.0,8.0,13.0,2.0,17.0,,3.0,,8453.71,0.16,0.0,0.002,
E14001286,,,,,582.0,,,,,,1.0,,1.0,,3.0,,,,203.58,2.86,0.0,0.005,
E14001287,,,,2.0,847.0,,,,,,,,14.0,,16.0,,,,1515.93,0.56,,0.009,
E14001288,,,,,578.0,,,,,,2.0,,1.0,,1.0,,2.0,,785.9,0.74,0.0,0.001,
E14001289,,,,,547.0,,,,,,,,2.0,,2.0,,,,597.1,0.92,,0.003,
E14001290,,,1.0,,252.0,,1.0,1.0,1.0,,14.0,36.0,9.0,,16.0,,31.0,,23.98,10.51,0.58,0.375,
E14001291,,,,,628.0,,,,,,3.0,,3.0,,3.0,,3.0,,1618.5,0.39,0.0,0.002,
E14001292,,,,,314.0,,,,,,3.0,5.0,4.0,,5.0,,2.0,,146.83,2.14,0.02,0.027,
E14001293,,,,,192.0,,,,,,1.0,,2.0,,6.0,,2.0,,35.97,5.34,0.03,0.056,
E14001294,,,1.0,,625.0,,,,,,,,6.0,,10.0,,,4.0,786.32,0.79,,0.008,
E14001295,,,,4.0,603.0,,,,,,1.0,1.0,,,,,,,207.74,2.9,0.0,,
E14001296,,,,4.0,389.0,,,,,,,,3.0,,5.0,,,,60.04,6.48,,0.05,
E14001297,,,,28.0,946.0,,,,,,,,4.0,,6.0,,,,139.49,6.78,,0.029,
E14001298,,,,14.0,577.0,,,,,,,,1.0,,1.0,,,,1582.52,0.36,,0.001,
E14001299,,,,13.0,584.0,,,,,,,,4.0,,7.0,,,,257.67,2.27,,0.016,
E14001300,,,,,233.0,,,,,,6.0,10.0,2.0,,2.0,,16.0,,70.46,3.31,0.09,0.028,
E14001301,,,,,188.0,,,,,,,,3.0,,4.0,,,,39.27,4.79,,0.076,
E14001302,,,,33.0,682.0,,,,,,,,2.0,,4.0,,,8.0,83.17,8.2,,0.024,
E14001303,,,,9.0,500.0,,1.0,2.0,2.0,,4.0,4.0,7.0,,8.0,,4.0,,287.21,1.74,0.01,0.024,
E14001304,,,1.0,9.0,726.0,,1.0,4.0,4.0,,,,,,,,,,657.64,1.1,,,
E14001305,,,,,165.0,,,,,,3.0,7.0,5.0,,6.0,,11.0,,19.07,8.65,0.16,0.262,
E14001306,,,,,247.0,,,,,,6.0,12.0,7.0,,9.0,,5.0,,20.82,11.86,0.29,0.336,
E14001307,,,,12.0,544.0,,,,,,7.0,15.0,1.0,,,,,,127.84,4.26,0.05,0.008,
E14001308,,,,18.0,923.0,,,,,,5.0,,4.0,,12.0,,,,472.76,1.95,0.01,0.008,
E14001309,,,,,690.0,,,,,1.0,,,4.0,,4.0,,,,1772.81,0.39,,0.002,
E14001310,,,,,248.0,,,,,,14.0,33.0,,,1.0,,27.0,,29.72,8.34,0.47,,
E14001311,,,,,551.0,,,,,,,,1.0,,1.0,,,2.0,695.72,0.79,,0.001,
E14001312,,,,12.0,297.0,,4.0,2.0,2.0,,,,7.0,,9.0,,,,66.83,4.44,,0.105,
E14001313,,,,,544.0,,,1.0,,,,,,,,,,,96.48,5.64,,,
E14001314,,,,43.0,450.0,,,,,,,,2.0,,5.0,,,,106.1,4.24,,0.019,
E14001315,,,,,472.0,,,,,,,,1.0,,1.0,,,,105.16,4.49,,0.01,
E14001316,,,,,315.0,,,,,,,,2.0,,4.0,,,,501.81,0.63,,0.004,
E14001317,,1.0,,10.0,563.0,,,,,,,,3.0,,7.0,,,23.0,144.29,3.9,,0.021,
E14001318,,,,21.0,709.0,,,1.0,,,,,1.0,,2.0,,,3.0,1174.17,0.6,,0.001,
E14001319,,,,37.0,435.0,,,,,,,,3.0,,6.0,,,,58.46,7.44,,0.051,
E14001320,,,,5.0,581.0,,,,,,,,3.0,,9.0,,,,166.36,3.49,,0.018,
E14001321,,,,,390.0,,,,,,,,,,,,,,113.06,3.45,,,
E14001322,,,,4.0,570.0,,,,,1.0,,,2.0,,4.0,,,,245.8,2.32,,0.008,
E14001323,,,,,570.0,,,,,,,,1.0,,4.0,,,,109.85,5.19,,0.009,
E14001324,,,,,645.0,,,,,,,,2.0,,4.0,,,,162.28,3.97,,0.012,
E14001325,,,,6.0,494.0,,,,,,,,2.0,,4.0,,,,100.78,4.9,,0.02,
E14001326,,,,1.0,422.0,,,,,,,,,,,,,,58.33,7.23,,,
E14001327,,,,36.0,436.0,,,,,,,,1.0,,1.0,,,,52.03,8.38,,0.019,
E14001328,,,,,565.0,,,,,,1.0,1.0,,,,,1.0,,88.75,6.37,0.01,,
E14001329,,4.0,4.0,12.0,569.0,1.0,,,,,,,2.0,,3.0,,,,149.9,3.8,,0.013,
E14001330,,,1.0,,687.0,,1.0,1.0,1.0,,,,11.0,,13.0,,,,893.94,0.77,,0.012,
E14001331,,,,,298.0,,,,,,,,8.0,,11.0,,,,40.8,7.3,,0.196,
E14001332,,,,,245.0,,,,,,2.0,3.0,10.0,,11.0,,4.0,,30.68,7.99,0.07,0.326,
E14001333,,,,,235.0,,,,,,,,5.0,,12.0,,,,29.44,7.98,,0.17,
E14001334,,,,,222.0,,,,,,5.0,9.0,2.0,,3.0,,11.0,,44.6,4.98,0.11,0.045,
E14001335,,,1.0,8.0,433.0,,,,,,,,4.0,,4.0,,,,864.94,0.5,,0.005,
E14001336,,,,15.0,549.0,,,,,,,,1.0,,,,,,178.03,3.08,,0.006,
E14001337,1.0,1.0,,3.0,452.0,,,,,1.0,,,5.0,,6.0,,,3.0,94.66,4.77,,0.053,
E14001338,,2.0,,23.0,573.0,,,1.0,1.0,,,,11.0,,19.0,,,23.0,60.25,9.51,,0.183,
E14001339,,,,,379.0,,,,,,,,6.0,,7.0,,,3.0,71.43,5.31,,0.084,
E14001340,,,,,314.0,,,,,,,,5.0,,7.0,,,5.0,55.19,5.69,,0.091,
E14001341,,,,,287.0,,,,,,,,2.0,,2.0,,,7.0,52.84,5.43,,0.038,
E14001342,,,,,484.0,,,,,,2.0,2.0,2.0,,2.0,,2.0,,334.35,1.45,0.01,0.006,
E14001343,,,,,1238.0,,,,,,,,,,,,,,3672.83,0.34,,,
E14001344,,,,6.0,703.0,,,,,,,,5.0,,9.0,,,,292.84,2.4,,0.017,
E14001345,,,,,368.0,,,,,,,,1.0,,1.0,,,,57.53,6.4,,0.017,
E14001346,,4.0,,31.0,535.0,,,,,1.0,,,2.0,,4.0,,,6.0,263.66,2.03,,0.008,
E14001347,,4.0,,9.0,641.0,,,,,,,,5.0,,9.0,4.0,,,842.25,0.76,,0.006,
E14001348,,,,,602.0,,,,,,,,3.0,,4.0,,,8.0,469.62,1.28,,0.006,
E14001349,,,,11.0,400.0,,,,,,,,8.0,,17.0,,,6.0,132.18,3.03,,0.061,
E14001350,,,,,534.0,,,,,,,,4.0,,6.0,,,,160.91,3.32,,0.025,
E14001351,,,,,606.0,,,,1.0,,,,6.0,,7.0,,,,996.77,0.61,,0.006,
E14001352,,7.0,3.0,15.0,622.0,3.0,,,,,16.0,37.0,4.0,,10.0,,30.0,32.0,77.69,8.01,0.21,0.051,
E14001353,,,,,336.0,,,,,,1.0,2.0,2.0,,2.0,,1.0,4.0,41.8,8.04,0.02,0.048,
E14001354,,5.0,,,328.0,2.0,,,,,8.0,16.0,2.0,,5.0,,18.0,5.0,51.14,6.41,0.16,0.039,
E14001355,,4.0,,16.0,575.0,,,,,,,,2.0,,10.0,,,,196.86,2.92,,0.01,
E14001356,,,,,844.0,,,,,,,,3.0,,3.0,,,,1069.47,0.79,,0.003,
E14001357,,,,,595.0,,,,,,,,4.0,,4.0,,,,1555.53,0.38,,0.003,
E14001358,,,,12.0,574.0,,,,,3.0,2.0,2.0,6.0,,12.0,,,,358.93,1.6,0.01,0.017,
E14001359,,,,3.0,648.0,,,,,,,,8.0,,14.0,,,2.0,916.16,0.71,,0.009,
E14001360,,,,,806.0,,,,,,,,9.0,,12.0,,,,1413.87,0.57,,0.006,
E14001361,,,,,427.0,,,,,,,,4.0,,4.0,8.0,,,292.53,1.46,,0.014,
E14001362,,,,2.0,749.0,,,,,,1.0,1.0,3.0,,5.0,,1.0,,391.82,1.91,0.0,0.008,
E14001363,,,,,651.0,,,,,,,,2.0,,2.0,,,,757.07,0.86,,0.003,
E14001364,,,,,541.0,,,,,,1.0,1.0,,,,,1.0,,374.24,1.45,0.0,,
E14001365,,,,,590.0,,,,,,1.0,1.0,2.0,,4.0,,,,2272.93,0.26,0.0,0.001,
E14001366,,,,,517.0,,,,,,,,4.0,,9.0,,,7.0,417.8,1.24,,0.01,
E14001367,,,,,544.0,,,,1.0,,,,3.0,,3.0,9.0,,13.0,105.21,5.17,,0.029,
E14001368,,,,,619.0,,,,,,,,,,,2.0,,,579.1,1.07,,,
E14001369,,,,10.0,557.0,,,,,,,,3.0,,5.0,,,,173.63,3.21,,0.017,
E14001370,,,,,479.0,,,,,,,,1.0,,1.0,,,,586.32,0.82,,0.002,
E14001371,,,,,268.0,,,,,,5.0,8.0,5.0,,11.0,,7.0,,47.96,5.59,0.1,0.104,
E14001372,,,,3.0,857.0,,,1.0,1.0,,,,9.0,,12.0,,,,2402.48,0.36,,0.004,
E14001373,,,1.0,,641.0,,1.0,2.0,2.0,,,,6.0,,6.0,,,,992.18,0.65,,0.006,
E14001374,,,,,484.0,,,,,,,,3.0,,3.0,,,,893.95,0.54,,0.003,
E14001375,,1.0,,6.0,943.0,,,,,,,,9.0,,15.0,,,,2146.45,0.44,,0.004,
E14001376,,,,7.0,767.0,,,,,,,,5.0,,12.0,,,10.0,1020.52,0.75,,0.005,
E14001377,,,,24.0,614.0,,,,,,5.0,11.0,2.0,,,,,,98.16,6.26,0.05,0.02,
E14001378,,,,4.0,529.0,,,,,,6.0,12.0,,,,,,,81.93,6.46,0.07,,
E14001379,,,,12.0,417.0,,,,,,11.0,22.0,,,,,,,98.25,4.24,0.11,,
E14001380,,,1.0,15.0,480.0,,,,,,,,,,1.0,,,,283.64,1.69,,,
E14001381,,,,,538.0,,2.0,2.0,1.0,,,,5.0,,5.0,,,,487.48,1.1,,0.01,
E14001382,,,,11.0,809.0,,,,,,,,2.0,,4.0,,,,736.04,1.1,,0.003,
E14001383,,,,8.0,688.0,,,,,,,,6.0,,14.0,,,,440.03,1.56,,0.014,
E14001384,,,,3.0,885.0,,,,,,,,2.0,,4.0,,,,1553.11,0.57,,0.001,
E14001385,1.0,,,,1192.0,,,,1.0,1.0,3.0,,,,,,3.0,,3175.67,0.38,0.0,,
E14001386,1.0,,,,1461.0,,,,,1.0,,,1.0,,1.0,,,,2703.29,0.54,,0.0,
E14001387,,,,13.0,796.0,,1.0,1.0,1.0,,,,5.0,,5.0,,,,2746.94,0.29,,0.002,
E14001388,,,,,870.0,,,,,,,,1.0,,1.0,,,,2002.49,0.43,,0.0,
E14001389,,,,24.0,780.0,,,,,,,,1.0,,2.0,,,,691.44,1.13,,0.001,
E14001390,,,,8.0,510.0,,,,,,,,3.0,,3.0,,,,1476.69,0.35,,0.002,
E14001391,,,,9.0,896.0,,,,,,,,1.0,,2.0,,,,631.45,1.42,,0.002,
E14001392,,,,,401.0,,,,,,,,4.0,,4.0,,,,836.04,0.48,,0.005,
E14001393,,,,3.0,599.0,,,,,,,,5.0,,4.0,,,,1319.41,0.45,,0.004,
E14001394,,,,,605.0,,,,,,2.0,,1.0,,1.0,,2.0,,536.92,1.13,0.0,0.002,
E14001395,,,,,870.0,,,,,,,,3.0,,3.0,,,,3820.47,0.23,,0.001,
E14001396,,,,4.0,696.0,,,,,,5.0,5.0,8.0,,7.0,,2.0,,2106.65,0.33,0.0,0.004,
E14001397,,,3.0,16.0,1005.0,,,,,,,,7.0,,13.0,,,,6657.45,0.15,,0.001,
E14001398,,,,5.0,874.0,,,,,,,,5.0,,11.0,,,,2118.26,0.41,,0.002,
E14001399,1.0,,,,609.0,,,,,1.0,,,1.0,,1.0,,,,505.61,1.2,,0.002,
E14001400,,,,1.0,677.0,,,,,,,,5.0,,6.0,,,,719.93,0.94,,0.007,
E14001401,,,,3.0,581.0,,,,,,4.0,4.0,,,,,,,1048.45,0.55,0.0,,
E14001402,1.0,,,41.0,766.0,,,,,1.0,,,6.0,,6.0,,,,1630.12,0.47,,0.004,
E14001403,,,,11.0,682.0,,,,,,,,3.0,,3.0,,,,1140.14,0.6,,0.003,
E14001404,1.0,,,,709.0,,,,,1.0,,,,,,,,,646.23,1.1,,,
E14001405,,,,12.0,712.0,,,,1.0,,,,1.0,,1.0,,,,2252.82,0.32,,0.0,
E14001406,,,,15.0,493.0,,,,,,,,1.0,,1.0,,,,82.23,6.0,,0.012,
E14001407,,,,5.0,514.0,,,,,,,,,,,,,,132.9,3.87,,,
E14001408,,,,,444.0,,,,,1.0,,,,,,,,,113.78,3.9,,,
E14001409,,,,16.0,461.0,,,,,,,,1.0,,1.0,,,,77.7,5.93,,0.013,
E14001410,,1.0,2.0,21.0,538.0,,,,,,12.0,19.0,,,2.0,,20.0,,59.63,9.02,0.2,,
E14001411,,,,8.0,583.0,,,,,,8.0,18.0,1.0,,1.0,,16.0,,110.38,5.28,0.07,0.009,
E14001412,,,,,654.0,,,,,,15.0,30.0,1.0,,,,30.0,,88.82,7.36,0.17,0.011,
E14001413,,,,14.0,590.0,,,,,,,,2.0,,2.0,,,,224.05,2.63,,0.009,
E14001414,,,2.0,,297.0,,,,,,,,5.0,,5.0,,,,69.43,4.28,,0.072,
E14001415,,,1.0,,655.0,,,,,,3.0,7.0,1.0,,1.0,,8.0,7.0,295.53,2.22,0.01,0.003,
E14001416,,2.0,4.0,12.0,567.0,1.0,,,,,5.0,10.0,,,,,13.0,9.0,87.27,6.5,0.06,,
E14001417,,,,,494.0,,,,,,,,5.0,,10.0,,,,173.88,2.84,,0.029,
E14001418,,,,6.0,793.0,,,,,,,,4.0,,8.0,,,,398.91,1.99,,0.01,
E14001419,,,,,411.0,,,,,,,,,,,,,,73.16,5.62,,,
E14001420,,,1.0,13.0,502.0,,,,,,,,2.0,,2.0,,,,280.19,1.79,,0.007,
E14001421,,,,,171.0,,,,,,1.0,,6.0,,5.0,,1.0,,20.89,8.19,0.05,0.287,
E14001422,,,,19.0,655.0,,,,,,,,4.0,,5.0,,,,680.5,0.96,,0.006,
E14001423,,,,,764.0,,,,,,,,4.0,,6.0,,,,829.3,0.92,,0.005,
E14001424,,1.0,,10.0,927.0,,8.0,7.0,8.0,,1.0,1.0,9.0,1.0,16.0,,,,5912.91,0.16,0.0,0.002,
E14001425,,4.0,,28.0,623.0,,,,,,,,1.0,,1.0,,,4.0,466.91,1.33,,0.002,
E14001426,1.0,,,,796.0,,,,,1.0,,,2.0,,2.0,,,,82.19,9.68,,0.024,
E14001427,,,1.0,,644.0,,,1.0,2.0,,,,4.0,,4.0,,,,49.97,12.89,,0.08,
E14001428,,,,20.0,622.0,,,,,,,,6.0,,11.0,,,,209.36,2.97,,0.029,
E14001429,,,,18.0,533.0,,3.0,3.0,3.0,,,,3.0,,3.0,,,,75.6,7.05,,0.04,
E14001430,,,,,226.0,,2.0,1.0,4.0,,17.0,34.0,2.0,,4.0,,33.0,,23.52,9.61,0.72,0.085,
E14001431,,,,,313.0,,,1.0,1.0,,,,2.0,,2.0,,,,67.55,4.63,,0.03,
E14001432,,,1.0,4.0,253.0,,2.0,3.0,2.0,,,,3.0,,4.0,,,,33.55,7.54,,0.089,
E14001433,,,,40.0,482.0,,,,,,,,1.0,,3.0,,,5.0,115.4,4.18,,0.009,
E14001434,,,,,219.0,,,,2.0,,2.0,3.0,2.0,,2.0,,3.0,,35.55,6.16,0.06,0.056,
E14001435,,,,,156.0,,1.0,1.0,1.0,,7.0,12.0,6.0,,6.0,,7.0,,19.62,7.95,0.36,0.306,
E14001436,,,,2.0,589.0,,,,,,1.0,1.0,3.0,,4.0,,1.0,,283.42,2.08,0.0,0.011,
E14001437,,,,,290.0,,,,,,,,3.0,,4.0,,,,174.18,1.66,,0.017,
E14001438,,,1.0,,458.0,,,,,,,,3.0,,10.0,,,2.0,66.26,6.91,,0.045,
E14001439,,,,,629.0,,,,,,,,6.0,,10.0,,,,807.29,0.78,,0.007,
E14001440,,,,,470.0,,,,,,,,10.0,,10.0,1.0,,7.0,225.54,2.08,,0.044,
E14001441,,,,10.0,542.0,,,,,,,,1.0,,1.0,,,,500.97,1.08,,0.002,
E14001442,,,2.0,5.0,410.0,,,,,,,,9.0,,14.0,,,,223.42,1.84,,0.04,
E14001443,,,,,767.0,,,,,,,,4.0,,6.0,,,,1865.68,0.41,,0.002,
E14001444,,,,,670.0,,,,,,3.0,,4.0,,4.0,,,,5598.53,0.12,0.0,0.001,
E14001445,,,,,297.0,,1.0,1.0,1.0,,2.0,3.0,8.0,,10.0,,,,91.18,3.26,0.02,0.088,
E14001446,,2.0,4.0,12.0,577.0,1.0,,,,,6.0,12.0,3.0,,5.0,,14.0,3.0,226.42,2.55,0.03,0.013,
E14001447,,,3.0,19.0,436.0,,,,,,,,4.0,,5.0,,,,372.51,1.17,,0.011,
E14001448,,,,,278.0,,,,,,,,2.0,,4.0,,,,76.91,3.61,,0.026,
E14001449,,,,5.0,697.0,,,,,,,,4.0,,4.0,,,,1357.96,0.51,,0.003,
E14001450,,,,9.0,797.0,,,,,,1.0,,2.0,,3.0,,,2.0,621.45,1.28,0.0,0.003,
E14001451,,,,3.0,568.0,,,,,,,,2.0,,2.0,,,,447.34,1.27,,0.004,
E14001452,,,,24.0,662.0,,,,,,1.0,2.0,1.0,,1.0,,1.0,,164.28,4.03,0.01,0.006,
E14001453,,,,,630.0,,,,,,,,1.0,,2.0,,,,657.28,0.96,,0.002,
E14001454,,,,,282.0,,,,,,8.0,12.0,2.0,,3.0,,7.0,,104.69,2.69,0.08,0.019,
E14001455,,,,,610.0,,,,,,,,7.0,,10.0,2.0,,2.0,523.29,1.17,,0.013,
E14001456,,,,,378.0,,1.0,1.0,,,,,9.0,,12.0,,,,261.86,1.44,,0.034,
E14001457,,,,,764.0,,,,,,4.0,8.0,2.0,,3.0,,5.0,,794.21,0.96,0.01,0.003,
E14001458,,,,8.0,701.0,,,,,,,,2.0,,2.0,,,,2609.33,0.27,,0.001,
E14001459,,,,,490.0,,,,,,9.0,18.0,3.0,,6.0,,2.0,12.0,78.35,6.25,0.11,0.038,
E14001460,,,,,1150.0,,,,,,,,3.0,,3.0,,,,1752.83,0.66,,0.002,
E14001461,,,,2.0,768.0,,,,,,1.0,,12.0,,12.0,,,,2173.96,0.35,0.0,0.006,
E14001462,,,,13.0,720.0,,,,,,,,2.0,,2.0,,,,796.48,0.9,,0.003,
E14001463,,,,,488.0,,,,,,,,7.0,,19.0,,,7.0,251.36,1.94,,0.028,
E14001464,,,,6.0,768.0,,,,,,,,6.0,,8.0,,,,1442.76,0.53,,0.004,
E14001465,,,,4.0,528.0,,,,,,,,9.0,,18.0,,,6.0,648.97,0.81,,0.014,
E14001466,,,,22.0,627.0,,,,,,7.0,12.0,1.0,,3.0,,21.0,,79.69,7.87,0.09,0.013,
E14001467,,,,28.0,390.0,,,,,,11.0,21.0,1.0,,2.0,,40.0,,35.51,10.98,0.31,0.028,
E14001468,,,,,539.0,,,,,,,,1.0,,1.0,,,,383.05,1.41,,0.003,
E14001469,,,,,561.0,,,,,,12.0,24.0,,,,,44.0,,78.31,7.16,0.15,,
E14001470,,,,,620.0,,,,,,18.0,35.0,2.0,,2.0,,68.0,,131.88,4.7,0.14,0.015,
E14001471,,,,,750.0,,,,,,2.0,4.0,4.0,,7.0,,3.0,,859.02,0.87,0.0,0.005,
E14001472,,,,,702.0,,,,,,,,8.0,,24.0,,,,272.48,2.58,,0.029,
E14001473,,,,19.0,816.0,,,,,,,,1.0,,3.0,,,,908.5,0.9,,0.001,
E14001474,,,,,454.0,,,,,,,,6.0,,11.0,,,3.0,423.48,1.07,,0.014,
E14001475,,,,11.0,922.0,,,,,,2.0,,12.0,,12.0,,,,5900.24,0.16,0.0,0.002,
E14001476,,,,,827.0,,,,,,,,6.0,,3.0,,,,1991.82,0.42,,0.003,
E14001477,,,,3.0,299.0,,,,,,,,3.0,,5.0,,,5.0,63.52,4.71,,0.047,
E14001478,,,,,537.0,,,,,,1.0,2.0,6.0,,8.0,,1.0,,58.68,9.15,0.02,0.102,
E14001479,,,,,462.0,,,,,,,,4.0,,1.0,,,,105.25,4.39,,0.038,
E14001480,,,,,313.0,,,,,,,,5.0,,5.0,,,2.0,311.57,1.0,,0.016,
E14001481,1.0,,,5.0,737.0,,,,,1.0,,,6.0,,5.0,,,,1560.52,0.47,,0.004,
E14001482,,,,1.0,1031.0,,,,,,,,1.0,,1.0,,,,2172.71,0.47,,0.0,
E14001483,,,,7.0,768.0,,,,,,,,1.0,,1.0,,,,795.78,0.97,,0.001,
E14001484,,,,3.0,755.0,,5.0,9.0,11.0,,5.0,3.0,1.0,,1.0,,5.0,,1558.06,0.48,0.0,0.001,
E14001485,,,,3.0,617.0,,1.0,1.0,1.0,,4.0,7.0,4.0,,4.0,,4.0,,872.77,0.71,0.0,0.005,
E14001486,,,,,939.0,,1.0,3.0,3.0,,1.0,,14.0,,14.0,,1.0,,1745.35,0.54,0.0,0.008,
E14001487,,,,8.0,856.0,,,,,,,,1.0,,,,,,2124.83,0.4,,0.0,
E14001488,,,,,489.0,,,,,,,,1.0,,1.0,,,,894.35,0.55,,0.001,
E14001489,,,,,639.0,,1.0,1.0,,,1.0,1.0,3.0,,4.0,,,,1408.43,0.45,0.0,0.002,
E14001490,,,1.0,1.0,745.0,,,,,,,,1.0,,1.0,,,,1678.7,0.44,,0.001,
E14001491,,,,,530.0,,,,,,,,3.0,,6.0,,,1.0,399.44,1.33,,0.008,
E14001492,,,,,492.0,,,1.0,,,6.0,10.0,2.0,,,,,,107.59,4.57,0.06,0.019,
E14001493,,,,2.0,1143.0,,,,,,,,7.0,,13.0,,,,4913.41,0.23,,0.001,
E14001494,,,,4.0,863.0,,,,,,,,1.0,,1.0,,,1.0,1570.84,0.55,,0.001,
E14001495,,,,,799.0,,1.0,1.0,2.0,,,,1.0,,1.0,,,,969.57,0.82,,0.001,
E14001496,,,,,441.0,,,,,,4.0,9.0,4.0,,5.0,,6.0,,252.21,1.75,0.02,0.016,
E14001497,,,,6.0,643.0,,,,,,,,5.0,,5.0,,,,3130.27,0.21,,0.002,
E14001498,,,,,669.0,,,,,,,,4.0,,4.0,,,,1148.84,0.58,,0.003,
E14001499,,,,5.0,379.0,,,,,,,,4.0,,5.0,,,,51.11,7.42,,0.078,
E14001500,,,,,321.0,,,,,,,,3.0,,3.0,,,,55.35,5.8,,0.054,
E14001501,1.0,,,,392.0,,,,1.0,1.0,,,8.0,,12.0,,,,341.41,1.15,,0.023,
E14001502,,,,,365.0,,,,,,,,3.0,,4.0,,,,59.67,6.12,,0.05,
E14001503,,,,,292.0,,,,,,6.0,8.0,5.0,,6.0,,12.0,,64.1,4.56,0.09,0.078,
E14001504,,,,,584.0,,,,,,,,5.0,,8.0,,,16.0,348.39,1.68,,0.014,
E14001505,,,,10.0,376.0,,1.0,1.0,,,,,6.0,,9.0,,,,131.47,2.86,,0.046,
E14001506,,,,6.0,721.0,,,,,,,,1.0,,3.0,,,,176.88,4.08,,0.006,
E14001507,,,,,406.0,,,,,,,,5.0,,6.0,,,,155.54,2.61,,0.032,
E14001508,,,,9.0,814.0,,2.0,2.0,2.0,,,,7.0,,7.0,,,,722.85,1.13,,0.01,
E14001509,,1.0,,4.0,679.0,,,,,,,,4.0,,6.0,,,1.0,236.49,2.87,,0.017,
E14001510,,1.0,,9.0,607.0,,,,,,,,6.0,,14.0,,,18.0,154.47,3.93,,0.039,
E14001511,3.0,,,6.0,1060.0,,3.0,4.0,4.0,3.0,,,6.0,,6.0,,,,1402.47,0.76,,0.004,
E14001512,,,,,516.0,,,,,,,,1.0,,1.0,,,,931.87,0.55,,0.001,
E14001513,,,1.0,,509.0,,,,,,,,2.0,,1.0,,,,1140.33,0.45,,0.002,
E14001514,,,,6.0,545.0,,,,,,2.0,,,,,,,,1475.41,0.37,0.0,,
E14001515,,3.0,4.0,6.0,591.0,2.0,,,,,,,9.0,,14.0,,,3.0,178.31,3.31,,0.05,
E14001516,,,,11.0,349.0,,,,,,,,2.0,,2.0,,,,166.28,2.1,,0.012,
E14001517,,,1.0,15.0,448.0,1.0,,,,,,,5.0,,10.0,,1.0,7.0,71.07,6.3,,0.07,
E14001518,,,,,585.0,,,,,,,,2.0,,1.0,9.0,,4.0,259.42,2.26,,0.008,
E14001519,1.0,,,,482.0,,,,,1.0,,,5.0,,5.0,1.0,,2.0,576.31,0.84,,0.009,
E14001520,,,,23.0,628.0,,,,,,,,2.0,,4.0,,,,101.43,6.19,,0.02,
E14001521,,,,,505.0,,,,,,,,2.0,,2.0,,,,132.59,3.81,,0.015,
E14001522,,,2.0,10.0,471.0,,,,,,,,3.0,,2.0,,,,437.08,1.08,,0.007,
E14001523,,,1.0,,492.0,,,,,,,,3.0,,5.0,,,,1132.12,0.43,,0.003,
E14001524,,,,17.0,436.0,,,,,,,,4.0,,,,,,78.85,5.53,,0.051,
E14001525,,,,,206.0,,,,,,9.0,28.0,5.0,,12.0,,9.0,,29.04,7.09,0.31,0.172,
E14001526,,,,,718.0,,,,,,,,11.0,,14.0,,,,1670.98,0.43,,0.007,
E14001527,,,,,249.0,,,,,,,,5.0,,6.0,,,,35.43,7.03,,0.141,
E14001528,,3.0,1.0,16.0,511.0,1.0,,,,,11.0,22.0,6.0,,10.0,,19.0,3.0,131.64,3.88,0.08,0.046,
E14001529,,,1.0,3.0,1113.0,,,,,,,,3.0,,3.0,,,,696.63,1.6,,0.004,
E14001530,,,,1.0,843.0,,2.0,3.0,5.0,,,,6.0,,11.0,,,,1776.79,0.47,,0.003,
E14001531,,,,19.0,645.0,,,,,,8.0,16.0,3.0,,,,,,87.44,7.38,0.09,0.034,
E14001532,,,,,386.0,,,,,,,,4.0,,5.0,,,1.0,333.82,1.16,,0.012,
E14001533,,,1.0,,566.0,,,,,,3.0,3.0,4.0,,4.0,,3.0,,1214.63,0.47,0.0,0.003,
E14001534,,,,,220.0,,,,,,,,5.0,,7.0,,,,46.84,4.7,,0.107,
E14001535,,,,,459.0,,,,,,,,6.0,,7.0,,,,155.91,2.94,,0.038,
E14001536,,,,,466.0,,,,,,,,,,1.0,,,,265.28,1.76,,,
E14001537,,,,19.0,496.0,,,,,,,,1.0,,1.0,,,,84.32,5.88,,0.012,
E14001538,,,,,530.0,,,,,,,,4.0,,6.0,,,,519.97,1.02,,0.008,
E14001539,,1.0,,3.0,617.0,,,,,,,,10.0,,17.0,2.0,,,1011.92,0.61,,0.01,
E14001540,,,,2.0,794.0,,,,,,,,1.0,,2.0,,,,725.39,1.09,,0.001,
E14001541,,,,16.0,504.0,,,,,,,,2.0,,8.0,,,,140.0,3.6,,0.014,
E14001542,,,,,862.0,,,,,,5.0,2.0,1.0,,1.0,,3.0,,846.77,1.02,0.01,0.001,
E14001543,,,,13.0,698.0,,,,,,,,4.0,,8.0,,,,1382.67,0.5,,0.003,
E14001544,,,,4.0,797.0,,,,,,4.0,,4.0,,4.0,,,,5796.54,0.14,0.0,0.001,
E14001545,,,,,833.0,,,,,,,,3.0,,3.0,,,,1079.46,0.77,,0.003,
E14001546,,,,22.0,363.0,,,,1.0,,,,5.0,,7.0,,,6.0,165.8,2.19,,0.03,
E14001547,,,,10.0,505.0,,,,,,3.0,6.0,4.0,,4.0,,3.0,,74.18,6.81,0.04,0.054,
E14001548,,,1.0,,814.0,,,,,,9.0,,2.0,,2.0,,10.0,,3236.95,0.25,0.0,0.001,
E14001549,,,4.0,,480.0,,,,,,,,10.0,,16.0,,,2.0,772.03,0.62,,0.013,
E14001550,,,,,178.0,,,,,,3.0,2.0,2.0,,2.0,,7.0,,28.86,6.17,0.1,0.069,
E14001551,,,,15.0,636.0,,2.0,1.0,1.0,,2.0,2.0,3.0,,3.0,,2.0,,89.48,7.11,0.02,0.034,
E14001552,,,,1.0,834.0,,1.0,2.0,2.0,,,,2.0,,2.0,,,,4073.36,0.2,,0.0,
E14001553,,,,1.0,251.0,,,,,,3.0,5.0,8.0,,10.0,,13.0,,30.9,8.12,0.1,0.259,
E14001554,,,,11.0,919.0,,3.0,5.0,7.0,,,,6.0,,6.0,,,,1058.4,0.87,,0.006,
E14001555,,,1.0,,508.0,,,,,,1.0,1.0,4.0,,7.0,,1.0,6.0,628.7,0.81,0.0,0.006,
E14001556,,,,,299.0,,2.0,2.0,2.0,,,,7.0,,10.0,,,,70.49,4.24,,0.099,
E14001557,,,,,476.0,,,1.0,,,8.0,16.0,,,,,,,100.85,4.72,0.08,,
E14001558,,,1.0,,282.0,,,,,,7.0,11.0,2.0,,3.0,,11.0,,104.33,2.7,0.07,0.019,
E14001559,,,,,206.0,,,,4.0,,7.0,12.0,4.0,,6.0,,18.0,,18.68,11.03,0.37,0.214,
E14001560,,,,25.0,745.0,,,,,,,,4.0,,8.0,,,,172.9,4.31,,0.023,
E14001561,,,,,462.0,,,2.0,2.0,,,,5.0,,11.0,,,8.0,71.81,6.43,,0.07,
E14001562,,,,15.0,589.0,,,,,,,,3.0,,3.0,,,,86.76,6.79,,0.035,
E14001563,,,,,218.0,,,,,,2.0,2.0,6.0,,10.0,,,,41.86,5.21,0.05,0.143,
E14001564,,1.0,,,587.0,,,,,,,,3.0,,,,,,256.66,2.29,,0.012,
E14001565,,,,19.0,490.0,,,,,,,,4.0,,2.0,,,10.0,203.52,2.41,,0.02,
E14001566,,,,4.0,548.0,,,,,,,,2.0,,3.0,,,,238.57,2.3,,0.008,
E14001567,,,,13.0,613.0,,,,,,,,,,,,,,209.71,2.92,,,
E14001568,,,,,368.0,,,,,,1.0,1.0,7.0,,9.0,,1.0,,63.32,5.81,0.02,0.111,
E14001569,,,,1.0,970.0,,,,,,,,3.0,,4.0,,,,2645.9,0.37,,0.001,
E14001570,,,1.0,,587.0,,,,,,3.0,3.0,10.0,,15.0,,3.0,1.0,1935.25,0.3,0.0,0.005,
E14001571,,,,,604.0,,,,,,,,1.0,,1.0,,,1.0,244.72,2.47,,0.004,
E14001572,,,,5.0,743.0,,,,,,,,1.0,,1.0,,,,1712.44,0.43,,0.001,
E14001573,,,1.0,7.0,513.0,,,,,,,,5.0,,5.0,,,,281.49,1.82,,0.018,
E14001574,,,,21.0,506.0,,,,,,6.0,12.0,2.0,,1.0,,6.0,,95.46,5.3,0.06,0.021,
E14001575,,,1.0,1.0,778.0,,,,,,,,7.0,,7.0,,,,2517.91,0.31,,0.003,
E14001576,,,,,296.0,,,,,1.0,19.0,36.0,2.0,,2.0,,32.0,,48.41,6.11,0.39,0.041,
E14001577,,,,7.0,677.0,,,,,,,,11.0,,22.0,,,,743.01,0.91,,0.015,
E14001578,,,,11.0,914.0,,,,,,,,2.0,,5.0,,,6.0,2031.18,0.45,,0.001,
E14001579,,,,,737.0,,,,,,,,3.0,,3.0,,,,1872.68,0.39,,0.002,
E14001580,,,,10.0,879.0,,20.0,21.0,25.0,,3.0,,10.0,,21.0,,,,7137.55,0.12,0.0,0.001,
E14001581,,,,,585.0,,1.0,1.0,1.0,,,,3.0,,3.0,,,,157.3,3.72,,0.019,
E14001582,,,,5.0,925.0,,,,,,,,4.0,,4.0,,,,2722.5,0.34,,0.001,
E14001583,,,,6.0,467.0,,,,,,,,12.0,,15.0,,,,1580.52,0.3,,0.008,
E14001584,,,,,450.0,,,,,,,,4.0,,4.0,,,10.0,176.68,2.55,,0.023,
E14001585,,3.0,3.0,19.0,663.0,1.0,,,,,,,4.0,,9.0,,,1.0,171.23,3.87,,0.023,
E14001586,,,,,256.0,,,,,,8.0,13.0,9.0,,13.0,,7.0,,58.8,4.35,0.14,0.153,
E14001587,,,,9.0,791.0,,,,,,1.0,2.0,3.0,,3.0,,1.0,,1448.57,0.55,0.0,0.002,
E14001588,,,,,590.0,,,,,,,,8.0,,19.0,,,3.0,285.44,2.07,,0.028,
E14001589,,1.0,,4.0,562.0,,,,,,,,5.0,,7.0,,,2.0,245.24,2.29,,0.02,
E14001590,,,,,633.0,,,,,,,,6.0,,8.0,,,,1107.64,0.57,,0.005,
E14001591,,,,,693.0,,,,,,,,2.0,,2.0,,,,1452.71,0.48,,0.001,
E14001592,,,,,458.0,,,,,,,,4.0,,7.0,,,,162.6,2.82,,0.025,
E14001593,,,,,486.0,,,,,,,,5.0,,13.0,,,6.0,355.54,1.37,,0.014,
E14001594,,,,,461.0,,,,,,1.0,1.0,1.0,,,,,,73.33,6.29,0.01,0.014,
E14001595,,,,7.0,549.0,,,,,,6.0,12.0,,,,,7.0,,83.03,6.61,0.07,,
E14001596,,,,21.0,540.0,,,,,,2.0,4.0,,,,,1.0,,82.16,6.57,0.02,,
E14001597,,,,15.0,443.0,,,,,,,,2.0,,3.0,,,,88.71,4.99,,0.023,
E14001598,,2.0,2.0,4.0,457.0,1.0,,,,,1.0,1.0,5.0,,8.0,,,4.0,201.44,2.27,0.0,0.025,
E14001599,,,,,478.0,,,,,,,,5.0,,10.0,,,5.0,186.83,2.56,,0.027,
E14001600,,,,25.0,577.0,,,,,,,,1.0,,2.0,,,,365.34,1.58,,0.003,
E14001601,,,,8.0,485.0,,,,,,,,2.0,,5.0,,,,524.0,0.93,,0.004,
E14001602,8.0,6.0,3.0,17.0,466.0,2.0,,,,4.0,17.0,34.0,1.0,,1.0,,41.0,9.0,102.68,4.54,0.17,0.01,
E14001603,,,,1.0,735.0,,,,,,,,3.0,,3.0,,,,843.37,0.87,,0.004,
E14001604,,,,,528.0,,,,,,,,1.0,,1.0,,,6.0,72.72,7.26,,0.014,
E14001605,,,,,673.0,,,,,,,,1.0,,2.0,,,1.0,711.73,0.95,,0.001,
S14000021,,,,,393.0,,,,,,,,9.0,,,,,,548.98,0.72,,0.016,
S14000027,3.0,4.0,,6.0,1830.0,,1.0,1.0,8.0,3.0,,,,,,,,2.0,10928.37,0.17,,,
S14000045,,,,,712.0,,,,,,,,4.0,,,,,2.0,1124.29,0.63,,0.004,
S14000048,,,,6.0,738.0,,,4.0,,,,,11.0,,,,,,2559.97,0.29,,0.004,
S14000051,7.0,1.0,,7.0,1639.0,,,19.0,40.0,14.0,,,,,,,,5.0,9819.05,0.17,,,
S14000060,,,,,649.0,,,,,1.0,,,1.0,,1.0,,,,337.65,1.92,,0.003,
S14000061,,1.0,,13.0,699.0,,,1.0,,,,,1.0,,2.0,,,,291.98,2.39,,0.003,
S14000062,,,,9.0,936.0,,,,,,1.0,,1.0,,1.0,,,,4624.77,0.2,0.0,0.0,
S14000063,,,,,527.0,,,,,,,,7.0,,,,,,754.46,0.7,,0.009,
S14000064,,,,7.0,562.0,,,,,,,,2.0,,4.0,,,6.0,540.26,1.04,,0.004,
S14000065,,,,,1829.0,,,,,,2.0,,5.0,,4.0,,,12.0,18275.95,0.1,0.0,0.0,
S14000066,,,,9.0,872.0,,,,,,,,7.0,,,,,8.0,1359.92,0.64,,0.005,
S14000067,,,,5.0,1510.0,,2.0,38.0,,6.0,,,15.0,,1.0,,,9.0,29448.62,0.05,,0.001,
S14000068,,,,3.0,671.0,,,,,,3.0,,4.0,,1.0,,,1.0,674.78,0.99,0.0,0.006,
S14000069,,,,,1681.0,,,5.0,,1.0,,,29.0,,27.0,,,9.0,41508.46,0.04,,0.001,
S14000070,,,,,430.0,,,,,,,,9.0,,,,,,218.07,1.97,,0.041,
S14000071,,11.0,2.0,24.0,931.0,,,1.0,,,,,8.0,,25.0,,,16.0,474.46,1.96,,0.017,
S14000072,,,,,443.0,,,,,,,,4.0,,,,,,453.95,0.98,,0.009,
S14000073,,,,7.0,1340.0,,2.0,3.0,,,,,1.0,,,,,,11877.4,0.11,,0.0,
S14000074,,,,3.0,1139.0,,,,,,2.0,2.0,6.0,,,,,,13660.12,0.08,0.0,0.0,
S14000075,,,,10.0,747.0,,,,,1.0,,,1.0,,,,,,132.22,5.65,,0.008,
S14000076,,2.0,2.0,15.0,831.0,,,,1.0,,,,3.0,,7.0,,,8.0,860.74,0.97,,0.003,
S14000077,,,,15.0,383.0,,,,,,,,3.0,,,,,,955.99,0.4,,0.003,
S14000078,,,,,564.0,,,,,,1.0,1.0,4.0,,8.0,,,17.0,100.99,5.58,0.01,0.04,
S14000079,,3.0,,18.0,432.0,,,,,,9.0,20.0,,,,,,15.0,60.65,7.12,0.15,,
S14000080,,,,,390.0,,,,,,,,,,,,,7.0,99.01,3.94,,,
S14000081,,,,,519.0,,,,,,4.0,7.0,5.0,,8.0,,,8.0,285.06,1.82,0.01,0.018,
S14000082,1.0,,,,564.0,,,1.0,,1.0,9.0,18.0,4.0,,7.0,,,3.0,318.71,1.77,0.03,0.013,
S14000083,,,,10.0,796.0,,,,,,1.0,,4.0,,12.0,,,10.0,643.38,1.24,0.0,0.006,
S14000084,,,,,425.0,,,,,,2.0,4.0,12.0,,,,,,89.08,4.77,0.02,0.135,
S14000085,,,,59.0,449.0,,1.0,1.0,,,5.0,10.0,14.0,,,,,,88.18,5.09,0.06,0.159,
S14000086,,,,,617.0,,,,,,,,6.0,,,,,,125.52,4.92,,0.048,
S14000087,,,,,416.0,,,,,,,,11.0,,,,,,84.48,4.92,,0.13,
S14000088,,,,17.0,465.0,,2.0,3.0,,,6.0,12.0,9.0,,,,,,92.92,5.0,0.06,0.097,
S14000089,,,,,426.0,,,1.0,,,2.0,4.0,6.0,,,,,,59.13,7.2,0.03,0.101,
S14000090,,6.0,2.0,17.0,960.0,,,,,,,,4.0,,12.0,,,8.0,558.0,1.72,,0.007,
S14000091,,,,,826.0,,,,,,,,4.0,,6.0,,,,7125.89,0.12,,0.001,
S14000092,,,,23.0,501.0,,,,,,,,6.0,,,,,,808.17,0.62,,0.007,
S14000093,,,,23.0,642.0,,,3.0,,,,,14.0,,,,,,622.24,1.03,,0.022,
S14000094,,,,15.0,1560.0,,2.0,15.0,,,,,22.0,,22.0,,,12.0,32660.97,0.05,,0.001,
S14000095,,,,8.0,531.0,,,,,,,,8.0,,,,,,772.95,0.69,,0.01,
S14000096,,,,,893.0,,1.0,1.0,,,,,6.0,,,,,,2134.52,0.42,,0.003,
S14000097,,,,,393.0,,,,,,,,6.0,,,,,,489.41,0.8,,0.012,
S14000098,,,,8.0,882.0,,,,,1.0,5.0,,8.0,,7.0,,,3.0,16112.69,0.05,0.0,0.0,
S14000099,,,,,475.0,,,,,,,,6.0,,,,,,676.32,0.7,,0.009,
S14000100,,5.0,2.0,14.0,1308.0,,,,,,,,6.0,,10.0,,,7.0,2576.66,0.51,,0.002,
S14000101,,,,20.0,419.0,,,2.0,,1.0,,,7.0,,,,,,258.58,1.62,,0.027,
S14000102,,,,,527.0,,,,,,,,7.0,,,,,,472.57,1.12,,0.015,
S14000103,,,,10.0,1191.0,,,2.0,,,,,2.0,,2.0,,,9.0,4600.94,0.26,,0.0,
S14000104,,,,,397.0,,,,,,,,7.0,,,,,,130.52,3.04,,0.054,
S14000105,,,,14.0,842.0,1.0,4.0,7.0,,,,,7.0,,2.0,,,3.0,8046.29,0.1,,0.001,
S14000106,,,,3.0,531.0,,2.0,5.0,,,,,13.0,,,,,,567.11,0.94,,0.023,
S14000107,,,,7.0,854.0,,,2.0,,,,,6.0,,,,,,5008.04,0.17,,0.001,
S14000108,,2.0,,8.0,1003.0,,,,,,,,3.0,,6.0,,,,11984.11,0.08,,0.0,
S14000109,,,,1.0,546.0,,,1.0,,1.0,,,5.0,,,,,,725.18,0.75,,0.007,
S14000110,,,,13.0,651.0,,,,,,,,5.0,,,,,,2191.98,0.3,,0.002,
S14000111,,,,,790.0,,,,,,,,3.0,,6.0,,,,11028.69,0.07,,0.0,
W07000081,,,,20.0,735.0,,,,,,,,7.0,,13.0,,,,626.06,1.17,,0.011,
W07000082,,,,,641.0,,,,,,,,10.0,,17.0,,,,515.21,1.24,,0.019,
W07000083,,,,6.0,1059.0,,,,,,2.0,,16.0,,24.0,,,,3878.11,0.27,0.0,0.004,
W07000084,,,,9.0,739.0,,,,,,,,9.0,,11.0,,,,434.62,1.7,,0.021,
W07000085,,,,9.0,784.0,,,,,,,,12.0,,19.0,,,,8200.46,0.1,,0.001,
W07000086,,,,11.0,551.0,,,,,,,,5.0,,10.0,,,,312.05,1.77,,0.016,
W07000087,,,,18.0,1284.0,,,,,,,,11.0,,18.0,,,,5303.8,0.24,,0.002,
W07000088,,,,13.0,592.0,,,,,,,,7.0,,15.0,,,,364.14,1.63,,0.019,
W07000089,,,,,492.0,,,,,,,,1.0,,3.0,,,,75.11,6.55,,0.013,
W07000090,,,,,488.0,,,,,,,,11.0,,20.0,,,,127.76,3.82,,0.086,
W07000091,,,,,638.0,,9.0,9.0,1.0,,,,10.0,,23.0,,,1.0,142.06,4.49,,0.07,
W07000092,,,,,505.0,,,,,,,,5.0,,10.0,,,,162.14,3.11,,0.031,
W07000093,,,,7.0,1016.0,,,1.0,,,8.0,,5.0,,8.0,,,,6496.92,0.16,0.0,0.001,
W07000094,,,,15.0,827.0,,,,,,2.0,,1.0,,4.0,,,,1794.97,0.46,0.0,0.001,
W07000095,,,,6.0,673.0,,,,,,,,3.0,,6.0,,,,450.08,1.5,,0.007,
W07000096,,,,4.0,1538.0,,,2.0,,,25.0,,29.0,,39.0,,,,7051.27,0.22,0.0,0.004,
W07000097,,,,8.0,873.0,,,,,1.0,,,2.0,,2.0,,,,796.02,1.1,,0.003,
W07000098,,,,7.0,1074.0,,,,,,,,6.0,,15.0,,,,916.7,1.17,,0.007,
W07000099,,,,28.0,830.0,,,,,,,,7.0,,9.0,,,,638.95,1.3,,0.011,
W07000100,,,,2.0,651.0,,,3.0,,,,,13.0,,19.0,,,,2502.63,0.26,,0.005,
W07000101,,,1.0,12.0,915.0,,,,,,,,4.0,,8.0,,,,2218.2,0.41,,0.002,
W07000102,,,,9.0,880.0,,,,,,4.0,,7.0,,14.0,,,,6478.11,0.14,0.0,0.001,
W07000103,,,,11.0,834.0,,,,,,,,3.0,,9.0,,,,559.96,1.49,,0.005,
W07000104,,,,24.0,541.0,,,,,,,,1.0,,2.0,,,,319.86,1.69,,0.003,
W07000105,,,,10.0,710.0,,,,,,,,5.0,,6.0,,,,377.54,1.88,,0.013,
W07000106,,,,17.0,607.0,,,,,,,,8.0,,19.0,,,,366.9,1.65,,0.022,
W07000107,,,,12.0,711.0,,,,,,,,10.0,,20.0,,,,517.88,1.37,,0.019,
W07000108,,,,24.0,635.0,,,,,,,,1.0,,1.0,,,,83.24,7.63,,0.012,
W07000109,,,,10.0,701.0,,,,,,,,2.0,,4.0,,,,328.25,2.14,,0.006,
W07000110,,,,1.0,651.0,,1.0,1.0,,1.0,,,6.0,,12.0,,,,760.19,0.86,,0.008,
W07000111,,,,9.0,800.0,,,,,,,,3.0,,8.0,,,,808.59,0.99,,0.004,
W07000112,,,,2.0,767.0,,,1.0,,1.0,,,6.0,,12.0,,,,1997.76,0.38,,0.003,
