PCON24CD,PCON24NM,Scenario 1,Scenario 1,Scenario 1,Scenario 2,Scenario 2,Scenario 2,Scenario 3,Scenario 3,Scenario 3,Scenario 4,Scenario 4,Scenario 4,Scenario 5,Scenario 5,Scenario 5,Scenario 6,Scenario 6,Scenario 6,Scenario 7,Scenario 7,Scenario 7
,,Households,Households with access,Percentage with access,Households,Households with access,Percentage with access,Households,Households with access,Percentage with access,Households,Households with access,Percentage with access,Households,Households with access,Percentage with access,Households,Households with access,Percentage with access,Households,Households with access,Percentage with access
---,---,---,---,---,---,---,---,---,---,---,---,---,---,---,---,---,---,---,---,---,---,---
E14001063,Aldershot,49395,47952,97.1,49395,47974,97.1,49395,8279,16.8,49395,9878,20.0,49395,17514,35.5,49395,3528,7.1,49395,10729,21.7
E14001064,Aldridge-Brownhills,39175,29901,76.3,39175,32050,81.8,39175,5695,14.5,39175,5392,13.8,39175,17179,43.9,39175,2831,7.2,39175,7449,19.0
E14001065,Altrincham and Sale West,42963,40374,94.0,42963,41068,95.6,42963,5488,12.8,42963,1654,3.8,42963,0,0.0,42963,0,0.0,42963,5488,12.8
E14001066,Amber Valley,43117,39588,91.8,43117,43049,99.8,43117,7552,17.5,43117,2238,5.2,43117,4964,11.5,43117,502,1.2,43117,7799,18.1
E14001067,Arundel and South Downs,45796,40604,88.7,45796,44061,96.2,45796,6043,13.2,45796,4954,10.8,45796,14042,30.7,45796,2873,6.3,45796,7215,15.8
E14001068,Ashfield,43495,39728,91.3,43495,41356,95.1,43495,6557,15.1,43495,4225,9.7,43495,15935,36.6,43495,1886,4.3,43495,7977,18.3
E14001069,Ashford,46136,44241,95.9,46136,45919,99.5,46136,11233,24.3,46136,7751,16.8,46136,17597,38.1,46136,3098,6.7,46136,13314,28.9
E14001070,Ashton-under-Lyne,45490,42573,93.6,45490,43904,96.5,45490,8430,18.5,45490,5778,12.7,45490,11430,25.1,45490,1262,2.8,45490,9340,20.5
E14001071,Aylesbury,48004,39911,83.1,48004,44787,93.3,48004,8245,17.2,48004,3737,7.8,48004,8879,18.5,48004,975,2.0,48004,8880,18.5
E14001072,Banbury,46634,40429,86.7,46634,46129,98.9,46634,8132,17.4,46634,7775,16.7,46634,7868,16.9,46634,1272,2.7,46634,9265,19.9
E14001073,Barking,49080,46834,95.4,49080,46834,95.4,49080,7748,15.8,49080,13237,27.0,49080,34494,70.3,49080,5177,10.5,49080,12271,25.0
E14001074,Barnsley North,49233,45741,92.9,49233,47120,95.7,49233,11966,24.3,49233,7870,16.0,49233,19638,39.9,49233,3419,6.9,49233,14008,28.5
E14001075,Barnsley South,49864,49706,99.7,49864,49862,100.0,49864,9874,19.8,49864,5112,10.3,49864,21774,43.7,49864,2097,4.2,49864,11472,23.0
E14001076,Barrow and Furness,50190,42561,84.8,50190,49438,98.5,50190,6642,13.2,50190,3433,6.8,50190,17601,35.1,50190,1271,2.5,50190,7758,15.5
E14001077,Basildon and Billericay,45906,42917,93.5,45906,44770,97.5,45906,5798,12.6,45906,4718,10.3,45906,27071,59.0,45906,2642,5.8,45906,7835,17.1
E14001078,Basingstoke,48255,47128,97.7,48255,47994,99.5,48255,8360,17.3,48255,9264,19.2,48255,17554,36.4,48255,2295,4.8,48255,10762,22.3
E14001079,Bassetlaw,50441,42188,83.6,50441,47789,94.7,50441,4978,9.9,50441,2772,5.5,50441,7509,14.9,50441,523,1.0,50441,5471,10.8
E14001080,Bath,46716,46041,98.6,46716,46555,99.7,46716,9641,20.6,46716,10266,22.0,46716,16468,35.3,46716,2409,5.2,46716,12315,26.4
E14001081,Battersea,58657,56015,95.5,58657,56015,95.5,58657,10768,18.4,58657,17373,29.6,58657,41983,71.6,58657,7525,12.8,58657,16421,28.0
E14001082,Beaconsfield,42155,37082,88.0,42155,40048,95.0,42155,5453,12.9,42155,3469,8.2,42155,7598,18.0,42155,997,2.4,42155,6080,14.4
E14001083,Beckenham and Penge,49483,47273,95.5,49483,47273,95.5,49483,8738,17.7,49483,7986,16.1,49483,26196,52.9,49483,2902,5.9,49483,11054,22.3
E14001084,Bedford,48052,45107,93.9,48052,45214,94.1,48052,8065,16.8,48052,8196,17.1,48052,23098,48.1,48052,2825,5.9,48052,10339,21.5
E14001085,Bermondsey and Old Southwark,57681,45907,79.6,57681,45907,79.6,57681,11286,19.6,57681,11073,19.2,57681,21897,38.0,57681,2826,4.9,57681,14631,25.4
E14001086,Bethnal Green and Stepney,55698,43042,77.3,55698,43042,77.3,55698,13778,24.7,55698,10448,18.8,55698,11236,20.2,55698,3224,5.8,55698,15731,28.2
E14001087,Beverley and Holderness,47548,32510,68.4,47548,42072,88.5,47548,3763,7.9,47548,1431,3.0,47548,9616,20.2,47548,708,1.5,47548,4341,9.1
E14001088,Bexhill and Battle,44542,39409,88.5,44542,43984,98.7,44542,6518,14.6,44542,5219,11.7,44542,10570,23.7,44542,1483,3.3,44542,7334,16.5
E14001089,Bexleyheath and Crayford,40331,35827,88.8,40331,35832,88.8,40331,3335,8.3,40331,2667,6.6,40331,14359,35.6,40331,1167,2.9,40331,4494,11.1
E14001090,Bicester and Woodstock,45168,38037,84.2,45168,43204,95.7,45168,7588,16.8,45168,4610,10.2,45168,9395,20.8,45168,2383,5.3,45168,9020,20.0
E14001091,Birkenhead,52089,49246,94.5,52089,49426,94.9,52089,7596,14.6,52089,9252,17.8,52089,32137,61.7,52089,4726,9.1,52089,11338,21.8
E14001092,Birmingham Edgbaston,48192,44281,91.9,48192,44283,91.9,48192,7102,14.7,48192,8889,18.4,48192,24886,51.6,48192,4218,8.8,48192,9960,20.7
E14001093,Birmingham Erdington,52407,48698,92.9,52407,48698,92.9,52407,6057,11.6,52407,6064,11.6,52407,11079,21.1,52407,1035,2.0,52407,7123,13.6
E14001094,Birmingham Hall Green and Moseley,41828,38400,91.8,41828,38400,91.8,41828,6518,15.6,41828,7802,18.7,41828,18428,44.1,41828,2877,6.9,41828,8775,21.0
E14001095,Birmingham Hodge Hill and Solihull North,45093,42246,93.7,45093,42473,94.2,45093,7703,17.1,45093,9051,20.1,45093,31429,69.7,45093,5068,11.2,45093,11307,25.1
E14001096,Birmingham Ladywood,71358,49242,69.0,71358,49242,69.0,71358,10832,15.2,71358,7472,10.5,71358,14421,20.2,71358,1436,2.0,71358,12240,17.2
E14001097,Birmingham Northfield,48104,46962,97.6,48104,47231,98.2,48104,8919,18.5,48104,8139,16.9,48104,17300,36.0,48104,2045,4.3,48104,10677,22.2
E14001098,Birmingham Perry Barr,42740,34009,79.6,42740,35294,82.6,42740,3435,8.0,42740,3961,9.3,42740,15796,37.0,42740,1144,2.7,42740,4698,11.0
E14001099,Birmingham Selly Oak,46404,46199,99.6,46404,46199,99.6,46404,7491,16.1,46404,9356,20.2,46404,25597,55.2,46404,2428,5.2,46404,10007,21.6
E14001100,Birmingham Yardley,41951,41651,99.3,41951,41651,99.3,41951,8023,19.1,41951,10758,25.6,41951,24776,59.1,41951,5002,11.9,41951,11737,28.0
E14001101,Bishop Auckland,45687,41862,91.6,45687,45531,99.7,45687,9810,21.5,45687,5323,11.7,45687,9464,20.7,45687,2016,4.4,45687,10845,23.7
E14001102,Blackburn,44631,38856,87.1,44631,40020,89.7,44631,6418,14.4,44631,3208,7.2,44631,20051,44.9,44631,1167,2.6,44631,7728,17.3
E14001103,Blackley and Middleton South,47169,46663,98.9,47169,46793,99.2,47169,7545,16.0,47169,5803,12.3,47169,25654,54.4,47169,2634,5.6,47169,9554,20.3
E14001104,Blackpool North and Fleetwood,47648,40753,85.5,47648,41084,86.2,47648,5543,11.6,47648,6347,13.3,47648,7423,15.6,47648,1722,3.6,47648,6908,14.5
E14001105,Blackpool South,58636,41012,69.9,58636,41351,70.5,58636,6324,10.8,58636,2673,4.6,58636,15244,26.0,58636,1237,2.1,58636,7577,12.9
E14001106,Blaydon and Consett,44230,40973,92.6,44230,42712,96.6,44230,9830,22.2,44230,4876,11.0,44230,8223,18.6,44230,1670,3.8,44230,10773,24.4
E14001107,Blyth and Ashington,48596,47053,96.8,48596,47211,97.1,48596,9234,19.0,48596,9168,18.9,48596,25748,53.0,48596,3880,8.0,48596,12506,25.7
E14001108,Bognor Regis and Littlehampton,50639,46054,90.9,50639,48272,95.3,50639,6135,12.1,50639,4192,8.3,50639,85,0.2,50639,0,0.0,50639,6135,12.1
E14001109,Bolsover,47821,43895,91.8,47821,46983,98.2,47821,10200,21.3,47821,3887,8.1,47821,4921,10.3,47821,953,2.0,47821,10557,22.1
E14001110,Bolton North East,51012,50901,99.8,51012,50925,99.8,51012,8069,15.8,51012,8734,17.1,51012,34058,66.8,51012,4542,8.9,51012,11877,23.3
E14001111,Bolton South and Walkden,51033,49124,96.3,51033,49348,96.7,51033,7939,15.6,51033,7477,14.7,51033,16309,32.0,51033,1888,3.7,51033,9672,19.0
E14001112,Bolton West,43931,42330,96.4,43931,43841,99.8,43931,6076,13.8,43931,4928,11.2,43931,11398,25.9,43931,829,1.9,43931,6882,15.7
E14001113,Bootle,49263,43538,88.4,49263,43547,88.4,49263,9526,19.3,49263,9927,20.2,49263,17534,35.6,49263,2236,4.5,49263,11720,23.8
E14001114,Boston and Skegness,68055,35327,51.9,68055,52836,77.6,68055,4370,6.4,68055,1551,2.3,68055,5605,8.2,68055,424,0.6,68055,4671,6.9
E14001115,Bournemouth East,52673,46966,89.2,52673,46996,89.2,52673,7239,13.7,52673,7085,13.5,52673,25704,48.8,52673,2840,5.4,52673,9351,17.8
E14001116,Bournemouth West,49751,47696,95.9,49751,47974,96.4,49751,8588,17.3,49751,11367,22.8,49751,22552,45.3,49751,3886,7.8,49751,11661,23.4
E14001117,Bracknell,43776,42078,96.1,43776,42078,96.1,43776,7979,18.2,43776,8849,20.2,43776,24958,57.0,43776,3408,7.8,43776,10847,24.8
E14001118,Bradford East,43310,41674,96.2,43310,41817,96.6,43310,6722,15.5,43310,3096,7.1,43310,14501,33.5,43310,1242,2.9,43310,7767,17.9
E14001119,Bradford South,44798,41766,93.2,44798,43370,96.8,44798,9693,21.6,44798,6519,14.6,44798,17487,39.0,44798,1528,3.4,44798,10810,24.1
E14001120,Bradford West,45332,35594,78.5,45332,35939,79.3,45332,8559,18.9,45332,4645,10.2,45332,12433,27.4,45332,806,1.8,45332,9401,20.7
E14001121,Braintree,45860,40984,89.4,45860,45780,99.8,45860,8258,18.0,45860,4922,10.7,45860,14303,31.2,45860,2562,5.6,45860,9768,21.3
E14001122,Brent East,53038,47734,90.0,53038,47734,90.0,53038,5483,10.3,53038,4977,9.4,53038,30229,57.0,53038,2427,4.6,53038,7578,14.3
E14001123,Brent West,50718,42420,83.6,50718,42420,83.6,50718,6421,12.7,50718,3913,7.7,50718,25074,49.4,50718,1747,3.4,50718,8325,16.4
E14001124,Brentford and Isleworth,51574,48705,94.4,51574,48705,94.4,51574,6569,12.7,51574,4802,9.3,51574,17226,33.4,51574,691,1.3,51574,7474,14.5
E14001125,Brentwood and Ongar,44414,40461,91.1,44414,43508,98.0,44414,5580,12.6,44414,3130,7.0,44414,14814,33.4,44414,1070,2.4,44414,6378,14.4
E14001126,Bridgwater,46601,35242,75.6,46601,45636,97.9,46601,6274,13.5,46601,2668,5.7,46601,4681,10.0,46601,783,1.7,46601,6819,14.6
E14001127,Bridlington and The Wolds,56601,34061,60.2,56601,44837,79.2,56601,5216,9.2,56601,1539,2.7,56601,960,1.7,56601,116,0.2,56601,5251,9.3
E14001128,Brigg and Immingham,41984,30151,71.8,41984,33692,80.2,41984,4306,10.3,41984,917,2.2,41984,5554,13.2,41984,311,0.7,41984,4597,10.9
E14001129,Brighton Kemptown and Peacehaven,48354,44161,91.3,48354,47529,98.3,48354,6196,12.8,48354,9125,18.9,48354,23813,49.2,48354,3480,7.2,48354,8719,18.0
E14001130,Brighton Pavilion,54416,52538,96.5,54416,52539,96.6,54416,7121,13.1,54416,6457,11.9,54416,28823,53.0,54416,2690,4.9,54416,9633,17.7
E14001131,Bristol Central,49092,45404,92.5,49092,45404,92.5,49092,8146,16.6,49092,11154,22.7,49092,20148,41.0,49092,3539,7.2,49092,10827,22.1
E14001132,Bristol East,49933,49623,99.4,49933,49623,99.4,49933,9453,18.9,49933,11494,23.0,49933,23729,47.5,49933,4703,9.4,49933,12907,25.8
E14001133,Bristol North East,42973,42652,99.3,42973,42673,99.3,42973,8359,19.5,42973,9698,22.6,42973,22551,52.5,42973,3965,9.2,42973,11483,26.7
E14001134,Bristol North West,45125,43945,97.4,45125,43945,97.4,45125,7523,16.7,45125,10192,22.6,45125,27636,61.2,45125,3873,8.6,45125,10520,23.3
E14001135,Bristol South,47353,44472,93.9,47353,44868,94.8,47353,9472,20.0,47353,11542,24.4,47353,26507,56.0,47353,5678,12.0,47353,13327,28.1
E14001136,Broadland and Fakenham,44484,28252,63.5,44484,37110,83.4,44484,3885,8.7,44484,2095,4.7,44484,4564,10.3,44484,561,1.3,44484,4170,9.4
E14001137,Bromley and Biggin Hill,41578,41101,98.9,41578,41111,98.9,41578,7477,18.0,41578,4044,9.7,41578,15482,37.2,41578,1534,3.7,41578,8545,20.6
E14001138,Bromsgrove,43340,36236,83.6,43340,42654,98.4,43340,5052,11.7,43340,2298,5.3,43340,9033,20.8,43340,996,2.3,43340,5878,13.6
E14001139,Broxbourne,45971,43543,94.7,45971,44699,97.2,45971,6730,14.6,45971,5410,11.8,45971,17956,39.1,45971,2158,4.7,45971,8002,17.4
E14001140,Broxtowe,44676,41669,93.3,44676,42907,96.0,44676,7132,16.0,44676,4642,10.4,44676,8906,19.9,44676,1012,2.3,44676,7856,17.6
E14001141,Buckingham and Bletchley,45235,40225,88.9,45235,44978,99.4,45235,7635,16.9,45235,6288,13.9,45235,15109,33.4,45235,2476,5.5,45235,9287,20.5
E14001142,Burnley,48538,47050,96.9,48538,48530,100.0,48538,11708,24.1,48538,9210,19.0,48538,21498,44.3,48538,3134,6.5,48538,14391,29.6
E14001143,Burton and Uttoxeter,50064,34484,68.9,50064,41792,83.5,50064,4544,9.1,50064,1030,2.1,50064,1236,2.5,50064,44,0.1,50064,4590,9.2
E14001144,Bury North,46170,44106,95.5,46170,45642,98.9,46170,7355,15.9,46170,6814,14.8,46170,18135,39.3,46170,2834,6.1,46170,9491,20.6
E14001145,Bury South,45900,44125,96.1,45900,44621,97.2,45900,7257,15.8,45900,8639,18.8,45900,21488,46.8,45900,3149,6.9,45900,10018,21.8
E14001146,Bury St Edmunds and Stowmarket,49475,42551,86.0,49475,47768,96.5,49475,5019,10.1,49475,3098,6.3,49475,3070,6.2,49475,391,0.8,49475,5445,11.0
E14001147,Calder Valley,47534,46813,98.5,47534,47361,99.6,47534,6282,13.2,47534,3142,6.6,47534,11727,24.7,47534,1146,2.4,47534,7024,14.8
E14001148,Camborne and Redruth,46819,37964,81.1,46819,45531,97.2,46819,6883,14.7,46819,3289,7.0,46819,14056,30.0,46819,2056,4.4,46819,8043,17.2
E14001149,Cambridge,53200,50433,94.8,53200,50690,95.3,53200,9329,17.5,53200,9329,17.5,53200,33949,63.8,53200,5385,10.1,53200,13270,24.9
E14001150,Cannock Chase,45781,43025,94.0,45781,44210,96.6,45781,7494,16.4,45781,6268,13.7,45781,21140,46.2,45781,2931,6.4,45781,9363,20.5
E14001151,Canterbury,52438,48089,91.7,52438,50706,96.7,52438,6025,11.5,52438,2590,4.9,52438,4643,8.9,52438,389,0.7,52438,6387,12.2
E14001152,Carlisle,51632,44119,85.4,51632,49150,95.2,51632,8988,17.4,51632,4742,9.2,51632,19644,38.0,51632,2221,4.3,51632,10646,20.6
E14001153,Carshalton and Wallington,42825,40578,94.8,42825,40578,94.8,42825,7160,16.7,42825,8403,19.6,42825,20918,48.8,42825,3816,8.9,42825,9608,22.4
E14001154,Castle Point,41654,34904,83.8,41654,37442,89.9,41654,3695,8.9,41654,3375,8.1,41654,18073,43.4,41654,1725,4.1,41654,5183,12.4
E14001155,Central Devon,44042,29172,66.2,44042,40581,92.1,44042,4586,10.4,44042,2919,6.6,44042,5210,11.8,44042,770,1.7,44042,5039,11.4
E14001156,Central Suffolk and North Ipswich,42136,36434,86.5,42136,41670,98.9,42136,5599,13.3,42136,4017,9.5,42136,8429,20.0,42136,1372,3.3,42136,6593,15.6
E14001157,Chatham and Aylesford,44722,42341,94.7,44722,42842,95.8,44722,5320,11.9,44722,3783,8.5,44722,14683,32.8,44722,1622,3.6,44722,6389,14.3
E14001158,Cheadle,41158,39524,96.0,41158,39748,96.6,41158,5384,13.1,41158,4123,10.0,41158,15326,37.2,41158,1555,3.8,41158,6804,16.5
E14001159,Chelmsford,48520,45253,93.3,48520,47148,97.2,48520,6088,12.5,48520,5417,11.2,48520,14180,29.2,48520,1159,2.4,48520,7613,15.7
E14001160,Chelsea and Fulham,68335,64161,93.9,68335,64161,93.9,68335,9712,14.2,68335,5019,7.3,68335,5299,7.8,68335,40,0.1,68335,9784,14.3
E14001161,Cheltenham,49808,47594,95.6,49808,48671,97.7,49808,7684,15.4,49808,5497,11.0,49808,7153,14.4,49808,701,1.4,49808,8086,16.2
E14001162,Chesham and Amersham,41723,38242,91.7,41723,40357,96.7,41723,6655,16.0,41723,6498,15.6,41723,13611,32.6,41723,2774,6.6,41723,8078,19.4
E14001163,Chester North and Neston,46459,33483,72.1,46459,39320,84.6,46459,5617,12.1,46459,4517,9.7,46459,8354,18.0,46459,1088,2.3,46459,6336,13.6
E14001164,Chester South and Eddisbury,43720,27232,62.3,43720,40002,91.5,43720,4017,9.2,43720,1654,3.8,43720,2726,6.2,43720,825,1.9,43720,4325,9.9
E14001165,Chesterfield,46259,45099,97.5,46259,45723,98.8,46259,8266,17.9,46259,1948,4.2,46259,7569,16.4,46259,895,1.9,46259,8876,19.2
E14001166,Chichester,51760,36840,71.2,51760,47248,91.3,51760,5483,10.6,51760,2242,4.3,51760,10973,21.2,51760,1017,2.0,51760,6236,12.0
E14001167,Chingford and Woodford Green,44531,43213,97.0,44531,43213,97.0,44531,14184,31.9,44531,14888,33.4,44531,29442,66.1,44531,9067,20.4,44531,18149,40.8
E14001168,Chippenham,44211,35571,80.5,44211,43663,98.8,44211,7754,17.5,44211,5938,13.4,44211,7010,15.9,44211,1482,3.4,44211,9035,20.4
E14001169,Chipping Barnet,46929,44785,95.4,46929,44785,95.4,46929,6916,14.7,46929,7255,15.5,46929,28914,61.6,46929,3580,7.6,46929,9638,20.5
E14001170,Chorley,46263,38388,83.0,46263,43316,93.6,46263,6289,13.6,46263,4374,9.5,46263,21392,46.2,46263,2378,5.1,46263,8169,17.7
E14001171,Christchurch,43122,36581,84.8,43122,37999,88.1,43122,6316,14.6,43122,7509,17.4,43122,26152,60.6,43122,4214,9.8,43122,9054,21.0
E14001172,Cities of London and Westminster,96582,86019,89.1,96582,86019,89.1,96582,11111,11.5,96582,10468,10.8,96582,55785,57.8,96582,4260,4.4,96582,16998,17.6
E14001173,City of Durham,45762,43008,94.0,45762,45377,99.2,45762,6281,13.7,45762,3746,8.2,45762,13539,29.6,45762,1197,2.6,45762,7085,15.5
E14001174,Clacton,51175,34240,66.9,51175,41805,81.7,51175,5162,10.1,51175,2553,5.0,51175,3507,6.9,51175,345,0.7,51175,5484,10.7
E14001175,Clapham and Brixton Hill,48885,41494,84.9,48885,41494,84.9,48885,10199,20.9,48885,9874,20.2,48885,30318,62.0,48885,4891,10.0,48885,12991,26.6
E14001176,Colchester,50873,46743,91.9,50873,48111,94.6,50873,7148,14.1,50873,6703,13.2,50873,26642,52.4,50873,3107,6.1,50873,9786,19.2
E14001177,Colne Valley,43394,42605,98.2,43394,43238,99.6,43394,7891,18.2,43394,1572,3.6,43394,4480,10.3,43394,417,1.0,43394,8291,19.1
E14001178,Congleton,43424,33029,76.1,43424,41216,94.9,43424,4006,9.2,43424,1472,3.4,43424,3700,8.5,43424,338,0.8,43424,4216,9.7
E14001179,Corby and East Northamptonshire,50049,35140,70.2,50049,43300,86.5,50049,5615,11.2,50049,1555,3.1,50049,2225,4.4,50049,105,0.2,50049,5742,11.5
E14001180,Coventry East,51045,47801,93.6,51045,48031,94.1,51045,6842,13.4,51045,7161,14.0,51045,18311,35.9,51045,1824,3.6,51045,8540,16.7
E14001181,Coventry North West,47946,32385,67.5,47946,32508,67.8,47946,3961,8.3,47946,3721,7.8,47946,9564,19.9,47946,839,1.7,47946,4990,10.4
E14001182,Coventry South,66400,54848,82.6,66400,54848,82.6,66400,6650,10.0,66400,6190,9.3,66400,17839,26.9,66400,1390,2.1,66400,7872,11.9
E14001183,Cramlington and Killingworth,46055,37366,81.1,46055,39648,86.1,46055,7576,16.4,46055,3732,8.1,46055,7164,15.6,46055,1025,2.2,46055,8347,18.1
E14001184,Crawley,47378,46511,98.2,47378,46524,98.2,47378,4555,9.6,47378,3148,6.6,47378,13200,27.9,47378,824,1.7,47378,5407,11.4
E14001185,Crewe and Nantwich,53000,38280,72.2,53000,45878,86.6,53000,9443,17.8,53000,7519,14.2,53000,19410,36.6,53000,2388,4.5,53000,11483,21.7
E14001186,Croydon East,46210,40264,87.1,46210,40265,87.1,46210,6290,13.6,46210,5547,12.0,46210,18431,39.9,46210,1966,4.3,46210,7715,16.7
E14001187,Croydon South,43855,36478,83.2,43855,36478,83.2,43855,4651,10.6,43855,3975,9.1,43855,18705,42.7,43855,1967,4.5,43855,5735,13.1
E14001188,Croydon West,55278,51122,92.5,55278,51122,92.5,55278,6500,11.8,55278,4060,7.3,55278,11871,21.5,55278,683,1.2,55278,7156,12.9
E14001189,Dagenham and Rainham,46132,41242,89.4,46132,41264,89.4,46132,5857,12.7,46132,7908,17.1,46132,33408,72.4,46132,4054,8.8,46132,9655,20.9
E14001190,Darlington,48528,41921,86.4,48528,42143,86.8,48528,9758,20.1,48528,8857,18.3,48528,14246,29.4,48528,2184,4.5,48528,11737,24.2
E14001191,Dartford,46088,41109,89.2,46088,41623,90.3,46088,6740,14.6,46088,6411,13.9,46088,20519,44.5,46088,3057,6.6,46088,8165,17.7
E14001192,Daventry,46620,31756,68.1,46620,44037,94.5,46620,5905,12.7,46620,2347,5.0,46620,6643,14.2,46620,818,1.8,46620,6515,14.0
E14001193,Derby North,49478,46077,93.1,49478,47507,96.0,49478,6572,13.3,49478,1879,3.8,49478,15850,32.0,49478,945,1.9,49478,7506,15.2
E14001194,Derby South,50532,48070,95.1,50532,48878,96.7,50532,6487,12.8,50532,3411,6.8,50532,17907,35.4,50532,1748,3.5,50532,7825,15.5
E14001195,Derbyshire Dales,43861,35465,80.9,43861,42909,97.8,43861,7179,16.4,43861,2581,5.9,43861,8704,19.8,43861,1031,2.4,43861,7909,18.0
E14001196,Dewsbury and Batley,40205,39906,99.3,40205,40014,99.5,40205,7932,19.7,40205,4441,11.0,40205,12679,31.5,40205,1439,3.6,40205,9390,23.4
E14001197,Didcot and Wantage,48302,41608,86.1,48302,46972,97.2,48302,7775,16.1,48302,4454,9.2,48302,318,0.7,48302,100,0.2,48302,7801,16.2
E14001198,Doncaster Central,53567,37783,70.5,53567,40224,75.1,53567,4167,7.8,53567,2827,5.3,53567,7825,14.6,53567,373,0.7,53567,4546,8.5
E14001199,Doncaster East and the Isle of Axholme,42033,27280,64.9,42033,38103,90.7,42033,3202,7.6,42033,988,2.4,42033,2928,7.0,42033,278,0.7,42033,3485,8.3
E14001200,Doncaster North,45402,41100,90.5,45402,44167,97.3,45402,7789,17.2,45402,2366,5.2,45402,7619,16.8,45402,719,1.6,45402,8299,18.3
E14001201,Dorking and Horley,42107,40578,96.4,42107,41496,98.5,42107,8367,19.9,42107,6650,15.8,42107,12572,29.9,42107,3720,8.8,42107,9582,22.8
E14001202,Dover and Deal,49443,42831,86.6,49443,48435,98.0,49443,9000,18.2,49443,9207,18.6,49443,20075,40.6,49443,5372,10.9,49443,12481,25.2
E14001203,Droitwich and Evesham,47580,39279,82.6,47580,47168,99.1,47580,5560,11.7,47580,3351,7.0,47580,5903,12.4,47580,789,1.7,47580,6179,13.0
E14001204,Dudley,42980,42397,98.6,42980,42625,99.2,42980,6173,14.4,42980,5630,13.1,42980,26546,61.8,42980,3007,7.0,42980,8204,19.1
E14001205,Dulwich and West Norwood,47589,45596,95.8,47589,45596,95.8,47589,8381,17.6,47589,7744,16.3,47589,35817,75.3,47589,4281,9.0,47589,11616,24.4
E14001206,Dunstable and Leighton Buzzard,50674,48061,94.8,50674,50069,98.8,50674,7739,15.3,50674,4983,9.8,50674,14969,29.5,50674,1458,2.9,50674,8998,17.8
E14001207,Ealing Central and Acton,65051,63903,98.2,65051,63903,98.2,65051,14474,22.3,65051,15983,24.6,65051,37565,57.7,65051,6421,9.9,65051,18502,28.4
E14001208,Ealing North,48495,41633,85.9,48495,41633,85.9,48495,6835,14.1,48495,8220,17.0,48495,22738,46.9,48495,3351,6.9,48495,9588,19.8
E14001209,Ealing Southall,45732,44127,96.5,45732,44127,96.5,45732,7163,15.7,45732,6858,15.0,45732,26707,58.4,45732,2606,5.7,45732,9839,21.5
E14001210,Earley and Woodley,42014,38188,90.9,42014,39464,93.9,42014,4870,11.6,42014,4240,10.1,42014,20212,48.1,42014,2044,4.9,42014,6307,15.0
E14001211,Easington,45953,44459,96.7,45953,45855,99.8,45953,8373,18.2,45953,6300,13.7,45953,12547,27.3,45953,1991,4.3,45953,9685,21.1
E14001212,East Grinstead and Uckfield,43836,41436,94.5,43836,42809,97.7,43836,6790,15.5,43836,4698,10.7,43836,9884,22.5,43836,2199,5.0,43836,7810,17.8
E14001213,East Ham,39369,39170,99.5,39369,39170,99.5,39369,6465,16.4,39369,9249,23.5,39369,12706,32.3,39369,1853,4.7,39369,7783,19.8
E14001214,East Hampshire,41026,35888,87.5,41026,39747,96.9,41026,6049,14.7,41026,4315,10.5,41026,11017,26.9,41026,1486,3.6,41026,6963,17.0
E14001215,East Surrey,42988,41731,97.1,42988,42294,98.4,42988,8140,18.9,42988,6961,16.2,42988,14980,34.8,42988,2702,6.3,42988,9557,22.2
E14001216,East Thanet,52006,46484,89.4,52006,48643,93.5,52006,7527,14.5,52006,3445,6.6,52006,6174,11.9,52006,386,0.7,52006,7864,15.1
E14001217,East Wiltshire,44029,35676,81.0,44029,41905,95.2,44029,4751,10.8,44029,977,2.2,44029,4750,10.8,44029,523,1.2,44029,5105,11.6
E14001218,East Worthing and Shoreham,44770,41062,91.7,44770,41570,92.9,44770,5917,13.2,44770,3722,8.3,44770,10141,22.7,44770,601,1.3,44770,6596,14.7
E14001219,Eastbourne,50416,41127,81.6,50416,42942,85.2,50416,7739,15.4,50416,4758,9.4,50416,18228,36.2,50416,2041,4.0,50416,9174,18.2
E14001220,Eastleigh,41107,39977,97.3,41107,40360,98.2,41107,4474,10.9,41107,3962,9.6,41107,14222,34.6,41107,1454,3.5,41107,5873,14.3
E14001221,Edmonton and Winchmore Hill,48812,43858,89.9,48812,43858,89.9,48812,8226,16.9,48812,5707,11.7,48812,30290,62.1,48812,2585,5.3,48812,10451,21.4
E14001222,Ellesmere Port and Bromborough,44294,39629,89.5,44294,39851,90.0,44294,8701,19.6,44294,6518,14.7,44294,23367,52.8,44294,2445,5.5,44294,10651,24.0
E14001223,Eltham and Chislehurst,47036,44055,93.7,47036,44055,93.7,47036,9323,19.8,47036,9327,19.8,47036,21942,46.6,47036,6062,12.9,47036,11344,24.1
E14001224,Ely and East Cambridgeshire,48538,36202,74.6,48538,44007,90.7,48538,6922,14.3,48538,2766,5.7,48538,6193,12.8,48538,629,1.3,48538,7435,15.3
E14001225,Enfield North,51078,46428,90.9,51078,46439,90.9,51078,7089,13.9,51078,6405,12.5,51078,15423,30.2,51078,2414,4.7,51078,8610,16.9
E14001226,Epping Forest,43707,42255,96.7,43707,42447,97.1,43707,11773,26.9,43707,11836,27.1,43707,26362,60.3,43707,7515,17.2,43707,15131,34.6
E14001227,Epsom and Ewell,45672,44190,96.8,45672,44440,97.3,45672,8354,18.3,45672,9486,20.8,45672,26861,58.8,45672,4573,10.0,45672,11419,25.0
E14001228,Erewash,45222,38080,84.2,45222,41894,92.6,45222,6180,13.7,45222,3455,7.6,45222,10115,22.4,45222,1215,2.7,45222,7180,15.9
E14001229,Erith and Thamesmead,53649,50187,93.5,53649,50187,93.5,53649,9898,18.4,53649,11335,21.1,53649,27434,51.1,53649,4213,7.9,53649,13048,24.3
E14001230,Esher and Walton,43880,40056,91.3,43880,41458,94.5,43880,7670,17.5,43880,4619,10.5,43880,14950,34.1,43880,3182,7.3,43880,9107,20.8
E14001231,Exeter,50290,46758,93.0,50290,46890,93.2,50290,8132,16.2,50290,4707,9.4,50290,11853,23.6,50290,1026,2.0,50290,9319,18.5
E14001232,Exmouth and Exeter East,47947,36663,76.5,47947,42562,88.8,47947,6543,13.6,47947,4114,8.6,47947,9866,20.6,47947,536,1.1,47947,7142,14.9
E14001233,Fareham and Waterlooville,45244,35072,77.5,45244,39394,87.1,45244,3355,7.4,45244,1901,4.2,45244,4117,9.1,45244,307,0.7,45244,3604,8.0
E14001234,Farnham and Bordon,45106,44342,98.3,45106,44479,98.6,45106,9286,20.6,45106,8033,17.8,45106,28163,62.4,45106,4391,9.7,45106,12239,27.1
E14001235,Faversham and Mid Kent,44827,37048,82.6,44827,42405,94.6,44827,4552,10.2,44827,1577,3.5,44827,8934,19.9,44827,548,1.2,44827,5149,11.5
E14001236,Feltham and Heston,45796,43049,94.0,45796,43049,94.0,45796,9171,20.0,45796,9748,21.3,45796,27865,60.8,45796,4797,10.5,45796,12357,27.0
E14001237,Filton and Bradley Stoke,45912,38744,84.4,45912,39108,85.2,45912,5489,12.0,45912,5052,11.0,45912,13494,29.4,45912,1479,3.2,45912,6598,14.4
E14001238,Finchley and Golders Green,53446,51017,95.5,53446,51017,95.5,53446,6515,12.2,53446,8335,15.6,53446,17733,33.2,53446,1958,3.7,53446,8339,15.6
E14001239,Folkestone and Hythe,45656,40624,89.0,45656,45422,99.5,45656,7416,16.2,45656,6126,13.4,45656,16220,35.5,45656,1974,4.3,45656,8750,19.2
E14001240,Forest of Dean,43172,38970,90.3,43172,43038,99.7,43172,11889,27.5,43172,10898,25.2,43172,21402,49.6,43172,8241,19.1,43172,14053,32.6
E14001241,Frome and East Somerset,41049,34592,84.3,41049,40404,98.4,41049,5069,12.3,41049,2418,5.9,41049,162,0.4,41049,35,0.1,41049,5073,12.4
E14001242,Fylde,50485,39882,79.0,50485,44495,88.1,50485,6238,12.4,50485,4015,8.0,50485,8484,16.8,50485,1101,2.2,50485,7127,14.1
E14001243,Gainsborough,45983,29257,63.6,45983,39817,86.6,45983,4255,9.3,45983,823,1.8,45983,894,1.9,45983,151,0.3,45983,4295,9.3
E14001244,Gateshead Central and Whickham,48088,47185,98.1,48088,47714,99.2,48088,9857,20.5,48088,8138,16.9,48088,25609,53.3,48088,2616,5.4,48088,12084,25.1
E14001245,Gedling,47171,39020,82.7,47171,41989,89.0,47171,4876,10.3,47171,2649,5.6,47171,9441,20.0,47171,1219,2.6,47171,5774,12.2
E14001246,Gillingham and Rainham,43678,40495,92.7,43678,40988,93.8,43678,5845,13.4,43678,5413,12.4,43678,5834,13.4,43678,1116,2.6,43678,6704,15.3
E14001247,Glastonbury and Somerton,43796,29010,66.2,43796,42321,96.6,43796,4912,11.2,43796,1360,3.1,43796,3427,7.8,43796,419,1.0,43796,5182,11.8
E14001248,Gloucester,52847,50011,94.6,52847,52103,98.6,52847,8946,16.9,52847,6788,12.8,52847,16245,30.7,52847,2205,4.2,52847,10696,20.2
E14001249,Godalming and Ash,44195,42075,95.2,44195,42522,96.2,44195,10350,23.4,44195,10367,23.5,44195,23185,52.5,44195,6549,14.8,44195,12538,28.4
E14001250,Goole and Pocklington,48331,31450,65.1,48331,40627,84.1,48331,3970,8.2,48331,1570,3.2,48331,2187,4.5,48331,88,0.2,48331,4049,8.4
E14001251,Gorton and Denton,46853,45794,97.7,46853,45794,97.7,46853,9043,19.3,46853,8154,17.4,46853,25870,55.2,46853,2553,5.4,46853,11423,24.4
E14001252,Gosport,44262,42210,95.4,44262,42288,95.5,44262,6364,14.4,44262,3981,9.0,44262,12584,28.4,44262,1094,2.5,44262,7668,17.3
E14001253,Grantham and Bourne,45975,28511,62.0,45975,39069,85.0,45975,4003,8.7,45975,2536,5.5,45975,9192,20.0,45975,685,1.5,45975,4448,9.7
E14001254,Gravesham,45140,34502,76.4,45140,39681,87.9,45140,6169,13.7,45140,3320,7.4,45140,4554,10.1,45140,187,0.4,45140,6391,14.2
E14001255,Great Grimsby and Cleethorpes,49347,38037,77.1,49347,38037,77.1,49347,6357,12.9,49347,7021,14.2,49347,3335,6.8,49347,456,0.9,49347,6821,13.8
E14001256,Great Yarmouth,49517,41575,84.0,49517,47494,95.9,49517,5862,11.8,49517,2004,4.0,49517,2035,4.1,49517,98,0.2,49517,6028,12.2
E14001257,Greenwich and Woolwich,58773,48855,83.1,58773,48855,83.1,58773,9591,16.3,58773,10568,18.0,58773,34977,59.5,58773,4188,7.1,58773,13039,22.2
E14001258,Guildford,44704,43716,97.8,44704,44145,98.7,44704,10378,23.2,44704,8924,20.0,44704,28653,64.1,44704,5946,13.3,44704,13224,29.6
E14001259,Hackney North and Stoke Newington,49337,48344,98.0,49337,48344,98.0,49337,12553,25.4,49337,15224,30.9,49337,43441,88.0,49337,8469,17.2,49337,18530,37.6
E14001260,Hackney South and Shoreditch,58826,57104,97.1,58826,57104,97.1,58826,12485,21.2,58826,17581,29.9,58826,36888,62.7,58826,7506,12.8,58826,18472,31.4
E14001261,Halesowen,41035,40131,97.8,41035,40823,99.5,41035,4125,10.1,41035,3241,7.9,41035,13479,32.8,41035,1188,2.9,41035,5206,12.7
E14001262,Halifax,49245,47858,97.2,49245,49191,99.9,49245,8351,17.0,49245,6773,13.8,49245,22462,45.6,49245,3068,6.2,49245,10197,20.7
E14001263,Hamble Valley,46368,41600,89.7,46368,42741,92.2,46368,6724,14.5,46368,4367,9.4,46368,16124,34.8,46368,1370,3.0,46368,7859,16.9
E14001264,Hammersmith and Chiswick,61241,60434,98.7,61241,60576,98.9,61241,11100,18.1,61241,11570,18.9,61241,31467,51.4,61241,3515,5.7,61241,13491,22.0
E14001265,Hampstead and Highgate,63110,55863,88.5,63110,55863,88.5,63110,7304,11.6,63110,9631,15.3,63110,33819,53.6,63110,4254,6.7,63110,10682,16.9
E14001266,"Harborough, Oadby and Wigston",44822,39502,88.1,44822,42900,95.7,44822,5123,11.4,44822,1551,3.5,44822,5117,11.4,44822,203,0.5,44822,5382,12.0
E14001267,Harlow,48540,47485,97.8,48540,48512,99.9,48540,15653,32.2,48540,14107,29.1,48540,32435,66.8,48540,7924,16.3,48540,19901,41.0
E14001268,Harpenden and Berkhamsted,40607,37849,93.2,40607,40189,99.0,40607,8323,20.5,40607,7418,18.3,40607,17705,43.6,40607,3764,9.3,40607,10106,24.9
E14001269,Harrogate and Knaresborough,48926,45062,92.1,48926,48133,98.4,48926,6718,13.7,48926,7256,14.8,48926,18633,38.1,48926,2523,5.2,48926,8764,17.9
E14001270,Harrow East,41280,38447,93.1,41280,38448,93.1,41280,5144,12.5,41280,4617,11.2,41280,15902,38.5,41280,1948,4.7,41280,6870,16.6
E14001271,Harrow West,46155,38915,84.3,46155,38915,84.3,46155,4541,9.8,46155,3067,6.6,46155,7641,16.6,46155,907,2.0,46155,5343,11.6
E14001272,Hartlepool,45665,39961,87.5,45665,43738,95.8,45665,5973,13.1,45665,4297,9.4,45665,4722,10.3,45665,165,0.4,45665,6153,13.5
E14001273,Harwich and North Essex,45880,40129,87.5,45880,45135,98.4,45880,7249,15.8,45880,3614,7.9,45880,6039,13.2,45880,802,1.7,45880,7919,17.3
E14001274,Hastings and Rye,53302,50560,94.9,53302,52305,98.1,53302,10863,20.4,53302,10464,19.6,53302,29361,55.1,53302,5376,10.1,53302,14065,26.4
E14001275,Havant,43797,38665,88.3,43797,39680,90.6,43797,4792,10.9,43797,4140,9.5,43797,9259,21.1,43797,1606,3.7,43797,5790,13.2
E14001276,Hayes and Harlington,45422,41929,92.3,45422,41929,92.3,45422,6282,13.8,45422,6552,14.4,45422,27558,60.7,45422,3014,6.6,45422,9128,20.1
E14001277,Hazel Grove,43091,42377,98.3,43091,42932,99.6,43091,6335,14.7,43091,2594,6.0,43091,14356,33.3,43091,865,2.0,43091,6932,16.1
E14001278,Hemel Hempstead,44327,44060,99.4,44327,44215,99.7,44327,14632,33.0,44327,15877,35.8,44327,35083,79.1,44327,8857,20.0,44327,20396,46.0
E14001279,Hendon,54044,47755,88.4,54044,47755,88.4,54044,8769,16.2,54044,9229,17.1,54044,29232,54.1,54044,4133,7.6,54044,12029,22.3
E14001280,Henley and Thame,42570,35942,84.4,42570,41853,98.3,42570,5919,13.9,42570,3030,7.1,42570,7805,18.3,42570,1563,3.7,42570,6393,15.0
E14001281,Hereford and South Herefordshire,46602,39938,85.7,46602,45722,98.1,46602,9126,19.6,46602,7632,16.4,46602,11218,24.1,46602,2450,5.3,46602,10478,22.5
E14001282,Herne Bay and Sandwich,48711,36047,74.0,48711,44019,90.4,48711,6553,13.5,48711,4320,8.9,48711,2966,6.1,48711,423,0.9,48711,6750,13.9
E14001283,Hertford and Stortford,47414,45402,95.8,47414,47010,99.1,47414,5538,11.7,47414,4004,8.4,47414,24100,50.8,47414,1836,3.9,47414,7418,15.6
E14001284,Hertsmere,44827,42103,93.9,44827,43083,96.1,44827,10640,23.7,44827,10294,23.0,44827,17468,39.0,44827,2899,6.5,44827,12535,28.0
E14001285,Hexham,43398,35246,81.2,43398,41031,94.5,43398,5124,11.8,43398,3342,7.7,43398,7901,18.2,43398,1340,3.1,43398,5896,13.6
E14001286,Heywood and Middleton North,45247,44096,97.5,45247,44545,98.4,45247,7141,15.8,45247,4237,9.4,45247,15392,34.0,45247,1360,3.0,45247,8278,18.3
E14001287,High Peak,44031,42936,97.5,44031,44006,99.9,44031,7706,17.5,44031,5031,11.4,44031,18542,42.1,44031,1727,3.9,44031,9081,20.6
E14001288,Hinckley and Bosworth,45694,40398,88.4,45694,45038,98.6,45694,7173,15.7,45694,3323,7.3,45694,1936,4.2,45694,281,0.6,45694,7373,16.1
E14001289,Hitchin,44301,41817,94.4,44301,43561,98.3,44301,7233,16.3,44301,4676,10.6,44301,6990,15.8,44301,773,1.7,44301,7816,17.6
E14001290,Holborn and St Pancras,69440,59948,86.3,69440,59948,86.3,69440,15240,21.9,69440,9121,13.1,69440,20811,30.0,69440,1355,2.0,69440,17081,24.6
E14001291,Honiton and Sidmouth,44653,28794,64.5,44653,40752,91.3,44653,4080,9.1,44653,1385,3.1,44653,3673,8.2,44653,184,0.4,44653,4158,9.3
E14001292,Hornchurch and Upminster,44392,33484,75.4,44392,33536,75.5,44392,5362,12.1,44392,3471,7.8,44392,18058,40.7,44392,1320,3.0,44392,6577,14.8
E14001293,Hornsey and Friern Barnet,48217,45978,95.4,48217,45978,95.4,48217,9408,19.5,48217,12004,24.9,48217,29800,61.8,48217,6859,14.2,48217,13022,27.0
E14001294,Horsham,46752,40812,87.3,46752,43552,93.2,46752,4670,10.0,46752,2119,4.5,46752,12432,26.6,46752,1058,2.3,46752,5686,12.2
E14001295,Houghton and Sunderland South,49064,42734,87.1,49064,43989,89.7,49064,7648,15.6,49064,6071,12.4,49064,20922,42.6,49064,2572,5.2,49064,9655,19.7
E14001296,Hove and Portslade,51373,46986,91.5,51373,46987,91.5,51373,8412,16.4,51373,6889,13.4,51373,13439,26.2,51373,1413,2.8,51373,9315,18.1
E14001297,Huddersfield,55992,54953,98.1,55992,55865,99.8,55992,9690,17.3,55992,4073,7.3,55992,9378,16.7,55992,627,1.1,55992,10183,18.2
E14001298,Huntingdon,49691,38075,76.6,49691,44589,89.7,49691,7948,16.0,49691,5299,10.7,49691,6186,12.4,49691,911,1.8,49691,8610,17.3
E14001299,Hyndburn,43349,41884,96.6,43349,43242,99.8,43349,7392,17.1,43349,4777,11.0,43349,10666,24.6,43349,925,2.1,43349,8226,19.0
E14001300,Ilford North,41053,39318,95.8,41053,39321,95.8,41053,4215,10.3,41053,5699,13.9,41053,30944,75.4,41053,3095,7.5,41053,6819,16.6
E14001301,Ilford South,42409,38256,90.2,42409,38256,90.2,42409,4255,10.0,42409,5258,12.4,42409,32838,77.4,42409,2698,6.4,42409,6780,16.0
E14001302,Ipswich,52239,46133,88.3,52239,46161,88.4,52239,6010,11.5,52239,7854,15.0,52239,27963,53.5,52239,3690,7.1,52239,9167,17.5
E14001303,Isle of Wight East,39123,37984,97.1,39123,38552,98.5,39123,4475,11.4,39123,4558,11.7,39123,5306,13.6,39123,1006,2.6,39123,5318,13.6
E14001304,Isle of Wight West,36459,31995,87.8,36459,34478,94.6,36459,5534,15.2,36459,4045,11.1,36459,6515,17.9,36459,1114,3.1,36459,6063,16.6
E14001305,Islington North,53315,47878,89.8,53315,47878,89.8,53315,8353,15.7,53315,7836,14.7,53315,19969,37.5,53315,812,1.5,53315,9732,18.3
E14001306,Islington South and Finsbury,61147,52074,85.2,61147,52074,85.2,61147,9920,16.2,61147,6913,11.3,61147,9,0.0,61147,0,0.0,61147,9920,16.2
E14001307,Jarrow and Gateshead East,45404,44987,99.1,45404,45090,99.3,45404,13124,28.9,45404,15845,34.9,45404,33749,74.3,45404,8503,18.7,45404,18668,41.1
E14001308,Keighley and Ilkley,43629,38939,89.3,43629,43005,98.6,43629,7211,16.5,43629,6804,15.6,43629,13461,30.9,43629,2995,6.9,43629,9232,21.2
E14001309,Kenilworth and Southam,46679,32097,68.8,46679,41691,89.3,46679,5202,11.1,46679,2480,5.3,46679,7457,16.0,46679,999,2.1,46679,5951,12.7
E14001310,Kensington and Bayswater,86423,77363,89.5,86423,77363,89.5,86423,8476,9.8,86423,10218,11.8,86423,53360,61.7,86423,5075,5.9,86423,13308,15.4
E14001311,Kettering,49741,42356,85.2,49741,47128,94.7,49741,4986,10.0,49741,2657,5.3,49741,8798,17.7,49741,786,1.6,49741,5518,11.1
E14001312,Kingston and Surbiton,53999,44978,83.3,53999,48377,89.6,53999,3917,7.3,53999,2249,4.2,53999,5633,10.4,53999,326,0.6,53999,4363,8.1
E14001313,Kingston upon Hull East,47251,39885,84.4,47251,40478,85.7,47251,5275,11.2,47251,4096,8.7,47251,16007,33.9,47251,1807,3.8,47251,6910,14.6
E14001314,Kingston upon Hull North and Cottingham,54464,47913,88.0,54464,51149,93.9,54464,5884,10.8,54464,4503,8.3,54464,3415,6.3,54464,919,1.7,54464,6456,11.9
E14001315,Kingston upon Hull West and Haltemprice,51864,43744,84.3,51864,44687,86.2,51864,5140,9.9,51864,3009,5.8,51864,13068,25.2,51864,687,1.3,51864,6023,11.6
E14001316,Kingswinford and South Staffordshire,40423,34270,84.8,40423,36928,91.4,40423,5024,12.4,40423,4305,10.6,40423,10066,24.9,40423,1719,4.3,40423,6234,15.4
E14001317,Knowsley,43716,41086,94.0,43716,42422,97.0,43716,8617,19.7,43716,7900,18.1,43716,13594,31.1,43716,2685,6.1,43716,10059,23.0
E14001318,Lancaster and Wyre,46722,34062,72.9,46722,45570,97.5,46722,7298,15.6,46722,6405,13.7,46722,14436,30.9,46722,3174,6.8,46722,9457,20.2
E14001319,Leeds Central and Headingley,70425,67673,96.1,70425,67686,96.1,70425,12132,17.2,70425,14057,20.0,70425,33930,48.2,70425,4775,6.8,70425,15448,21.9
E14001320,Leeds East,49036,45864,93.5,49036,46957,95.8,49036,5308,10.8,49036,3976,8.1,49036,9207,18.8,49036,509,1.0,49036,6090,12.4
E14001321,Leeds North East,42604,40102,94.1,42604,40390,94.8,42604,5072,11.9,42604,5311,12.5,42604,23041,54.1,42604,2673,6.3,42604,7068,16.6
E14001322,Leeds North West,42898,39260,91.5,42898,42431,98.9,42898,5866,13.7,42898,6244,14.6,42898,15416,35.9,42898,2508,5.8,42898,8001,18.7
E14001323,Leeds South,59987,50267,83.8,59987,50394,84.0,59987,14687,24.5,59987,8836,14.7,59987,29155,48.6,59987,3769,6.3,59987,17669,29.5
E14001324,Leeds South West and Morley,44414,41013,92.3,44414,43914,98.9,44414,7697,17.3,44414,4947,11.1,44414,11065,24.9,44414,1566,3.5,44414,8626,19.4
E14001325,Leeds West and Pudsey,45858,43333,94.5,45858,43957,95.9,45858,7639,16.7,45858,5093,11.1,45858,13841,30.2,45858,1897,4.1,45858,9287,20.3
E14001326,Leicester East,41131,38802,94.3,41131,38961,94.7,41131,6331,15.4,41131,5713,13.9,41131,18319,44.5,41131,2240,5.4,41131,8159,19.8
E14001327,Leicester South,49564,45835,92.5,49564,45835,92.5,49564,5834,11.8,49564,5906,11.9,49564,26715,53.9,49564,3002,6.1,49564,8536,17.2
E14001328,Leicester West,53624,50766,94.7,53624,51050,95.2,53624,7702,14.4,53624,10161,18.9,53624,28176,52.5,53624,3273,6.1,53624,10498,19.6
E14001329,Leigh and Atherton,50757,47648,93.9,50757,49193,96.9,50757,7006,13.8,50757,8052,15.9,50757,26687,52.6,50757,3765,7.4,50757,10018,19.7
E14001330,Lewes,45419,39816,87.7,45419,43851,96.5,45419,5740,12.6,45419,2270,5.0,45419,5147,11.3,45419,479,1.1,45419,6002,13.2
E14001331,Lewisham East,51579,50387,97.7,51579,50387,97.7,51579,8274,16.0,51579,9406,18.2,51579,30147,58.4,51579,2786,5.4,51579,10805,20.9
E14001332,Lewisham North,57292,55317,96.6,57292,55317,96.6,57292,13048,22.8,57292,13769,24.0,57292,24791,43.3,57292,4524,7.9,57292,16227,28.3
E14001333,Lewisham West and East Dulwich,46717,44540,95.3,46717,44540,95.3,46717,5739,12.3,46717,8062,17.3,46717,17631,37.7,46717,2409,5.2,46717,7475,16.0
E14001334,Leyton and Wanstead,46801,39116,83.6,46801,39116,83.6,46801,11700,25.0,46801,12028,25.7,46801,28025,59.9,46801,7401,15.8,46801,15861,33.9
E14001335,Lichfield,44353,34549,77.9,44353,39793,89.7,44353,4665,10.5,44353,3519,7.9,44353,9824,22.1,44353,1140,2.6,44353,5462,12.3
E14001336,Lincoln,60267,51680,85.8,60267,55467,92.0,60267,6654,11.0,60267,5775,9.6,60267,25329,42.0,60267,3132,5.2,60267,8725,14.5
E14001337,Liverpool Garston,42286,38288,90.5,42286,38291,90.6,42286,5495,13.0,42286,4776,11.3,42286,19396,45.9,42286,1941,4.6,42286,7136,16.9
E14001338,Liverpool Riverside,71458,58147,81.4,71458,58147,81.4,71458,11169,15.6,71458,6798,9.5,71458,31088,43.5,71458,3321,4.6,71458,13604,19.0
E14001339,Liverpool Walton,45093,42294,93.8,45093,42304,93.8,45093,5120,11.4,45093,4865,10.8,45093,10429,23.1,45093,844,1.9,45093,6044,13.4
E14001340,Liverpool Wavertree,50721,49025,96.7,50721,49025,96.7,50721,7539,14.9,50721,9522,18.8,50721,35244,69.5,50721,4590,9.0,50721,11997,23.7
E14001341,Liverpool West Derby,44993,43811,97.4,44993,43811,97.4,44993,6203,13.8,44993,4072,9.1,44993,15774,35.1,44993,1180,2.6,44993,7117,15.8
E14001342,Loughborough,48332,44040,91.1,48332,46470,96.1,48332,4123,8.5,48332,2930,6.1,48332,1313,2.7,48332,14,0.0,48332,4137,8.6
E14001343,Louth and Horncastle,54149,28716,53.0,54149,45414,83.9,54149,2488,4.6,54149,1360,2.5,54149,1149,2.1,54149,90,0.2,54149,2549,4.7
E14001344,Lowestoft,46031,37172,80.8,46031,41404,89.9,46031,4897,10.6,46031,2113,4.6,46031,5429,11.8,46031,257,0.6,46031,5200,11.3
E14001345,Luton North,41597,37215,89.5,41597,39341,94.6,41597,3191,7.7,41597,3024,7.3,41597,12490,30.0,41597,1282,3.1,41597,4365,10.5
E14001346,Luton South and South Bedfordshire,51013,48992,96.0,51013,49313,96.7,51013,7030,13.8,51013,9004,17.7,51013,25722,50.4,51013,4677,9.2,51013,10274,20.1
E14001347,Macclesfield,46062,41890,90.9,46062,45005,97.7,46062,5018,10.9,46062,3182,6.9,46062,10095,21.9,46062,763,1.7,46062,5804,12.6
E14001348,Maidenhead,45864,41673,90.9,45864,44463,96.9,45864,9043,19.7,45864,8526,18.6,45864,10991,24.0,45864,1924,4.2,45864,9915,21.6
E14001349,Maidstone and Malling,49363,43892,88.9,49363,46423,94.0,49363,5367,10.9,49363,2887,5.8,49363,13929,28.2,49363,988,2.0,49363,6178,12.5
E14001350,Makerfield,45667,43859,96.0,45667,45367,99.3,45667,6874,15.1,45667,5816,12.7,45667,17149,37.6,45667,1902,4.2,45667,8239,18.0
E14001351,Maldon,44602,38147,85.5,44602,43331,97.2,44602,5395,12.1,44602,3685,8.3,44602,17553,39.4,44602,1719,3.9,44602,7113,15.9
E14001352,Manchester Central,74366,50574,68.0,74366,50792,68.3,74366,10296,13.8,74366,6316,8.5,74366,13627,18.3,74366,1639,2.2,74366,11608,15.6
E14001353,Manchester Rusholme,64648,58406,90.3,64648,58406,90.3,64648,13382,20.7,64648,15292,23.7,64648,35079,54.3,64648,4459,6.9,64648,17253,26.7
E14001354,Manchester Withington,40524,37763,93.2,40524,37929,93.6,40524,5030,12.4,40524,5853,14.4,40524,26974,66.6,40524,2176,5.4,40524,7381,18.2
E14001355,Mansfield,49113,46868,95.4,49113,48336,98.4,49113,9042,18.4,49113,5247,10.7,49113,12704,25.9,49113,1935,3.9,49113,10191,20.8
E14001356,Melksham and Devizes,43349,34910,80.5,43349,43087,99.4,43349,5461,12.6,43349,1710,3.9,43349,3358,7.7,43349,328,0.8,43349,5555,12.8
E14001357,Melton and Syston,42654,31858,74.7,42654,39486,92.6,42654,4303,10.1,42654,2768,6.5,42654,7719,18.1,42654,1140,2.7,42654,4990,11.7
E14001358,Meriden and Solihull East,43998,33676,76.5,43998,33966,77.2,43998,5240,11.9,43998,4370,9.9,43998,16599,37.7,43998,2765,6.3,43998,6809,15.5
E14001359,Mid Bedfordshire,43183,37886,87.7,43183,42388,98.2,43183,5803,13.4,43183,3928,9.1,43183,10324,23.9,43183,903,2.1,43183,6589,15.3
E14001360,Mid Buckinghamshire,42410,35883,84.6,42410,41461,97.8,42410,7498,17.7,42410,3691,8.7,42410,7439,17.5,42410,1774,4.2,42410,8058,19.0
E14001361,Mid Cheshire,43553,28958,66.5,43553,39339,90.3,43553,3474,8.0,43553,1963,4.5,43553,5527,12.7,43553,426,1.0,43553,3698,8.5
E14001362,Mid Derbyshire,40746,35783,87.8,40746,38720,95.0,40746,5816,14.3,40746,2438,6.0,40746,8729,21.4,40746,1140,2.8,40746,6526,16.0
E14001363,Mid Dorset and North Poole,42935,40110,93.4,42935,41121,95.8,42935,8941,20.8,42935,10335,24.1,42935,27812,64.8,42935,6345,14.8,42935,12539,29.2
E14001364,Mid Leicestershire,43784,38833,88.7,43784,41015,93.7,43784,4698,10.7,43784,1948,4.4,43784,10684,24.4,43784,783,1.8,43784,5266,12.0
E14001365,Mid Norfolk,43992,24206,55.0,43992,35008,79.6,43992,4166,9.5,43992,1787,4.1,43992,5271,12.0,43992,895,2.0,43992,4619,10.5
E14001366,Mid Sussex,44228,42886,97.0,44228,43786,99.0,44228,6890,15.6,44228,3336,7.5,44228,14417,32.6,44228,1489,3.4,44228,7889,17.8
E14001367,Middlesbrough and Thornaby East,52914,47938,90.6,52914,48111,90.9,52914,7429,14.0,52914,5957,11.3,52914,20459,38.7,52914,2212,4.2,52914,9891,18.7
E14001368,Middlesbrough South and East Cleveland,44125,33007,74.8,44125,34978,79.3,44125,5416,12.3,44125,3968,9.0,44125,10172,23.1,44125,801,1.8,44125,6175,14.0
E14001369,Milton Keynes Central,54782,52780,96.3,54782,53896,98.4,54782,13958,25.5,54782,13446,24.5,54782,37604,68.6,54782,6824,12.5,54782,18745,34.2
E14001370,Milton Keynes North,43709,39260,89.8,43709,43030,98.4,43709,12403,28.4,43709,7286,16.7,43709,20994,48.0,43709,4311,9.9,43709,13826,31.6
E14001371,Mitcham and Morden,46938,46558,99.2,46938,46558,99.2,46938,12384,26.4,46938,12192,26.0,46938,37673,80.3,46938,6473,13.8,46938,16609,35.4
E14001372,Morecambe and Lunesdale,49533,34358,69.4,49533,41937,84.7,49533,4928,9.9,49533,1211,2.4,49533,5433,11.0,49533,422,0.9,49533,5162,10.4
E14001373,New Forest East,41202,37472,90.9,41202,39588,96.1,41202,9328,22.6,41202,9189,22.3,41202,19687,47.8,41202,6786,16.5,41202,11727,28.5
E14001374,New Forest West,43178,39180,90.7,43178,40635,94.1,43178,6184,14.3,43178,5923,13.7,43178,14811,34.3,43178,3484,8.1,43178,7839,18.2
E14001375,Newark,49436,31863,64.5,49436,45756,92.6,49436,5086,10.3,49436,1659,3.4,49436,8513,17.2,49436,857,1.7,49436,5753,11.6
E14001376,Newbury,44389,42820,96.5,44389,43745,98.5,44389,8252,18.6,44389,8087,18.2,44389,12746,28.7,44389,2486,5.6,44389,9386,21.1
E14001377,Newcastle upon Tyne Central and West,56302,53726,95.4,56302,54692,97.1,56302,14074,25.0,56302,11955,21.2,56302,25584,45.4,56302,5345,9.5,56302,17044,30.3
E14001378,Newcastle upon Tyne East and Wallsend,54536,53796,98.6,54536,53796,98.6,54536,13343,24.5,54536,14232,26.1,54536,35669,65.4,54536,6978,12.8,54536,18002,33.0
E14001379,Newcastle upon Tyne North,48473,39340,81.2,48473,39340,81.2,48473,7833,16.2,48473,9677,20.0,48473,21149,43.6,48473,4101,8.5,48473,10648,22.0
E14001380,Newcastle-under-Lyme,44259,42901,96.9,44259,43773,98.9,44259,11201,25.3,44259,11032,24.9,44259,27379,61.9,44259,5277,11.9,44259,14327,32.4
E14001381,Newton Abbot,45087,33552,74.4,45087,37208,82.5,45087,6405,14.2,45087,3682,8.2,45087,6193,13.7,45087,1058,2.3,45087,7159,15.9
E14001382,Newton Aycliffe and Spennymoor,46483,43355,93.3,46483,46318,99.6,46483,7768,16.7,46483,4128,8.9,46483,14728,31.7,46483,2389,5.1,46483,9373,20.2
E14001383,Normanton and Hemsworth,47718,46078,96.6,47718,47565,99.7,47718,8675,18.2,47718,4069,8.5,47718,15728,33.0,47718,1612,3.4,47718,9704,20.3
E14001384,North Bedfordshire,45831,38608,84.2,45831,44884,97.9,45831,6019,13.1,45831,2362,5.2,45831,8791,19.2,45831,889,1.9,45831,6794,14.8
E14001385,North Cornwall,51950,29639,57.1,51950,46590,89.7,51950,4620,8.9,51950,2105,4.1,51950,6532,12.6,51950,688,1.3,51950,4937,9.5
E14001386,North Cotswolds,45780,36605,80.0,45780,45390,99.1,45780,6130,13.4,45780,3214,7.0,45780,4075,8.9,45780,1014,2.2,45780,6663,14.6
E14001387,North Devon,50008,35527,71.0,50008,45684,91.4,50008,4851,9.7,50008,2844,5.7,50008,8754,17.5,50008,933,1.9,50008,5335,10.7
E14001388,North Dorset,43503,32400,74.5,43503,42896,98.6,43503,4434,10.2,43503,3291,7.6,43503,12839,29.5,43503,1693,3.9,43503,5576,12.8
E14001389,North Durham,46581,44792,96.2,46581,45979,98.7,46581,7822,16.8,46581,4642,10.0,46581,18135,38.9,46581,2181,4.7,46581,9442,20.3
E14001390,North East Cambridgeshire,47361,34370,72.6,47361,41060,86.7,47361,4917,10.4,47361,2327,4.9,47361,2781,5.9,47361,56,0.1,47361,5042,10.6
E14001391,North East Derbyshire,43723,42344,96.8,43723,43551,99.6,43723,6655,15.2,43723,2250,5.1,43723,10489,24.0,43723,876,2.0,43723,7281,16.7
E14001392,North East Hampshire,43879,39361,89.7,43879,41994,95.7,43879,10925,24.9,43879,11823,26.9,43879,21761,49.6,43879,7354,16.8,43879,13868,31.6
E14001393,North East Hertfordshire,45483,38505,84.7,45483,42026,92.4,45483,8141,17.9,45483,5489,12.1,45483,13670,30.1,45483,2598,5.7,45483,9945,21.9
E14001394,North East Somerset and Hanham,41385,36532,88.3,41385,41130,99.4,41385,4734,11.4,41385,2494,6.0,41385,7100,17.2,41385,1043,2.5,41385,5186,12.5
E14001395,North Herefordshire,43686,28424,65.1,43686,43111,98.7,43686,5557,12.7,43686,2755,6.3,43686,5219,11.9,43686,951,2.2,43686,5923,13.6
E14001396,North Norfolk,47520,28743,60.5,47520,43590,91.7,47520,6138,12.9,47520,3363,7.1,47520,7677,16.2,47520,1609,3.4,47520,6771,14.2
E14001397,North Northumberland,44544,36101,81.0,44544,43026,96.6,44544,5576,12.5,44544,3841,8.6,44544,9989,22.4,44544,1672,3.8,44544,6487,14.6
E14001398,North Shropshire,47162,32101,68.1,47162,45085,95.6,47162,4291,9.1,47162,3299,7.0,47162,3947,8.4,47162,461,1.0,47162,4704,10.0
E14001399,North Somerset,43641,38838,89.0,43641,41343,94.7,43641,4353,10.0,43641,2338,5.4,43641,6609,15.1,43641,562,1.3,43641,4928,11.3
E14001400,North Warwickshire and Bedworth,42125,36810,87.4,42125,39960,94.9,42125,6802,16.1,42125,2341,5.6,42125,5212,12.4,42125,1008,2.4,42125,7218,17.1
E14001401,North West Cambridgeshire,50728,44143,87.0,50728,48396,95.4,50728,7619,15.0,50728,5284,10.4,50728,8056,15.9,50728,682,1.3,50728,8177,16.1
E14001402,North West Essex,46310,39639,85.6,46310,46055,99.4,46310,5736,12.4,46310,3492,7.5,46310,6773,14.6,46310,1057,2.3,46310,6404,13.8
E14001403,North West Hampshire,48021,41886,87.2,48021,45672,95.1,48021,6382,13.3,48021,4037,8.4,48021,15506,32.3,48021,1632,3.4,48021,7190,15.0
E14001404,North West Leicestershire,46264,39021,84.3,46264,43487,94.0,46264,7157,15.5,46264,3157,6.8,46264,9303,20.1,46264,1390,3.0,46264,8093,17.5
E14001405,North West Norfolk,52156,37435,71.8,52156,42068,80.7,52156,7782,14.9,52156,4851,9.3,52156,13663,26.2,52156,2209,4.2,52156,9168,17.6
E14001406,Northampton North,57101,53639,93.9,57101,54179,94.9,57101,7918,13.9,57101,5353,9.4,57101,13426,23.5,57101,1561,2.7,57101,9229,16.2
E14001407,Northampton South,46523,39625,85.2,46523,41062,88.3,46523,4348,9.3,46523,4208,9.0,46523,13267,28.5,46523,1175,2.5,46523,5305,11.4
E14001408,Norwich North,43270,38662,89.4,43270,38694,89.4,43270,5749,13.3,43270,4171,9.6,43270,17996,41.6,43270,2006,4.6,43270,7307,16.9
E14001409,Norwich South,40494,35227,87.0,40494,35642,88.0,40494,3165,7.8,40494,2484,6.1,40494,12337,30.5,40494,573,1.4,40494,3981,9.8
E14001410,Nottingham East,58371,53540,91.7,58371,53541,91.7,58371,6491,11.1,58371,3072,5.3,58371,11838,20.3,58371,894,1.5,58371,7513,12.9
E14001411,Nottingham North and Kimberley,47452,45355,95.6,47452,45389,95.7,47452,6466,13.6,47452,3445,7.3,47452,10901,23.0,47452,751,1.6,47452,7236,15.2
E14001412,Nottingham South,46484,41172,88.6,46484,41478,89.2,46484,5268,11.3,46484,3873,8.3,46484,12056,25.9,46484,1070,2.3,46484,6206,13.4
E14001413,Nuneaton,45051,40069,88.9,45051,42087,93.4,45051,8106,18.0,45051,6396,14.2,45051,13777,30.6,45051,3401,7.5,45051,9888,21.9
E14001414,Old Bexley and Sidcup,41652,40428,97.1,41652,40496,97.2,41652,5073,12.2,41652,5058,12.1,41652,15625,37.5,41652,1482,3.6,41652,6333,15.2
E14001415,Oldham East and Saddleworth,45878,45253,98.6,45878,45878,100.0,45878,9433,20.6,45878,10005,21.8,45878,28840,62.9,45878,4703,10.3,45878,13613,29.7
E14001416,"Oldham West, Chadderton and Royton",44726,43500,97.3,44726,43906,98.2,44726,6293,14.1,44726,3768,8.4,44726,5610,12.5,44726,290,0.6,44726,6557,14.7
E14001417,Orpington,41091,39994,97.3,41091,40134,97.7,41091,8152,19.8,41091,7436,18.1,41091,16165,39.3,41091,2656,6.5,41091,10037,24.4
E14001418,Ossett and Denby Dale,44416,41199,92.8,44416,43788,98.6,44416,6268,14.1,44416,2944,6.6,44416,8419,19.0,44416,903,2.0,44416,6896,15.5
E14001419,Oxford East,53543,52032,97.2,53543,52558,98.2,53543,9074,16.9,53543,6165,11.5,53543,14466,27.0,53543,401,0.7,53543,9781,18.3
E14001420,Oxford West and Abingdon,45115,39705,88.0,45115,42921,95.1,45115,6426,14.2,45115,5787,12.8,45115,8501,18.8,45115,1077,2.4,45115,7446,16.5
E14001421,Peckham,51049,37104,72.7,51049,37104,72.7,51049,17985,35.2,51049,4261,8.3,51049,29863,58.5,51049,2891,5.7,51049,19355,37.9
E14001422,Pendle and Clitheroe,49642,45771,92.2,49642,49637,100.0,49642,8548,17.2,49642,5154,10.4,49642,11245,22.7,49642,1214,2.4,49642,9311,18.8
E14001423,Penistone and Stocksbridge,41430,40235,97.1,41430,41403,99.9,41430,8300,20.0,41430,5232,12.6,41430,15223,36.7,41430,2233,5.4,41430,10020,24.2
E14001424,Penrith and Solway,48927,33975,69.4,48927,45176,92.3,48927,6625,13.5,48927,3661,7.5,48927,4322,8.8,48927,1210,2.5,48927,6981,14.3
E14001425,Peterborough,52605,49811,94.7,52605,50489,96.0,52605,9950,18.9,52605,7340,14.0,52605,14245,27.1,52605,2576,4.9,52605,11764,22.4
E14001426,Plymouth Moor View,45442,34808,76.6,45442,35941,79.1,45442,5797,12.8,45442,5531,12.2,45442,27912,61.4,45442,2549,5.6,45442,7945,17.5
E14001427,Plymouth Sutton and Devonport,57086,56272,98.6,57086,56272,98.6,57086,14122,24.7,57086,15856,27.8,57086,27764,48.6,57086,5287,9.3,57086,17848,31.3
E14001428,"Pontefract, Castleford and Knottingley",47470,42461,89.4,47470,45239,95.3,47470,9272,19.5,47470,3556,7.5,47470,531,1.1,47470,0,0.0,47470,9273,19.5
E14001429,Poole,49148,39961,81.3,49148,39961,81.3,49148,7211,14.7,49148,7298,14.8,49148,14586,29.7,49148,2976,6.1,49148,9204,18.7
E14001430,Poplar and Limehouse,71759,53502,74.6,71759,53502,74.6,71759,14215,19.8,71759,7793,10.9,71759,10965,15.3,71759,2337,3.3,71759,15685,21.9
E14001431,Portsmouth North,42914,40137,93.5,42914,40137,93.5,42914,6883,16.0,42914,5425,12.6,42914,14236,33.2,42914,2059,4.8,42914,8475,19.7
E14001432,Portsmouth South,52005,46670,89.7,52005,46670,89.7,52005,8568,16.5,52005,8254,15.9,52005,18397,35.4,52005,3054,5.9,52005,10473,20.1
E14001433,Preston,53228,47950,90.1,53228,48381,90.9,53228,6427,12.1,53228,7977,15.0,53228,33596,63.1,53228,2946,5.5,53228,9367,17.6
E14001434,Putney,52737,50037,94.9,52737,50037,94.9,52737,7673,14.5,52737,10678,20.2,52737,39920,75.7,52737,5744,10.9,52737,11544,21.9
E14001435,Queen's Park and Maida Vale,59419,51799,87.2,59419,51799,87.2,59419,7379,12.4,59419,4523,7.6,59419,22718,38.2,59419,1480,2.5,59419,8498,14.3
E14001436,Rawmarsh and Conisbrough,43433,40717,93.7,43433,41659,95.9,43433,9394,21.6,43433,8568,19.7,43433,14469,33.3,43433,2998,6.9,43433,11474,26.4
E14001437,Rayleigh and Wickford,42214,36673,86.9,42214,39259,93.0,42214,3079,7.3,42214,2357,5.6,42214,11622,27.5,42214,742,1.8,42214,4088,9.7
E14001438,Reading Central,52233,44614,85.4,52233,46472,89.0,52233,6422,12.3,52233,2329,4.5,52233,7356,14.1,52233,540,1.0,52233,7036,13.5
E14001439,Reading West and Mid Berkshire,40002,37111,92.8,40002,38877,97.2,40002,6334,15.8,40002,4939,12.3,40002,18669,46.7,40002,2613,6.5,40002,8349,20.9
E14001440,Redcar,45853,39550,86.3,45853,43918,95.8,45853,6039,13.2,45853,3927,8.6,45853,8425,18.4,45853,629,1.4,45853,6975,15.2
E14001441,Redditch,43399,36116,83.2,43399,41449,95.5,43399,4047,9.3,43399,4009,9.2,43399,21768,50.2,43399,1868,4.3,43399,5868,13.5
E14001442,Reigate,46501,45550,98.0,46501,45821,98.5,46501,9357,20.1,46501,12186,26.2,46501,37596,80.8,46501,7257,15.6,46501,13770,29.6
E14001443,Ribble Valley,47087,38761,82.3,47087,46485,98.7,47087,5084,10.8,47087,2596,5.5,47087,8924,19.0,47087,828,1.8,47087,5695,12.1
E14001444,Richmond and Northallerton,44896,30822,68.7,44896,44217,98.5,44896,6157,13.7,44896,2137,4.8,44896,4473,10.0,44896,873,1.9,44896,6384,14.2
E14001445,Richmond Park,50255,46703,92.9,50255,46913,93.3,50255,9561,19.0,50255,11703,23.3,50255,37113,73.8,50255,6401,12.7,50255,13586,27.0
E14001446,Rochdale,43708,38453,88.0,43708,39843,91.2,43708,6470,14.8,43708,6056,13.9,43708,8694,19.9,43708,1814,4.2,43708,7431,17.0
E14001447,Rochester and Strood,46254,44133,95.4,46254,45863,99.2,46254,8239,17.8,46254,6450,13.9,46254,10993,23.8,46254,968,2.1,46254,9123,19.7
E14001448,Romford,44862,42518,94.8,44862,42536,94.8,44862,6501,14.5,44862,6007,13.4,44862,16078,35.8,44862,1903,4.2,44862,8169,18.2
E14001449,Romsey and Southampton North,42967,36272,84.4,42967,40484,94.2,42967,4541,10.6,42967,3415,7.9,42967,10196,23.7,42967,943,2.2,42967,5589,13.0
E14001450,Rossendale and Darwen,47454,45684,96.3,47454,47408,99.9,47454,6839,14.4,47454,5163,10.9,47454,15553,32.8,47454,1967,4.1,47454,7993,16.8
E14001451,Rother Valley,41395,38760,93.6,41395,40552,98.0,41395,5178,12.5,41395,3656,8.8,41395,9582,23.1,41395,1315,3.2,41395,6265,15.1
E14001452,Rotherham,49880,49372,99.0,49880,49537,99.3,49880,7119,14.3,49880,4479,9.0,49880,20287,40.7,49880,1700,3.4,49880,8772,17.6
E14001453,Rugby,48777,38174,78.3,48777,42637,87.4,48777,6292,12.9,48777,3211,6.6,48777,6466,13.3,48777,894,1.8,48777,7160,14.7
E14001454,"Ruislip, Northwood and Pinner",41241,36354,88.2,41241,36354,88.2,41241,4709,11.4,41241,4801,11.6,41241,5053,12.3,41241,405,1.0,41241,5062,12.3
E14001455,Runcorn and Helsby,43517,31841,73.2,43517,35058,80.6,43517,6166,14.2,43517,2922,6.7,43517,14234,32.7,43517,1395,3.2,43517,7112,16.3
E14001456,Runnymede and Weybridge,47937,43847,91.5,47937,45483,94.9,47937,7471,15.6,47937,7332,15.3,47937,16717,34.9,47937,2071,4.3,47937,9030,18.8
E14001457,Rushcliffe,46273,40017,86.5,46273,45213,97.7,46273,4334,9.4,46273,3379,7.3,46273,6353,13.7,46273,1002,2.2,46273,5054,10.9
E14001458,Rutland and Stamford,42870,27939,65.2,42870,38054,88.8,42870,4229,9.9,42870,1785,4.2,42870,806,1.9,42870,57,0.1,42870,4303,10.0
E14001459,Salford,63899,51600,80.8,63899,51726,80.9,63899,6902,10.8,63899,9385,14.7,63899,21914,34.3,63899,3158,4.9,63899,9780,15.3
E14001460,Salisbury,44354,39687,89.5,44354,43364,97.8,44354,7177,16.2,44354,6109,13.8,44354,15928,35.9,44354,2396,5.4,44354,8823,19.9
E14001461,Scarborough and Whitby,51459,46556,90.5,51459,50466,98.1,51459,11108,21.6,51459,10775,20.9,51459,17217,33.5,51459,4627,9.0,51459,13546,26.3
E14001462,Scunthorpe,47926,39545,82.5,47926,43665,91.1,47926,6454,13.5,47926,3592,7.5,47926,16956,35.4,47926,1665,3.5,47926,7525,15.7
E14001463,Sefton Central,41856,34818,83.2,41856,38618,92.3,41856,4449,10.6,41856,2166,5.2,41856,7771,18.6,41856,486,1.2,41856,4925,11.8
E14001464,Selby,46459,33227,71.5,46459,42920,92.4,46459,6042,13.0,46459,2322,5.0,46459,2649,5.7,46459,187,0.4,46459,6178,13.3
E14001465,Sevenoaks,42937,39966,93.1,42937,42314,98.5,42937,4689,10.9,42937,1885,4.4,42937,8245,19.2,42937,756,1.8,42937,5115,11.9
E14001466,Sheffield Brightside and Hillsborough,48076,48069,100.0,48076,48069,100.0,48076,8731,18.2,48076,10187,21.2,48076,33974,70.7,48076,5277,11.0,48076,13191,27.4
E14001467,Sheffield Central,66984,53020,79.2,66984,53020,79.2,66984,7756,11.6,66984,8159,12.2,66984,31040,46.3,66984,3227,4.8,66984,10455,15.6
E14001468,Sheffield Hallam,44121,43526,98.7,44121,43687,99.0,44121,4671,10.6,44121,3599,8.2,44121,21036,47.7,44121,1814,4.1,44121,5991,13.6
E14001469,Sheffield Heeley,51586,51043,98.9,51586,51062,99.0,51586,8895,17.2,51586,10289,19.9,51586,40659,78.8,51586,5551,10.8,51586,13316,25.8
E14001470,Sheffield South East,46294,46166,99.7,46294,46234,99.9,46294,10460,22.6,46294,9240,20.0,46294,27399,59.2,46294,3842,8.3,46294,12495,27.0
E14001471,Sherwood Forest,47261,38312,81.1,47261,44638,94.4,47261,5279,11.2,47261,2118,4.5,47261,11340,24.0,47261,741,1.6,47261,5780,12.2
E14001472,Shipley,44726,42371,94.7,44726,44124,98.7,44726,8055,18.0,44726,5863,13.1,44726,11347,25.4,44726,2333,5.2,44726,9505,21.3
E14001473,Shrewsbury,47100,40036,85.0,47100,46339,98.4,47100,5152,10.9,47100,3189,6.8,47100,10557,22.4,47100,1176,2.5,47100,6128,13.0
E14001474,Sittingbourne and Sheppey,50725,41054,80.9,50725,48272,95.2,50725,6368,12.6,50725,2652,5.2,50725,7197,14.2,50725,944,1.9,50725,7358,14.5
E14001475,Skipton and Ripon,48639,38646,79.5,48639,48053,98.8,48639,6481,13.3,48639,2797,5.8,48639,13308,27.4,48639,1422,2.9,48639,7288,15.0
E14001476,Sleaford and North Hykeham,44093,31273,70.9,44093,40898,92.8,44093,4062,9.2,44093,1191,2.7,44093,2918,6.6,44093,299,0.7,44093,4332,9.8
E14001477,Slough,48423,42502,87.8,48423,42948,88.7,48423,6152,12.7,48423,5752,11.9,48423,7717,15.9,48423,902,1.9,48423,6956,14.4
E14001478,Smethwick,44936,39148,87.1,44936,39148,87.1,44936,4488,10.0,44936,5660,12.6,44936,26086,58.1,44936,2215,4.9,44936,6835,15.2
E14001479,Solihull West and Shirley,41143,29906,72.7,41143,30181,73.4,41143,2875,7.0,41143,2214,5.4,41143,12526,30.4,41143,812,2.0,41143,3721,9.0
E14001480,South Basildon and East Thurrock,42770,38550,90.1,42770,40550,94.8,42770,5841,13.7,42770,3208,7.5,42770,10591,24.8,42770,704,1.6,42770,6536,15.3
E14001481,South Cambridgeshire,46595,36590,78.5,46595,42614,91.5,46595,5160,11.1,46595,1831,3.9,46595,5620,12.1,46595,751,1.6,46595,5673,12.2
E14001482,South Cotswolds,44664,34040,76.2,44664,43204,96.7,44664,4912,11.0,44664,2686,6.0,44664,5498,12.3,44664,731,1.6,44664,5338,12.0
E14001483,South Derbyshire,44081,32413,73.5,44081,38538,87.4,44081,5872,13.3,44081,3532,8.0,44081,11318,25.7,44081,2240,5.1,44081,6970,15.8
E14001484,South Devon,48791,34166,70.0,48791,43847,89.9,48791,5227,10.7,48791,1927,3.9,48791,7887,16.2,48791,934,1.9,48791,5786,11.9
E14001485,South Dorset,49839,46729,93.8,49839,49092,98.5,49839,6638,13.3,49839,5086,10.2,49839,17963,36.0,49839,2722,5.5,49839,8285,16.6
E14001486,South East Cornwall,46520,34089,73.3,46520,43104,92.7,46520,5406,11.6,46520,2154,4.6,46520,5489,11.8,46520,1199,2.6,46520,5826,12.5
E14001487,South Holland and The Deepings,50419,25599,50.8,50419,36649,72.7,50419,4845,9.6,50419,1096,2.2,50419,9,0.0,50419,0,0.0,50419,4845,9.6
E14001488,South Leicestershire,44966,32650,72.6,44966,43852,97.5,44966,4004,8.9,44966,1175,2.6,44966,1412,3.1,44966,30,0.1,44966,4090,9.1
E14001489,South Norfolk,42780,22768,53.2,42780,33259,77.7,42780,4099,9.6,42780,1256,2.9,42780,3667,8.6,42780,700,1.6,42780,4461,10.4
E14001490,South Northamptonshire,45072,28919,64.2,45072,41585,92.3,45072,4159,9.2,45072,806,1.8,45072,1775,3.9,45072,40,0.1,45072,4205,9.3
E14001491,South Ribble,42864,37561,87.6,42864,41359,96.5,42864,4066,9.5,42864,1912,4.5,42864,10258,23.9,42864,476,1.1,42864,4544,10.6
E14001492,South Shields,44620,41515,93.0,44620,42690,95.7,44620,7404,16.6,44620,7818,17.5,44620,27228,61.0,44620,3824,8.6,44620,10500,23.5
E14001493,South Shropshire,46557,37342,80.2,46557,45920,98.6,46557,5179,11.1,46557,3995,8.6,46557,7648,16.4,46557,1481,3.2,46557,5740,12.3
E14001494,South Suffolk,43526,36106,83.0,43526,42616,97.9,43526,6850,15.7,43526,5231,12.0,43526,11476,26.4,43526,1748,4.0,43526,8548,19.6
E14001495,South West Devon,44270,34016,76.8,44270,39178,88.5,44270,5830,13.2,44270,4740,10.7,44270,10272,23.2,44270,2155,4.9,44270,6886,15.6
E14001496,South West Hertfordshire,41108,39530,96.2,41108,39969,97.2,41108,6357,15.5,41108,5606,13.6,41108,20041,48.8,41108,2746,6.7,41108,7834,19.1
E14001497,South West Norfolk,47665,33358,70.0,47665,41555,87.2,47665,6483,13.6,47665,3659,7.7,47665,6966,14.6,47665,2153,4.5,47665,7267,15.2
E14001498,South West Wiltshire,44841,34291,76.5,44841,43929,98.0,44841,4879,10.9,44841,2963,6.6,44841,10208,22.8,44841,1035,2.3,44841,5704,12.7
E14001499,Southampton Itchen,50049,47411,94.7,50049,47411,94.7,50049,8499,17.0,50049,11937,23.9,50049,25100,50.2,50049,4898,9.8,50049,12492,25.0
E14001500,Southampton Test,49023,38178,77.9,49023,38559,78.7,49023,6160,12.6,49023,6491,13.2,49023,18950,38.7,49023,2996,6.1,49023,8696,17.7
E14001501,Southend East and Rochford,47813,31816,66.5,47813,32988,69.0,47813,3665,7.7,47813,4274,8.9,47813,10039,21.0,47813,1430,3.0,47813,4990,10.4
E14001502,Southend West and Leigh,46665,29479,63.2,46665,29526,63.3,46665,3129,6.7,46665,3287,7.0,46665,17451,37.4,46665,1315,2.8,46665,4277,9.2
E14001503,Southgate and Wood Green,54065,51852,95.9,54065,51852,95.9,54065,17709,32.8,54065,18177,33.6,54065,45819,84.7,54065,13081,24.2,54065,22660,41.9
E14001504,Southport,49210,41942,85.2,49210,44558,90.5,49210,4141,8.4,49210,2774,5.6,49210,15279,31.0,49210,1346,2.7,49210,5212,10.6
E14001505,Spelthorne,44611,39843,89.3,44611,41754,93.6,44611,6568,14.7,44611,5673,12.7,44611,8342,18.7,44611,1944,4.4,44611,7781,17.4
E14001506,Spen Valley,43534,38170,87.7,43534,42815,98.3,43534,8085,18.6,43534,2454,5.6,43534,4465,10.3,43534,150,0.3,43534,8164,18.8
E14001507,St Albans,43043,42690,99.2,43043,42853,99.6,43043,10084,23.4,43043,9932,23.1,43043,29822,69.3,43043,5329,12.4,43043,13890,32.3
E14001508,St Austell and Newquay,49272,41181,83.6,49272,46974,95.3,49272,4739,9.6,49272,1400,2.8,49272,5461,11.1,49272,376,0.8,49272,5071,10.3
E14001509,St Helens North,46216,45219,97.8,46216,46164,99.9,46216,10593,22.9,46216,10357,22.4,46216,28758,62.2,46216,5394,11.7,46216,14408,31.2
E14001510,St Helens South and Whiston,45339,42787,94.4,45339,44363,97.8,45339,8409,18.5,45339,6451,14.2,45339,18189,40.1,45339,2292,5.1,45339,10631,23.4
E14001511,St Ives,47214,37746,79.9,47214,46295,98.1,47214,6786,14.4,47214,4082,8.6,47214,11137,23.6,47214,1811,3.8,47214,7792,16.5
E14001512,St Neots and Mid Cambridgeshire,46762,38932,83.3,46762,43715,93.5,46762,6503,13.9,46762,4114,8.8,46762,13357,28.6,46762,2721,5.8,46762,7873,16.8
E14001513,Stafford,44531,32133,72.2,44531,40944,91.9,44531,4488,10.1,44531,2342,5.3,44531,8536,19.2,44531,771,1.7,44531,5074,11.4
E14001514,Staffordshire Moorlands,40306,32608,80.9,40306,39836,98.8,40306,5596,13.9,40306,3077,7.6,40306,8064,20.0,40306,1119,2.8,40306,6334,15.7
E14001515,Stalybridge and Hyde,44555,44181,99.2,44555,44219,99.2,44555,5703,12.8,44555,4986,11.2,44555,27337,61.4,44555,2508,5.6,44555,7842,17.6
E14001516,Stevenage,43037,42325,98.3,43037,42736,99.3,43037,6363,14.8,43037,6423,14.9,43037,20684,48.1,43037,1649,3.8,43037,8636,20.1
E14001517,Stockport,49252,47289,96.0,49252,47310,96.1,49252,10821,22.0,49252,10262,20.8,49252,20084,40.8,49252,3014,6.1,49252,12833,26.1
E14001518,Stockton North,46144,41044,88.9,46144,43379,94.0,46144,6681,14.5,46144,5048,10.9,46144,16314,35.4,46144,1826,4.0,46144,8176,17.7
E14001519,Stockton West,40442,25783,63.8,40442,30789,76.1,40442,3295,8.1,40442,2978,7.4,40442,8866,21.9,40442,1366,3.4,40442,4120,10.2
E14001520,Stoke-on-Trent Central,56273,55510,98.6,56273,55668,98.9,56273,18342,32.6,56273,20269,36.0,56273,43026,76.5,56273,10769,19.1,56273,24901,44.3
E14001521,Stoke-on-Trent North,46403,45310,97.6,46403,46133,99.4,46403,14930,32.2,46403,17666,38.1,46403,34764,74.9,46403,11159,24.0,46403,20302,43.8
E14001522,Stoke-on-Trent South,42094,35850,85.2,42094,38945,92.5,42094,9318,22.1,42094,9318,22.1,42094,23340,55.4,42094,5681,13.5,42094,12372,29.4
E14001523,"Stone, Great Wyrley and Penkridge",41173,28174,68.4,41173,37824,91.9,41173,3535,8.6,41173,1226,3.0,41173,2625,6.4,41173,356,0.9,41173,3690,9.0
E14001524,Stourbridge,41758,39226,93.9,41758,40116,96.1,41758,5808,13.9,41758,4962,11.9,41758,17695,42.4,41758,2114,5.1,41758,7508,18.0
E14001525,Stratford and Bow,54242,51978,95.8,54242,51978,95.8,54242,9505,17.5,54242,12086,22.3,54242,37871,69.8,54242,7803,14.4,54242,13544,25.0
E14001526,Stratford-on-Avon,47233,32708,69.2,47233,43667,92.5,47233,3680,7.8,47233,776,1.6,47233,1725,3.7,47233,57,0.1,47233,3746,7.9
E14001527,Streatham and Croydon North,50904,45988,90.3,50904,45988,90.3,50904,8294,16.3,50904,12175,23.9,50904,37691,74.0,50904,6243,12.3,50904,13220,26.0
E14001528,Stretford and Urmston,46103,45183,98.0,46103,45187,98.0,46103,7549,16.4,46103,8445,18.3,46103,4587,9.9,46103,695,1.5,46103,8259,17.9
E14001529,Stroud,44760,41189,92.0,44760,44683,99.8,44760,6895,15.4,44760,3357,7.5,44760,9775,21.8,44760,1245,2.8,44760,7506,16.8
E14001530,Suffolk Coastal,49339,45156,91.5,49339,48284,97.9,49339,8608,17.4,49339,5982,12.1,49339,8049,16.3,49339,1688,3.4,49339,9404,19.1
E14001531,Sunderland Central,49357,47538,96.3,49357,48096,97.4,49357,8080,16.4,49357,8048,16.3,49357,14006,28.4,49357,1498,3.0,49357,9559,19.4
E14001532,Surrey Heath,41436,37203,89.8,41436,37645,90.9,41436,6578,15.9,41436,6174,14.9,41436,13935,33.6,41436,2772,6.7,41436,7972,19.2
E14001533,Sussex Weald,41071,32769,79.8,41071,38276,93.2,41071,3847,9.4,41071,2665,6.5,41071,7928,19.3,41071,1074,2.6,41071,4690,11.4
E14001534,Sutton and Cheam,44110,41669,94.5,44110,41669,94.5,44110,6205,14.1,44110,5563,12.6,44110,16148,36.6,44110,2323,5.3,44110,7486,17.0
E14001535,Sutton Coldfield,42446,32886,77.5,42446,35134,82.8,42446,4585,10.8,42446,4898,11.5,42446,19079,44.9,42446,2059,4.9,42446,6294,14.8
E14001536,Swindon North,45533,31891,70.0,45533,32061,70.4,45533,7359,16.2,45533,5188,11.4,45533,13457,29.6,45533,2250,4.9,45533,8765,19.2
E14001537,Swindon South,50213,41154,82.0,50213,41652,83.0,50213,6865,13.7,50213,6666,13.3,50213,19965,39.8,50213,3477,6.9,50213,9229,18.4
E14001538,Tamworth,43871,37474,85.4,43871,41387,94.3,43871,4564,10.4,43871,4139,9.4,43871,21422,48.8,43871,1747,4.0,43871,6239,14.2
E14001539,Tatton,45038,37520,83.3,45038,43995,97.7,45038,5735,12.7,45038,3068,6.8,45038,9607,21.3,45038,1812,4.0,45038,6505,14.4
E14001540,Taunton and Wellington,52098,40000,76.8,52098,50317,96.6,52098,6074,11.7,52098,2534,4.9,52098,8722,16.7,52098,582,1.1,52098,6363,12.2
E14001541,Telford,46953,39762,84.7,46953,39763,84.7,46953,11714,24.9,46953,9891,21.1,46953,12648,26.9,46953,2460,5.2,46953,13183,28.1
E14001542,Tewkesbury,46603,41364,88.8,46603,46325,99.4,46603,7197,15.4,46603,3286,7.1,46603,8369,18.0,46603,1886,4.0,46603,8220,17.6
E14001543,The Wrekin,47453,35069,73.9,47453,37986,80.0,47453,8317,17.5,47453,6878,14.5,47453,11542,24.3,47453,3641,7.7,47453,9887,20.8
E14001544,Thirsk and Malton,49611,34788,70.1,49611,46064,92.9,49611,5602,11.3,49611,3372,6.8,49611,4445,9.0,49611,975,2.0,49611,5910,11.9
E14001545,Thornbury and Yate,43391,36438,84.0,43391,42805,98.6,43391,6623,15.3,43391,5508,12.7,43391,10756,24.8,43391,2841,6.5,43391,7888,18.2
E14001546,Thurrock,47736,42203,88.4,47736,43293,90.7,47736,7383,15.5,47736,5464,11.4,47736,10835,22.7,47736,1924,4.0,47736,8303,17.4
E14001547,Tipton and Wednesbury,45710,43665,95.5,45710,43667,95.5,45710,5576,12.2,45710,7573,16.6,45710,16858,36.9,45710,2134,4.7,45710,7638,16.7
E14001548,Tiverton and Minehead,45057,33532,74.4,45057,41875,92.9,45057,5005,11.1,45057,2693,6.0,45057,8052,17.9,45057,1038,2.3,45057,5592,12.4
E14001549,Tonbridge,41907,37253,88.9,41907,41417,98.8,41907,3401,8.1,41907,1430,3.4,41907,1950,4.7,41907,190,0.5,41907,3526,8.4
E14001550,Tooting,48669,46693,95.9,48669,46693,95.9,48669,6560,13.5,48669,8650,17.8,48669,31695,65.1,48669,4463,9.2,48669,9440,19.4
E14001551,Torbay,56400,48264,85.6,56400,50432,89.4,56400,9184,16.3,56400,4478,7.9,56400,10069,17.9,56400,868,1.5,56400,9921,17.6
E14001552,Torridge and Tavistock,46316,29823,64.4,46316,40410,87.2,46316,5471,11.8,46316,4047,8.7,46316,15080,32.6,46316,2174,4.7,46316,6864,14.8
E14001553,Tottenham,59336,56607,95.4,59336,56607,95.4,59336,18178,30.6,59336,21378,36.0,59336,35509,59.8,59336,9210,15.5,59336,23976,40.4
E14001554,Truro and Falmouth,46527,37520,80.6,46527,43576,93.7,46527,5093,10.9,46527,2441,5.2,46527,809,1.7,46527,142,0.3,46527,5152,11.1
E14001555,Tunbridge Wells,48381,46087,95.3,48381,47650,98.5,48381,9537,19.7,48381,7768,16.1,48381,24628,50.9,48381,5019,10.4,48381,11506,23.8
E14001556,Twickenham,46712,45439,97.3,46712,45569,97.6,46712,7287,15.6,46712,7712,16.5,46712,24830,53.2,46712,2981,6.4,46712,10058,21.5
E14001557,Tynemouth,46737,41449,88.7,46737,41449,88.7,46737,6007,12.9,46737,3544,7.6,46737,5783,12.4,46737,516,1.1,46737,6436,13.8
E14001558,Uxbridge and South Ruislip,47012,42158,89.7,47012,42159,89.7,47012,7024,14.9,47012,3752,8.0,47012,11089,23.6,47012,1363,2.9,47012,7792,16.6
E14001559,Vauxhall and Camberwell Green,53431,52664,98.6,53431,52664,98.6,53431,11868,22.2,53431,18048,33.8,53431,29228,54.7,53431,4795,9.0,53431,16665,31.2
E14001560,Wakefield and Rothwell,48708,46080,94.6,48708,47437,97.4,48708,8780,18.0,48708,6552,13.5,48708,24068,49.4,48708,3091,6.3,48708,11665,23.9
E14001561,Wallasey,46714,43526,93.2,46714,43936,94.1,46714,8570,18.3,46714,5868,12.6,46714,24404,52.2,46714,2126,4.6,46714,10240,21.9
E14001562,Walsall and Bloxwich,45939,39918,86.9,45939,39919,86.9,45939,5559,12.1,45939,6395,13.9,45939,17543,38.2,45939,1972,4.3,45939,7305,15.9
E14001563,Walthamstow,49779,41891,84.2,49779,41891,84.2,49779,5656,11.4,49779,5528,11.1,49779,21499,43.2,49779,2745,5.5,49779,7486,15.0
E14001564,Warrington North,43704,40872,93.5,43704,42468,97.2,43704,12493,28.6,43704,11772,26.9,43704,22105,50.6,43704,4842,11.1,43704,14939,34.2
E14001565,Warrington South,47048,45300,96.3,47048,45609,96.9,47048,8470,18.0,47048,8813,18.7,47048,10659,22.7,47048,2342,5.0,47048,9788,20.8
E14001566,Warwick and Leamington,49616,41218,83.1,49616,44258,89.2,49616,7425,15.0,49616,5374,10.8,49616,10064,20.3,49616,1167,2.4,49616,8374,16.9
E14001567,Washington and Gateshead South,44250,35797,80.9,44250,36525,82.5,44250,6184,14.0,44250,5769,13.0,44250,15487,35.0,44250,3068,6.9,44250,8216,18.6
E14001568,Watford,47496,45630,96.1,47496,45631,96.1,47496,6746,14.2,47496,4886,10.3,47496,24104,50.7,47496,1631,3.4,47496,8478,17.8
E14001569,Waveney Valley,42663,26257,61.5,42663,41796,98.0,42663,5926,13.9,42663,2815,6.6,42663,7979,18.7,42663,1536,3.6,42663,6563,15.4
E14001570,Weald of Kent,43979,33791,76.8,43979,43467,98.8,43979,4989,11.3,43979,1455,3.3,43979,3037,6.9,43979,768,1.7,43979,5330,12.1
E14001571,Wellingborough and Rushden,49951,47180,94.5,49951,48619,97.3,49951,8213,16.4,49951,8316,16.6,49951,24677,49.4,49951,4351,8.7,49951,11374,22.8
E14001572,Wells and Mendip Hills,42085,30821,73.2,42085,41488,98.6,42085,3253,7.7,42085,1855,4.4,42085,6081,14.4,42085,489,1.2,42085,3506,8.3
E14001573,Welwyn Hatfield,52534,49412,94.1,52534,49747,94.7,52534,6969,13.3,52534,3852,7.3,52534,12131,23.1,52534,1442,2.7,52534,7859,15.0
E14001574,West Bromwich,45021,41691,92.6,45021,41691,92.6,45021,5392,12.0,45021,5881,13.1,45021,22656,50.3,45021,2003,4.4,45021,7333,16.3
E14001575,West Dorset,48804,41317,84.7,48804,48711,99.8,48804,5999,12.3,48804,4011,8.2,48804,11858,24.3,48804,1400,2.9,48804,7015,14.4
E14001576,West Ham and Beckton,55868,53593,95.9,55868,53593,95.9,55868,11222,20.1,55868,14184,25.4,55868,18524,33.2,55868,5004,9.0,55868,14108,25.3
E14001577,West Lancashire,46646,38955,83.5,46646,43450,93.1,46646,6743,14.5,46646,5254,11.3,46646,12080,25.9,46646,2452,5.3,46646,8097,17.4
E14001578,West Suffolk,54277,45627,84.1,54277,50830,93.6,54277,8380,15.4,54277,6388,11.8,54277,20403,37.6,54277,3878,7.1,54277,10673,19.7
E14001579,West Worcestershire,48012,42757,89.1,48012,47847,99.7,48012,10589,22.1,48012,12092,25.2,48012,24617,51.3,48012,7942,16.5,48012,14116,29.4
E14001580,Westmorland and Lonsdale,49343,41895,84.9,49343,48819,98.9,49343,7823,15.9,49343,5445,11.0,49343,11726,23.8,49343,2402,4.9,49343,8809,17.9
E14001581,Weston-super-Mare,48335,39461,81.6,48335,41963,86.8,48335,7464,15.4,48335,7389,15.3,48335,12792,26.5,48335,2577,5.3,48335,8983,18.6
E14001582,Wetherby and Easingwold,42255,27283,64.6,42255,39680,93.9,42255,2605,6.2,42255,736,1.7,42255,2096,5.0,42255,240,0.6,42255,2720,6.4
E14001583,Whitehaven and Workington,47227,35350,74.9,47227,44404,94.0,47227,5734,12.1,47227,2549,5.4,47227,1418,3.0,47227,90,0.2,47227,5800,12.3
E14001584,Widnes and Halewood,41733,39891,95.6,41733,40370,96.7,41733,10427,25.0,41733,10481,25.1,41733,26404,63.3,41733,4730,11.3,41733,13837,33.2
E14001585,Wigan,49038,48651,99.2,49038,48902,99.7,49038,9661,19.7,49038,8166,16.7,49038,28073,57.2,49038,5025,10.2,49038,12802,26.1
E14001586,Wimbledon,48105,45993,95.6,48105,45993,95.6,48105,6952,14.5,48105,4415,9.2,48105,12551,26.1,48105,1306,2.7,48105,7617,15.8
E14001587,Winchester,46432,41452,89.3,46432,43786,94.3,46432,6349,13.7,46432,3818,8.2,46432,8073,17.4,46432,1307,2.8,46432,6921,14.9
E14001588,Windsor,47100,42732,90.7,47100,44208,93.9,47100,5785,12.3,47100,5137,10.9,47100,20152,42.8,47100,2532,5.4,47100,7704,16.4
E14001589,Wirral West,40893,36559,89.4,40893,39439,96.4,40893,5060,12.4,40893,5509,13.5,40893,14274,34.9,40893,1917,4.7,40893,6528,16.0
E14001590,Witham,45776,38897,85.0,45776,43133,94.2,45776,6316,13.8,45776,1902,4.2,45776,2327,5.1,45776,327,0.7,45776,6435,14.1
E14001591,Witney,44898,33639,74.9,44898,43115,96.0,44898,4847,10.8,44898,2749,6.1,44898,4236,9.4,44898,419,0.9,44898,5144,11.5
E14001592,Woking,44264,43118,97.4,44264,43410,98.1,44264,9545,21.6,44264,10576,23.9,44264,29430,66.5,44264,6175,14.0,44264,13207,29.8
E14001593,Wokingham,43906,39662,90.3,43906,41098,93.6,43906,5393,12.3,43906,4054,9.2,43906,11966,27.3,43906,1855,4.2,43906,6560,14.9
E14001594,Wolverhampton North East,44986,36166,80.4,44986,37595,83.6,44986,4310,9.6,44986,2723,6.1,44986,4468,9.9,44986,390,0.9,44986,4600,10.2
E14001595,Wolverhampton South East,49204,41181,83.7,49204,41181,83.7,49204,6828,13.9,49204,4216,8.6,49204,11184,22.7,49204,1370,2.8,49204,7731,15.7
E14001596,Wolverhampton West,49657,41387,83.3,49657,41583,83.7,49657,4935,9.9,49657,4498,9.1,49657,18089,36.4,49657,1067,2.1,49657,6167,12.4
E14001597,Worcester,47745,46378,97.1,47745,47342,99.2,47745,6173,12.9,47745,7033,14.7,47745,13258,27.8,47745,1402,2.9,47745,7533,15.8
E14001598,Worsley and Eccles,49013,48539,99.0,49013,48750,99.5,49013,6820,13.9,49013,4051,8.3,49013,13573,27.7,49013,1286,2.6,49013,8081,16.5
E14001599,Worthing West,48889,41625,85.1,48889,41754,85.4,48889,5953,12.2,48889,2714,5.6,48889,2206,4.5,48889,54,0.1,48889,6017,12.3
E14001600,Wycombe,44155,43114,97.6,44155,43200,97.8,44155,6980,15.8,44155,5702,12.9,44155,17127,38.8,44155,2793,6.3,44155,8762,19.8
E14001601,Wyre Forest,49358,41293,83.7,49358,44678,90.5,49358,5409,11.0,49358,5879,11.9,49358,23688,48.0,49358,2649,5.4,49358,7896,16.0
E14001602,Wythenshawe and Sale East,49139,41481,84.4,49139,41707,84.9,49139,4122,8.4,49139,3956,8.1,49139,6831,13.9,49139,656,1.3,49139,4517,9.2
E14001603,Yeovil,49753,41176,82.8,49753,47864,96.2,49753,7384,14.8,49753,5962,12.0,49753,10008,20.1,49753,1241,2.5,49753,8072,16.2
E14001604,York Central,49807,40266,80.8,49807,43524,87.4,49807,8024,16.1,49807,8017,16.1,49807,22244,44.7,49807,4369,8.8,49807,10768,21.6
E14001605,York Outer,42137,31743,75.3,42137,38156,90.6,42137,3668,8.7,42137,2332,5.5,42137,6481,15.4,42137,881,2.1,42137,4372,10.4
