Westminster Parliamentary constituencies Code,Westminster Parliamentary constituencies,Does not apply,Less than 2km,2km to less than 5km,5km to less than 10km,10km to less than 20km,20km to less than 30km,30km to less than 40km,40km to less than 60km,60km and over,Works mainly from home,"Works mainly at an offshore installation, in no fixed place, or outside the UK"
E14000530,Aldershot,52078,6853,8027,6536,6037,2511,1002,1386,723,17335,8784
E14000531,Aldridge-Brownhills,42170,2589,4479,6307,6370,905,361,313,332,8127,5698
E14000532,Altrincham and Sale West,53189,4008,5250,5076,5012,1198,449,504,435,21390,4413
E14000533,Amber Valley,47482,5295,5396,5984,7575,1815,456,341,539,9147,6293
E14000534,Arundel and South Downs,56120,2814,2645,4713,6229,2840,1037,772,764,18887,7473
E14000535,Ashfield,57132,6018,8487,7326,6058,2050,702,421,647,8526,7126
E14000536,Ashford,66260,7154,8962,3432,4899,3830,1755,934,2010,18104,9984
E14000537,Ashton-under-Lyne,53178,5718,7207,7662,4246,573,299,308,371,9868,6543
E14000538,Aylesbury,60713,7986,6040,3918,5434,4567,2025,2268,698,22020,9414
E14000539,Banbury,64098,11917,7894,3743,7205,4777,2450,1312,1412,22608,9045
E14000540,Barking,82915,4298,7973,7746,11571,2611,651,425,716,12932,14050
E14000541,Barnsley Central,48346,5456,6615,5996,5975,2471,293,254,427,7857,6866
E14000542,Barnsley East,52073,3907,6413,8060,5868,1720,532,244,517,7643,7382
E14000543,Barrow and Furness,46717,9249,8007,3988,3085,1195,829,329,609,8709,4723
E14000544,Basildon and Billericay,51708,4717,4679,4091,4599,1735,2042,917,374,15076,7764
E14000545,Basingstoke,55634,8510,9383,3497,4213,3255,944,1297,1076,23695,7992
E14000546,Bassetlaw,57894,7366,6397,4731,7743,4195,1525,963,871,9517,7208
E14000547,Bath,52762,7532,6043,1117,3092,779,170,330,683,18193,4342
E14000548,Batley and Spen,61272,6458,8414,7029,7155,613,342,365,355,11711,6976
E14000549,Battersea,46726,4046,8147,8520,2483,456,220,161,362,42873,5437
E14000550,Beaconsfield,54153,2874,3472,5268,4514,2189,1325,785,373,23673,6405
E14000551,Beckenham,46995,2470,4230,4333,5329,665,262,125,199,22366,5803
E14000552,Bedford,57223,9269,9655,2688,4435,2804,783,713,1329,14267,7435
E14000553,Bermondsey and Old Southwark,63134,6669,12172,8244,3031,497,279,250,560,40003,7925
E14000554,Berwick-upon-Tweed,43060,4441,1934,1815,3355,2257,1550,1556,1524,8481,5567
E14000555,Bethnal Green and Bow,73220,7859,9219,7382,2654,448,256,294,464,33767,7461
E14000556,Beverley and Holderness,55205,4790,2521,4748,9040,2604,1212,983,1158,10877,6803
E14000557,Bexhill and Battle,60102,3704,3157,4916,5282,2144,881,648,864,14419,8557
E14000558,Bexleyheath and Crayford,49058,3191,5296,5057,5662,2214,391,246,322,15604,7572
E14000559,Birkenhead,52197,4571,8452,5946,3058,1125,255,296,454,8348,5574
E14000560,"Birmingham, Edgbaston",59066,3674,7092,6655,4168,683,692,342,867,12441,4446
E14000561,"Birmingham, Erdington",62753,4445,7364,8736,4671,1045,360,356,539,8431,6157
E14000562,"Birmingham, Hall Green",77699,4543,8192,7009,2570,1244,371,327,649,12721,6589
E14000563,"Birmingham, Hodge Hill",90869,4904,8535,8233,3040,1243,324,384,652,6276,7913
E14000564,"Birmingham, Ladywood",91878,8200,8337,5703,3951,1518,776,651,1205,14814,7027
E14000565,"Birmingham, Northfield",61805,3745,6057,8000,7223,1097,608,231,591,10431,6105
E14000566,"Birmingham, Perry Barr",68650,3959,7603,9099,4111,877,563,458,636,9406,7078
E14000567,"Birmingham, Selly Oak",66160,3881,6413,7971,3820,943,443,235,797,13609,5333
E14000568,"Birmingham, Yardley",72123,4373,8596,9960,2937,1343,336,290,577,8875,7552
E14000569,Bishop Auckland,50967,4689,3411,4756,5948,3177,1528,626,533,8414,5862
E14000570,Blackburn,70303,9289,9481,3489,4936,1340,964,325,376,7901,5991
E14000571,Blackley and Broughton,80006,7953,8450,7647,4201,647,358,440,659,10853,7701
E14000572,Blackpool North and Cleveleys,47945,5210,7033,5131,1892,1116,265,344,575,7640,5722
E14000573,Blackpool South,46766,7000,8014,3300,1317,930,374,264,430,6831,5773
E14000574,Blaydon,48243,2966,4817,7531,5908,1193,223,235,423,10937,5544
E14000575,Blyth Valley,47202,3973,3163,6058,6980,1072,560,321,747,9742,5520
E14000576,Bognor Regis and Littlehampton,60230,6997,5827,7858,5512,1733,822,798,881,10414,9079
E14000577,Bolsover,52845,4753,4803,8049,8237,2920,1146,701,707,8707,7110
E14000578,Bolton North East,59327,5229,7091,5651,4891,1783,260,215,349,9560,6728
E14000579,Bolton South East,67399,6609,7973,5702,5035,1624,326,177,376,8459,7728
E14000580,Bolton West,52556,3987,6184,7377,5300,2582,505,224,456,13002,6933
E14000581,Bootle,56175,5354,7250,6545,4842,1418,343,388,410,11443,7214
E14000582,Boston and Skegness,61106,9083,5971,5323,6405,4094,1353,1419,1023,5845,7864
E14000583,Bosworth,54228,5470,4795,5438,9064,2641,970,647,612,15624,7343
E14000584,Bournemouth East,55119,6445,8821,6628,3761,434,682,485,637,15871,8058
E14000585,Bournemouth West,58481,5941,9037,8016,1970,501,476,585,840,13978,7801
E14000586,Bracknell,54396,5442,5769,5769,6038,2574,756,747,474,23613,8382
E14000587,Bradford East,76918,6730,10046,5368,4698,841,258,388,464,9150,6951
E14000588,Bradford South,62067,5292,9437,7444,4526,818,265,286,352,9199,6753
E14000589,Bradford West,78996,7268,8798,5002,3971,883,297,391,426,8861,6462
E14000590,Braintree,52395,5242,3647,3106,7195,4088,1545,1742,977,13916,9410
E14000591,Brent Central,82018,5480,9540,11907,5778,742,245,225,602,19810,13375
E14000592,Brent North,74939,6985,10705,8570,9804,1121,349,280,765,17782,13622
E14000593,Brentford and Isleworth,71525,5617,7984,9214,7292,896,345,231,517,29983,10266
E14000594,Brentwood and Ongar,50486,2784,2397,3429,5734,3176,2043,392,310,20260,7356
E14000595,Bridgwater and West Somerset,62272,8564,6301,3903,7775,2773,1614,1179,840,12163,8909
E14000596,Brigg and Goole,47517,4437,4040,4722,6477,2690,1818,1249,763,8072,5883
E14000597,"Brighton, Kemptown",50930,5611,5540,4515,2822,1035,640,383,836,14211,7137
E14000598,"Brighton, Pavilion",51410,8309,7256,1794,2322,757,691,320,1173,24463,6244
E14000599,Bristol East,50447,4857,10769,7068,3237,394,290,362,418,18466,8007
E14000600,Bristol North West,58877,6234,10825,7479,1672,446,334,369,582,17563,5665
E14000601,Bristol South,57068,7571,11005,5955,4426,469,275,330,515,21546,8982
E14000602,Bristol West,67563,12146,9926,4775,2099,518,616,669,1045,34451,6154
E14000603,Broadland,53321,3281,2622,6710,7841,2361,1090,569,636,13623,8007
E14000604,Bromley and Chislehurst,49246,2732,4157,4683,6119,857,368,134,280,21346,6171
E14000605,Bromsgrove,51896,3416,3415,5325,8348,2402,668,367,515,16436,6395
E14000606,Broxbourne,53655,4578,4146,6110,6577,3457,667,341,269,15452,9395
E14000607,Broxtowe,50807,3860,6326,7397,4218,932,491,270,672,15923,5421
E14000608,Buckingham,56164,2735,2574,3954,6636,3500,1670,1708,987,23918,7406
E14000609,Burnley,54612,7291,7492,5092,4692,1298,900,359,324,6738,5850
E14000610,Burton,58633,9094,8304,5343,6796,3190,1389,968,663,11116,7035
E14000611,Bury North,50978,5137,5536,5096,5664,1311,292,247,331,11504,5763
E14000612,Bury South,54390,4664,6323,8371,4791,947,327,336,406,15075,6364
E14000613,Bury St Edmunds,59613,7702,5867,4082,6750,4797,1838,1482,831,15928,8556
E14000614,Calder Valley,53803,4737,5864,7211,5287,1853,727,327,408,15767,6590
E14000615,Camberwell and Peckham,60381,5554,9804,10423,3208,556,296,237,529,29212,7833
E14000616,Camborne and Redruth,52630,4752,4906,4866,7450,1539,547,645,1204,9064,7840
E14000617,Cambridge,68709,9125,12108,3036,1985,1065,506,1098,1204,29813,5098
E14000618,Cannock Chase,51642,5534,6005,5248,8416,3239,1069,474,517,9529,8846
E14000619,Canterbury,66302,6896,4205,4622,3331,2925,914,702,1620,15370,6502
E14000620,Carlisle,45776,9607,10180,3810,1995,1331,677,664,925,7184,6064
E14000621,Carshalton and Wallington,53193,4481,7906,5956,5397,832,245,200,308,17742,8425
E14000622,Castle Point,48581,3558,3758,5436,3174,1929,894,1699,328,11672,8558
E14000623,Central Devon,50171,4000,2235,4008,6660,2764,1649,925,593,14913,7544
E14000624,Central Suffolk and North Ipswich,54386,3820,5374,5367,5354,2601,1332,1055,973,15350,7515
E14000625,Charnwood,53402,3640,6089,9480,5842,1475,890,621,567,15883,7029
E14000626,Chatham and Aylesford,53508,4366,6477,5229,4493,2604,1347,1824,487,12399,9825
E14000627,Cheadle,50565,3580,5704,5687,4866,809,277,408,370,18535,4682
E14000628,Chelmsford,55578,6666,8073,2341,4079,2561,1403,1971,429,21970,7800
E14000629,Chelsea and Fulham,47950,4277,5702,5581,1478,258,118,105,274,31659,4353
E14000630,Cheltenham,53460,9358,7896,3066,3456,1463,605,690,849,19776,6511
E14000631,Chesham and Amersham,50743,2966,2292,3334,4618,2155,1512,896,265,22278,5628
E14000632,Chesterfield,50448,6090,8023,4401,5096,1161,880,445,523,9955,6219
E14000633,Chichester,62470,6785,4111,4171,5529,2260,1060,1102,1110,17671,8154
E14000634,Chingford and Woodford Green,49717,2969,4492,4826,6608,754,317,182,281,18124,7706
E14000635,Chippenham,51505,6086,3846,4920,5639,1935,1422,1065,783,17869,6567
E14000636,Chipping Barnet,61163,3374,4572,6145,7380,762,260,209,295,25414,7938
E14000637,Chorley,53410,5305,6321,6164,7544,2217,1369,414,457,14652,7157
E14000638,Christchurch,51856,3228,3943,4628,4096,808,737,720,630,11352,5806
E14000639,Cities of London and Westminster,47978,6212,6170,2835,1014,247,145,132,325,31419,4562
E14000640,City of Chester,52629,6787,6586,4071,4054,2828,874,911,750,15785,4992
E14000641,City of Durham,59943,3302,4051,4308,5505,3131,860,137,751,12410,4954
E14000642,Clacton,58440,5028,3803,2806,2879,2185,524,676,1164,6442,7019
E14000643,Cleethorpes,51930,4725,7239,6776,5567,1699,688,603,752,7465,6723
E14000644,Colchester,63968,9576,10214,3872,2851,3018,1397,880,1973,17120,8989
E14000645,Colne Valley,60698,4956,7278,7133,5249,2952,907,290,467,15756,7260
E14000646,Congleton,54005,4451,2203,5573,8358,2970,1363,614,608,17689,6202
E14000647,Copeland,41460,3986,3380,4024,6972,1525,525,901,580,9414,3748
E14000648,Corby,64370,7320,10651,6050,8576,4157,2001,1033,1303,15346,8658
E14000649,Coventry North East,69402,7492,12614,6584,4794,2789,862,508,789,11377,7204
E14000650,Coventry North West,57685,5169,8847,7542,4548,2263,568,384,585,13495,6205
E14000651,Coventry South,68097,4714,7480,5904,4271,2335,549,474,946,13802,5052
E14000652,Crawley,59592,6667,10717,5672,5544,1602,1379,1536,467,15903,9411
E14000653,Crewe and Nantwich,58273,8549,9999,5340,5143,2221,1723,1071,662,14279,6899
E14000654,Croydon Central,63620,4114,6353,7780,8470,1319,352,244,405,22767,9456
E14000655,Croydon North,76962,6361,8188,9775,9191,1142,306,298,458,22102,11870
E14000656,Croydon South,60730,3466,5322,6224,6527,2178,349,255,312,26107,7714
E14000657,Dagenham and Rainham,64084,3135,6159,6250,7770,3459,643,250,474,12328,11251
E14000658,Darlington,50365,7825,8216,2345,3562,3243,390,624,715,9557,5352
E14000659,Dartford,61357,5206,6948,6032,6145,5147,1282,467,475,19226,10400
E14000660,Daventry,53761,4909,3685,5765,7480,3558,1406,929,1001,17989,7097
E14000661,Denton and Reddish,45550,4627,6994,7916,3872,452,269,312,367,11133,6337
E14000662,Derby North,55237,7411,10195,4098,5147,1799,496,636,647,11978,5591
E14000663,Derby South,68909,7763,11162,4969,5664,1933,557,531,598,9673,6756
E14000664,Derbyshire Dales,43204,3483,2363,3237,5109,2682,1023,563,473,13199,5488
E14000665,Devizes,52373,6649,3115,3846,6170,3086,1888,1206,1162,16902,7421
E14000666,Dewsbury,64999,5683,6313,6749,7785,1227,531,349,440,12489,7076
E14000667,Don Valley,56545,4072,4120,8474,6804,2385,1104,854,777,9228,7351
E14000668,Doncaster Central,58653,6532,9741,7026,4196,2795,933,656,735,8580,7708
E14000669,Doncaster North,55050,4503,6063,6914,6755,2147,920,504,623,7695,7661
E14000670,Dover,57475,5936,3804,3892,6547,3489,690,486,1213,10338,8197
E14000671,Dudley North,48881,3666,7595,7691,3475,877,248,245,367,7060,6149
E14000672,Dudley South,45234,4778,7835,4806,4250,866,300,213,349,7188,5775
E14000673,Dulwich and West Norwood,52566,3745,5520,9792,3012,435,142,157,317,31657,6535
E14000674,Ealing Central and Acton,61973,4416,6714,8147,5594,599,198,232,361,32672,8306
E14000675,Ealing North,69612,4172,7642,8906,8280,1188,278,233,452,17083,12056
E14000676,"Ealing, Southall",60504,5564,6598,8017,4942,839,227,222,403,13382,7301
E14000677,Easington,48284,4305,3710,3725,5577,2984,728,237,475,6798,4691
E14000678,East Devon,61152,5871,5630,5306,7245,1554,612,502,1066,15429,7549
E14000679,East Ham,94183,6437,8321,9875,11512,1711,573,446,746,18734,14417
E14000680,East Hampshire,52374,4843,2113,4102,5785,3278,1736,955,847,19123,7897
E14000681,East Surrey,58530,3685,3830,6224,5609,2803,1433,568,287,23690,8644
E14000682,East Worthing and Shoreham,52118,6841,5376,4891,4099,1374,764,385,541,15027,8207
E14000683,East Yorkshire,59191,6395,3000,2895,5515,4318,2286,1798,1046,10950,6968
E14000684,Eastbourne,62221,8441,9748,2337,2797,2248,928,538,812,11058,8115
E14000685,Eastleigh,55712,5110,5891,9172,6269,1214,783,608,746,19783,10029
E14000686,Eddisbury,52190,3863,3347,4996,5585,3514,1574,838,608,16128,5917
E14000687,Edmonton,70643,5030,7081,5889,7252,1019,378,218,457,10476,9590
E14000688,Ellesmere Port and Neston,49439,4693,4898,6854,6379,1957,792,644,530,10451,5533
E14000689,Elmet and Rothwell,55663,2853,3049,6465,8057,2438,585,308,523,18096,6113
E14000690,Eltham,51035,2718,4994,5517,6156,541,393,177,337,18023,7254
E14000691,Enfield North,62173,4371,5817,5273,7177,1302,386,212,346,14093,7840
E14000692,"Enfield, Southgate",53304,2851,5048,5369,6342,747,284,172,270,20408,8166
E14000693,Epping Forest,52465,3191,3000,5237,6998,2695,524,266,279,19557,8401
E14000694,Epsom and Ewell,57318,4230,5321,5267,4674,2187,337,228,240,24666,7256
E14000695,Erewash,48489,6203,5425,7422,7462,1172,436,309,521,11018,6713
E14000696,Erith and Thamesmead,64706,3824,6536,7098,8659,2003,570,290,563,14113,9941
E14000697,Esher and Walton,60097,3438,4582,4961,4112,2388,374,153,258,29479,5966
E14000698,Exeter,63319,10746,10447,2743,2086,1287,393,677,969,15711,6852
E14000699,Fareham,50844,4451,6017,6305,5596,1193,360,474,698,17038,7221
E14000700,Faversham and Mid Kent,53574,3936,3957,4389,5880,2542,1208,1385,780,15335,8510
E14000701,Feltham and Heston,77856,5889,11285,11578,7303,2047,559,296,683,15064,11751
E14000702,Filton and Bradley Stoke,51690,4977,7096,9606,3294,604,499,539,596,20445,6864
E14000703,Finchley and Golders Green,65940,4141,4939,8385,4958,534,202,131,320,28772,7726
E14000704,Folkestone and Hythe,64811,6212,4730,3688,5845,3044,809,971,1464,14785,8821
E14000705,Forest of Dean,49445,3777,2607,4182,6109,3465,1330,632,645,12083,7285
E14000706,Fylde,49014,4133,4568,5496,4531,1162,633,588,562,12590,5251
E14000707,Gainsborough,54481,4464,2691,4340,6176,4127,1629,1097,905,11174,6663
E14000708,Garston and Halewood,56431,4417,6857,8313,5566,652,303,403,402,11974,5971
E14000709,Gateshead,51385,5957,8576,5843,2989,469,183,289,456,10572,4952
E14000710,Gedling,48952,4284,7392,7953,2842,1481,437,299,478,13807,6761
E14000711,Gillingham and Rainham,54384,5615,6234,4625,4400,1799,1273,1869,514,12588,9010
E14000712,Gloucester,62080,9829,11182,6926,6064,1145,486,1125,822,14402,8820
E14000713,Gosport,51506,5753,7612,7028,3139,1214,300,394,854,11033,7438
E14000714,Grantham and Stamford,58794,8881,4694,2456,6125,4378,2178,1607,1287,14627,7757
E14000715,Gravesham,57139,4899,4749,5286,6081,2681,2254,684,535,13037,9556
E14000716,Great Grimsby,48820,7786,11225,3226,1986,1153,669,316,680,4394,5892
E14000717,Great Yarmouth,58609,6941,6238,3835,3411,2592,1744,1205,942,6813,7418
E14000718,Greenwich and Woolwich,63741,4710,5789,8780,8488,872,400,318,508,34029,8159
E14000719,Guildford,58969,6710,5395,3089,3948,1720,947,1018,393,22886,6277
E14000720,Hackney North and Stoke Newington,66069,7767,7425,8447,2518,406,135,200,337,33508,7401
E14000721,Hackney South and Shoreditch,58767,5948,8909,7227,2550,436,184,170,387,33336,7019
E14000722,Halesowen and Rowley Regis,51234,4063,6787,8031,4672,778,381,275,401,9861,6099
E14000723,Halifax,59447,6697,7720,5574,4135,1429,371,265,395,11513,6509
E14000724,Haltemprice and Howden,47424,3046,4455,6698,5428,2249,1248,1088,811,12385,5635
E14000725,Halton,52754,5649,7224,6549,5609,1546,855,231,448,10639,6011
E14000726,Hammersmith,55637,6260,7514,7826,2508,357,144,140,345,30513,6586
E14000727,Hampstead and Kilburn,60791,3932,7010,8280,2379,424,109,139,317,39135,6169
E14000728,Harborough,58040,5756,5167,7085,5063,2818,927,740,811,16597,6402
E14000729,Harlow,52725,6671,8547,4119,5130,3328,1892,426,307,11770,9457
E14000730,Harrogate and Knaresborough,53135,8376,7815,3164,3758,2451,945,360,719,18002,6015
E14000731,Harrow East,58239,3561,5703,5949,7080,1418,408,331,487,17168,10841
E14000732,Harrow West,60211,4648,5753,6483,7613,1617,321,257,546,20364,9132
E14000733,Hartlepool,54589,5891,7286,3159,5623,1779,575,363,711,6570,5792
E14000734,Harwich and North Essex,52723,3868,3009,4310,5891,2291,868,667,1291,13302,7573
E14000735,Hastings and Rye,60913,7057,8535,3418,2255,1907,850,675,1000,13459,9221
E14000736,Havant,52306,4761,5692,6006,4530,1050,576,475,684,10832,8093
E14000737,Hayes and Harlington,69786,4746,9489,9289,6356,2025,520,279,556,12853,10505
E14000738,Hazel Grove,43695,3360,4688,5090,4623,508,251,266,292,12649,4953
E14000739,Hemel Hempstead,53310,5831,5622,4064,5741,2502,1940,467,315,18775,9016
E14000740,Hemsworth,55080,4338,5305,7353,8246,2528,555,291,539,9336,6662
E14000741,Hendon,76066,5162,5990,8980,9784,998,331,279,549,25442,12205
E14000742,Henley,52372,3826,2332,4395,5685,2699,1018,865,707,23109,6744
E14000743,Hereford and South Herefordshire,50474,9128,7499,3520,4119,2065,1006,788,1140,10357,7445
E14000744,Hertford and Stortford,55916,6185,3883,5011,5743,2620,2192,1178,296,24242,7820
E14000745,Hertsmere,55061,4266,3947,5725,6330,2517,449,258,319,21051,7900
E14000746,Hexham,41950,3337,1122,2101,5179,2573,1438,1188,786,11913,4813
E14000747,Heywood and Middleton,60606,5226,8261,9215,4937,1201,488,374,527,10886,7661
E14000748,High Peak,46319,6841,3637,4112,6135,2607,963,580,492,12973,6274
E14000749,Hitchin and Harpenden,52668,3792,3102,4519,3488,1610,1699,1207,309,26034,5233
E14000750,Holborn and St Pancras,68696,7050,7487,4495,1503,333,111,167,387,30370,6031
E14000751,Hornchurch and Upminster,59615,3362,4971,4866,5216,4688,831,321,328,19118,9308
E14000752,Hornsey and Wood Green,57731,3455,5173,9515,4510,634,185,176,348,34601,8275
E14000753,Horsham,58119,4778,4626,4863,6488,3169,1405,1487,419,24532,8105
E14000754,Houghton and Sunderland South,50607,2907,5690,7861,5588,935,487,94,474,9383,5695
E14000755,Hove,47946,6646,7400,3389,2759,656,798,333,953,23776,6879
E14000756,Huddersfield,56163,5845,7006,5026,3627,1581,515,242,385,9952,5598
E14000757,Huntingdon,60649,8256,4887,4170,6328,4611,1887,1101,1359,21344,7948
E14000758,Hyndburn,53137,5646,6431,7232,4533,1812,657,403,351,7503,6320
E14000759,Ilford North,60308,2982,4770,6627,8501,1796,566,298,541,19101,9771
E14000760,Ilford South,84609,5386,6490,7566,9395,2171,684,325,587,18268,11869
E14000761,Ipswich,59516,9576,10293,4263,4386,1594,1086,706,937,14088,8378
E14000762,Isle of Wight,82549,10045,5472,8772,8456,810,215,479,782,12922,9957
E14000763,Islington North,50477,3816,7489,6965,1906,430,128,112,271,32864,5371
E14000764,Islington South and Finsbury,51142,5111,7877,3670,1489,305,125,107,309,31665,4961
E14000765,Jarrow,46803,3220,6363,8537,2868,570,158,315,484,9298,5227
E14000766,Keighley,55720,5900,4448,5454,6352,1989,449,308,412,12114,6232
E14000767,Kenilworth and Southam,47592,2699,2316,5003,6016,2187,870,590,674,19121,4878
E14000768,Kensington,55412,4154,6448,4736,1255,221,79,130,317,29157,5036
E14000769,Kettering,53417,7300,6381,6063,7657,2379,1216,754,875,12357,7428
E14000770,Kingston and Surbiton,61388,5767,6914,6035,6001,1317,335,221,333,27752,8094
E14000771,Kingston upon Hull East,51559,5828,11778,7033,2554,769,380,279,640,4893,5600
E14000772,Kingston upon Hull North,56549,5817,11552,9198,2075,1004,697,737,761,6683,5892
E14000773,Kingston upon Hull West and Hessle,48696,7184,10287,6970,2420,1225,643,644,627,5703,5821
E14000774,Kingswood,44312,4383,5569,8668,4031,622,253,309,370,15231,7645
E14000775,Knowsley,61913,4936,7403,10189,6041,874,401,410,507,10353,8376
E14000776,Lancaster and Fleetwood,53232,6781,3925,3716,3226,1551,1055,419,842,10370,5361
E14000777,Leeds Central,88866,11023,12192,6647,3904,1510,522,417,1292,17470,8044
E14000778,Leeds East,60507,4991,8035,6761,4147,1010,401,226,513,10913,7387
E14000779,Leeds North East,50257,3640,7136,5193,3814,716,408,233,478,19654,4650
E14000780,Leeds North West,47871,3435,4876,4842,4742,906,290,296,641,15227,4218
E14000781,Leeds West,51738,4781,9482,8173,2847,943,256,233,476,13744,6375
E14000782,Leicester East,73042,10704,13102,6743,3927,1686,1111,613,744,9528,5940
E14000783,Leicester South,76954,10361,10526,5581,2705,1593,961,662,887,12063,5966
E14000784,Leicester West,63643,8000,12970,6215,3187,2007,1483,543,768,7942,6417
E14000785,Leigh,56827,5278,5544,7995,8328,2501,682,213,487,12558,8703
E14000786,Lewes,50787,3952,2634,3189,5875,1702,621,513,711,14629,6318
E14000787,Lewisham East,55330,3423,5717,7192,6446,517,307,142,339,21973,7757
E14000788,Lewisham West and Penge,53451,3246,5113,7409,6314,504,219,149,315,27766,7341
E14000789,"Lewisham, Deptford",58246,4270,6716,10928,5061,552,263,214,438,33343,7850
E14000790,Leyton and Wanstead,52502,3736,4750,8021,6206,808,312,189,424,21100,9639
E14000791,Lichfield,51706,4139,3051,5487,6894,3570,1001,592,541,15012,6633
E14000792,Lincoln,63709,9672,10010,5633,2367,3737,692,1103,1373,11391,7684
E14000793,"Liverpool, Riverside",72785,7771,8875,7079,3413,1320,267,826,872,16549,5589
E14000794,"Liverpool, Walton",55045,4664,8931,6266,2809,832,147,355,374,7415,6474
E14000795,"Liverpool, Wavertree",53232,4430,7610,6569,2199,679,205,494,463,11179,5054
E14000796,"Liverpool, West Derby",53802,3667,8144,8948,2870,717,202,393,400,8933,6705
E14000797,Loughborough,61286,6716,5268,4819,7054,1877,484,517,802,14450,5870
E14000798,Louth and Horncastle,61020,6378,1824,3152,5251,3491,1931,1284,895,8482,7010
E14000799,Ludlow,46964,4246,1558,2453,4582,3043,1964,1534,938,11610,6481
E14000800,Luton North,62032,6321,8606,3415,3248,2764,905,1933,484,10568,8475
E14000801,Luton South,68019,7652,7445,5627,5759,2988,1380,1763,621,11789,10461
E14000802,Macclesfield,49157,6566,4550,3485,4852,2480,850,441,447,17497,5250
E14000803,Maidenhead,54196,4191,3918,4513,4567,1498,777,961,339,26957,6032
E14000804,Maidstone and The Weald,57110,6372,6126,4678,5605,2743,1208,1651,633,17456,9583
E14000805,Makerfield,52946,4095,7432,7596,5480,2732,761,213,434,10154,7847
E14000806,Maldon,49708,4007,1790,3670,6594,2475,1052,1503,602,14992,7921
E14000807,Manchester Central,87354,10415,10635,8107,5324,877,591,791,1075,24031,7101
E14000808,"Manchester, Gorton",75201,4660,8526,7035,3242,607,326,458,687,12594,6893
E14000809,"Manchester, Withington",50385,3467,6986,8544,2631,683,397,421,521,21585,4649
E14000810,Mansfield,59115,6094,9631,8096,6410,2429,851,476,695,8757,7928
E14000811,Meon Valley,50476,2739,3569,5336,6915,2212,663,764,818,17072,7632
E14000812,Meriden,63825,3419,5918,8030,7072,1895,513,266,640,17020,6001
E14000813,Mid Bedfordshire,59896,3261,3799,6200,9546,3290,1283,1496,1243,24020,8980
E14000814,Mid Derbyshire,44128,2762,5183,6480,5408,1497,321,360,494,12450,4861
E14000815,Mid Dorset and North Poole,45335,3135,5581,6030,3694,998,806,710,533,11622,5960
E14000816,Mid Norfolk,59900,5549,2919,4121,8178,4976,2038,902,950,13197,8643
E14000817,Mid Sussex,56933,7747,4150,3785,6589,2347,711,1566,597,23699,7529
E14000818,Mid Worcestershire,55533,5446,5098,5784,5785,4117,1606,968,636,15129,7642
E14000819,Middlesbrough,60557,5984,9403,4702,2215,853,621,441,702,5629,5967
E14000820,Middlesbrough South and East Cleveland,56175,3939,4873,7275,5806,1767,577,610,834,7760,6354
E14000821,Milton Keynes North,69824,6240,10438,10414,3942,2187,699,856,1674,25336,8352
E14000822,Milton Keynes South,73858,6303,12143,10807,3039,2319,760,964,1763,26862,8285
E14000823,Mitcham and Morden,56240,4634,8131,7635,6730,789,248,211,412,17660,11281
E14000824,Mole Valley,49859,3037,2535,4202,5037,2019,957,345,260,21651,6755
E14000825,Morecambe and Lunesdale,49656,5607,6966,5683,2523,1596,1427,493,718,8149,6482
E14000826,Morley and Outwood,50879,4365,6796,9908,5442,1077,509,372,514,17533,7229
E14000827,New Forest East,48400,3820,4415,5574,5446,1659,703,498,697,12677,6891
E14000828,New Forest West,48683,4826,2348,3391,3901,2894,679,271,671,11283,6059
E14000829,Newark,56181,6032,5293,2655,6043,3787,1495,841,851,14661,6723
E14000830,Newbury,55446,6451,5642,4101,4917,2618,1122,912,859,23835,7530
E14000831,Newcastle upon Tyne Central,64564,5078,8611,4501,2770,787,160,346,629,10604,5708
E14000832,Newcastle upon Tyne East,57323,6022,8373,5106,2139,643,221,424,951,13252,4330
E14000833,Newcastle upon Tyne North,53160,3394,6442,9329,3886,1000,216,340,593,13673,5553
E14000834,Newcastle-under-Lyme,48370,5595,9169,5474,2768,1260,356,587,716,9005,5389
E14000835,Newton Abbot,50841,5353,4388,5502,5590,2222,494,565,637,10911,7016
E14000836,"Normanton, Pontefract and Castleford",62357,7055,7829,7144,9701,2906,1067,261,614,11414,7917
E14000837,North Cornwall,51813,6096,2768,3279,4210,2190,1476,1642,1620,10142,7789
E14000838,North Devon,53448,8004,4983,4355,5833,1411,498,706,932,10957,7486
E14000839,North Dorset,52747,5049,2279,3760,5834,3095,2046,1277,812,13320,8016
E14000840,North Durham,48843,3159,3639,6078,7553,1588,775,307,439,9110,5842
E14000841,North East Bedfordshire,60146,3734,5038,5868,6844,4331,2188,1575,1370,23626,9166
E14000842,North East Cambridgeshire,64280,7805,4493,4958,7262,5611,2452,1177,1127,12270,9410
E14000843,North East Derbyshire,50355,3346,4558,7243,6596,1731,636,586,549,10570,6453
E14000844,North East Hampshire,52401,3624,3126,6228,4896,1708,1008,1177,616,24935,6187
E14000845,North East Hertfordshire,51812,5099,3181,3635,5357,2980,1554,1528,446,20171,7026
E14000846,North East Somerset,50835,3929,3784,5772,7758,1606,310,270,471,16418,7213
E14000847,North Herefordshire,48049,3995,2507,4237,5826,3074,987,820,972,12260,6765
E14000848,North Norfolk,51730,3926,1766,3177,4595,2739,1311,557,712,8486,6621
E14000849,North Shropshire,58339,6899,3470,4269,6417,5046,1824,1777,1549,12566,8000
E14000850,North Somerset,53933,4984,2181,5381,7576,1706,404,329,499,19885,6287
E14000851,North Swindon,59651,6133,11226,8576,2614,1635,987,1621,1154,18705,8917
E14000852,North Thanet,56794,5049,5263,5415,4080,1876,607,767,1178,10265,8053
E14000853,North Tyneside,57434,4611,8761,10085,3804,597,290,271,667,14676,6445
E14000854,North Warwickshire,48939,4338,5174,7017,5987,2840,886,427,510,11132,6419
E14000855,North West Cambridgeshire,70911,6042,9264,8251,6789,3896,1595,1438,1712,23298,9620
E14000856,North West Durham,51930,4237,3055,4005,7394,4047,1482,632,621,10076,6418
E14000857,North West Hampshire,55655,6598,4917,4007,5039,3713,1700,1209,1218,21521,8957
E14000858,North West Leicestershire,52744,4923,4986,5269,8516,3455,1329,773,735,14874,7098
E14000859,North West Norfolk,54773,6812,6528,3510,4675,2636,1350,1328,1269,8185,7616
E14000860,North Wiltshire,49816,4001,1866,4543,5676,2653,1475,1496,1146,20355,6851
E14000861,Northampton North,47387,5408,10345,6348,2598,1845,678,588,856,10104,7041
E14000862,Northampton South,53238,7344,11594,6641,3099,2689,802,688,1160,11565,8005
E14000863,Norwich North,47679,5882,8868,5231,2317,1343,932,256,552,11987,7032
E14000864,Norwich South,58642,7866,9353,3761,1838,1271,980,387,981,14957,5887
E14000865,Nottingham East,63551,6146,9970,4093,2410,1445,474,245,1014,12356,5863
E14000866,Nottingham North,58348,5006,8546,8540,2823,1035,385,219,570,7450,6440
E14000867,Nottingham South,72866,6165,8576,4809,2624,1126,483,297,1133,13110,5518
E14000868,Nuneaton,51880,5638,7442,5658,6899,3185,888,404,597,11073,5824
E14000869,Old Bexley and Sidcup,46083,2583,4437,5182,5598,992,349,178,268,16882,7134
E14000870,Oldham East and Saddleworth,64128,5317,7789,6826,4938,1296,475,350,431,9643,7415
E14000871,Oldham West and Royton,68454,6801,8281,6358,4010,903,615,449,433,8653,7068
E14000872,Orpington,49441,2804,3439,3869,4896,2694,322,167,232,18694,6265
E14000873,Oxford East,71539,11587,12521,3475,2788,747,805,471,1074,20576,5872
E14000874,Oxford West and Abingdon,55251,5137,4821,6731,4056,1341,591,428,748,23552,5383
E14000875,Pendle,56134,7013,5656,5008,4699,1723,860,549,344,7461,6310
E14000876,Penistone and Stocksbridge,47259,3377,3524,7436,6773,1791,685,295,421,11389,6065
E14000877,Penrith and The Border,42872,5176,2336,3590,5746,2539,1623,1016,913,11522,7091
E14000878,Peterborough,72586,9006,12103,7876,2274,3419,1030,1011,1253,12004,8586
E14000879,"Plymouth, Moor View",53226,5523,11402,7439,1670,267,315,519,871,7273,6834
E14000880,"Plymouth, Sutton and Devonport",60530,8912,12334,6455,1563,445,372,867,1277,12028,7873
E14000881,Poole,52489,7011,9639,5237,2425,469,411,527,680,13933,7196
E14000882,Poplar and Limehouse,81694,7102,9560,10407,3907,571,336,390,527,44449,8341
E14000883,Portsmouth North,50665,7461,10254,5718,2031,1830,528,366,722,11195,9362
E14000884,Portsmouth South,59550,8989,6732,5629,2463,1930,548,364,1139,13120,7406
E14000885,Preston,54819,7019,9490,4429,3058,1418,514,488,448,8420,5847
E14000886,Pudsey,48898,4365,4241,8741,5169,1041,219,307,348,19077,5450
E14000887,Putney,45395,3304,5477,7382,3321,345,178,126,279,29629,5353
E14000888,Rayleigh and Wickford,51933,3227,3903,6262,3672,1745,1127,1985,401,17432,8398
E14000889,Reading East,59508,8711,7401,4157,2790,2062,739,1030,795,26690,6679
E14000890,Reading West,55073,6171,9122,5044,3905,1962,759,857,734,20525,8244
E14000891,Redcar,51668,3707,5334,6277,5724,713,637,439,786,6108,6019
E14000892,Redditch,47389,5972,9303,3373,4847,3088,589,290,440,11145,6614
E14000893,Reigate,54238,4642,5073,4553,5014,2132,1126,403,285,23161,6840
E14000894,Ribble Valley,51369,5303,5601,7380,6554,2587,1412,855,451,14888,6659
E14000895,Richmond (Yorks),54259,7361,3922,3620,6379,3093,1665,1501,1380,14512,7326
E14000896,Richmond Park,61328,4276,4221,4955,4616,445,241,137,338,36076,4779
E14000897,Rochdale,68708,7140,7589,5877,5453,1799,537,323,437,9265,7259
E14000898,Rochester and Strood,60024,4873,6052,5238,6385,2774,1670,2431,710,15750,10742
E14000899,Rochford and Southend East,57803,6871,6648,4822,2400,1518,760,1714,834,14465,8035
E14000900,Romford,54938,4706,5454,4347,5706,3735,601,272,340,16848,9663
E14000901,Romsey and Southampton North,49625,3304,4561,4768,3991,1703,738,539,785,15717,6195
E14000902,Rossendale and Darwen,52103,4879,5802,6164,7958,2750,730,372,438,11329,6895
E14000903,Rother Valley,53212,3534,4225,7633,8788,1676,426,695,614,10712,7514
E14000904,Rotherham,53118,4387,7141,7013,3531,826,416,412,403,6819,6554
E14000905,Rugby,53487,6402,8596,6480,5774,2764,1229,809,836,16045,6021
E14000906,"Ruislip, Northwood and Pinner",52321,2580,4008,5239,4918,2504,443,231,330,21789,5941
E14000907,Runnymede and Weybridge,57299,4606,5276,5396,4884,1901,847,248,436,23034,7098
E14000908,Rushcliffe,52721,2923,4495,6185,4929,1996,746,372,723,21402,5197
E14000909,Rutland and Melton,56213,6773,3153,4618,6033,3941,1651,1015,942,16493,7224
E14000910,Saffron Walden,59434,3910,3477,4667,6319,3296,2025,2272,742,22881,8823
E14000911,Salford and Eccles,63750,8908,11731,7251,5065,1142,562,586,696,21965,7518
E14000912,Salisbury,50559,6209,5747,3968,4646,1939,1673,1794,1156,15858,6722
E14000913,Scarborough and Whitby,54927,9844,6082,3739,1923,2874,1031,866,1201,7997,6701
E14000914,Scunthorpe,50003,7777,10943,3565,2823,1933,1574,520,601,5559,5319
E14000915,Sedgefield,48028,3279,4111,4763,6869,2945,1071,352,596,8610,5039
E14000916,Sefton Central,46354,2961,2665,5177,6994,1373,476,455,388,12841,5185
E14000917,Selby and Ainsty,53100,4224,2824,4426,8224,4937,1940,1032,895,17317,6891
E14000918,Sevenoaks,51894,2902,2594,3538,5259,2945,1442,329,300,19511,6916
E14000919,Sheffield Central,67727,8454,9077,4621,2475,976,516,625,946,17253,5151
E14000920,Sheffield South East,52397,3742,5437,9967,3981,938,241,456,414,9418,7037
E14000921,"Sheffield, Brightside and Hillsborough",65770,6171,11424,6434,2393,638,312,324,467,8301,6844
E14000922,"Sheffield, Hallam",48558,2688,6246,5654,3128,726,472,368,430,16822,3646
E14000923,"Sheffield, Heeley",51318,3337,8364,8172,2480,770,264,432,389,11454,6060
E14000924,Sherwood,55113,4029,3750,7749,8801,2627,845,497,682,12351,7741
E14000925,Shipley,51570,3652,5716,7508,5388,1204,207,209,296,16072,5600
E14000926,Shrewsbury and Atcham,57056,7361,7703,4082,4748,3648,1168,1313,1213,13740,7654
E14000927,Sittingbourne and Sheppey,66917,6708,6441,4976,6845,2944,1195,1577,1215,13316,10548
E14000928,Skipton and Ripon,52406,6125,2233,4423,6036,2790,1616,1201,928,16078,7199
E14000929,Sleaford and North Hykeham,63492,4495,4369,7237,7123,4880,1656,1377,1519,16189,8438
E14000930,Slough,81717,8947,10278,7532,7028,2956,1379,595,616,19177,11855
E14000931,Solihull,54476,3572,6086,6682,4117,1695,403,232,597,18346,5436
E14000932,Somerton and Frome,58836,5155,2922,5064,8199,2814,1324,1011,807,16535,8726
E14000933,South Basildon and East Thurrock,54039,4237,5879,5586,5846,2233,2102,1087,416,12505,9277
E14000934,South Cambridgeshire,62378,4347,4121,6640,8703,2201,931,888,1067,26936,6293
E14000935,South Derbyshire,53302,4480,5078,8835,7825,2510,1634,1164,744,14903,6732
E14000936,South Dorset,52595,6381,4277,4169,4318,1536,1689,1186,993,9721,6887
E14000937,South East Cambridgeshire,57983,4247,4244,6463,7567,4143,1053,728,893,24209,7391
E14000938,South East Cornwall,51140,4663,2508,4201,4593,2078,923,1198,1939,10809,7308
E14000939,South Holland and The Deepings,57380,6516,6788,4455,8791,4128,1531,826,1155,10036,7875
E14000940,South Leicestershire,54400,3957,5787,8425,7238,2229,1022,921,651,17399,8328
E14000941,South Norfolk,58441,3655,3683,6885,7403,3481,1704,818,804,17049,8271
E14000942,South Northamptonshire,59520,4989,5753,6319,7881,4601,1914,1192,1300,24549,8521
E14000943,South Ribble,52046,4212,5760,7042,5728,1880,957,505,422,14075,6624
E14000944,South Shields,47469,4288,5409,4759,4383,592,106,238,515,7399,5239
E14000945,South Staffordshire,51874,2688,3921,7589,6360,2499,711,518,498,11899,6819
E14000946,South Suffolk,51767,4512,2838,3826,6110,3247,1203,715,928,13811,7615
E14000947,South Swindon,55893,6878,11403,6827,1968,1592,895,1299,1035,17317,7085
E14000948,South Thanet,57575,5526,7063,4118,2555,2275,504,538,1228,10831,7412
E14000949,South West Bedfordshire,56760,7356,4973,3969,6642,3718,1732,2085,573,17650,9524
E14000950,South West Devon,49150,4079,5281,9130,4068,1228,635,686,847,11891,6651
E14000951,South West Hertfordshire,56125,3945,3786,4693,4952,2635,1145,755,358,25000,7274
E14000952,South West Norfolk,59308,6191,2860,4176,8723,4316,2063,2068,1199,10926,8605
E14000953,South West Surrey,56312,4091,3362,3320,5321,1478,864,1455,477,25220,6395
E14000954,South West Wiltshire,53735,6572,4177,5041,6245,2147,2030,1128,899,14985,7770
E14000955,"Southampton, Itchen",56445,6131,9630,8137,2890,1043,554,531,763,13922,10012
E14000956,"Southampton, Test",57372,10789,9622,5240,2704,1003,791,531,807,12950,8723
E14000957,Southend West,48438,5833,6070,2924,1973,1181,602,1916,389,15816,6481
E14000958,Southport,52107,6204,6029,2730,3981,3664,850,390,375,10467,6184
E14000959,Spelthorne,51417,3674,6305,7864,4518,1942,408,221,310,18497,7799
E14000960,St Albans,51247,4447,4178,4069,3660,2413,1112,315,291,26644,5446
E14000961,St Austell and Newquay,58672,6258,4502,4847,6180,3626,1201,1292,892,11084,9171
E14000962,St Helens North,55159,4182,6695,7269,5913,2224,844,207,417,10503,6756
E14000963,St Helens South and Whiston,57623,6007,7641,6955,7223,1013,780,219,441,10668,6866
E14000964,St Ives,48181,5516,3271,2736,4068,1897,932,861,1717,9278,6851
E14000965,Stafford,51522,6106,6457,3725,4668,4121,1299,735,766,13691,6157
E14000966,Staffordshire Moorlands,40408,3690,2365,5405,6460,1781,657,719,465,9142,5516
E14000967,Stalybridge and Hyde,52109,4430,7187,6609,6255,992,350,352,388,11860,6823
E14000968,Stevenage,49325,5720,7762,3109,4913,2204,1573,1401,340,15295,8329
E14000969,Stockport,46587,4906,7187,6577,3572,525,221,295,317,14687,5418
E14000970,Stockton North,54046,5048,7204,7272,3954,836,557,514,698,7251,5659
E14000971,Stockton South,56106,4366,6865,8731,5989,1249,540,694,865,11558,6595
E14000972,Stoke-on-Trent Central,49863,6847,9484,5784,2030,1282,283,514,571,5878,5635
E14000973,Stoke-on-Trent North,56003,4742,8569,9868,4162,1398,388,503,612,6620,6649
E14000974,Stoke-on-Trent South,50677,4902,8142,8123,3685,1279,434,601,525,6470,5905
E14000975,Stone,45374,2929,2000,5475,8595,1914,1088,710,596,12260,5562
E14000976,Stourbridge,49034,4697,7348,5430,5595,1160,311,264,403,9821,6296
E14000977,Stratford-on-Avon,50247,4709,2258,3508,6006,3049,1515,764,645,18584,5941
E14000978,Streatham,49424,2979,6094,11680,4052,535,240,156,346,34916,8091
E14000979,Stretford and Urmston,53859,4619,7443,7640,4006,641,302,304,405,16706,5844
E14000980,Stroud,54047,5198,5013,6319,6140,2393,1259,605,607,18441,7873
E14000981,Suffolk Coastal,58309,5914,3500,3548,6104,1874,1287,1334,1228,12919,6991
E14000982,Sunderland Central,56607,6077,7080,5234,5059,881,438,229,538,9729,5541
E14000983,Surrey Heath,54814,4308,4977,5848,5921,2675,1025,1016,524,22401,7397
E14000984,Sutton and Cheam,52223,4823,5892,6396,5366,981,259,164,279,20282,8291
E14000985,Sutton Coldfield,51498,2912,4557,6116,7095,1190,433,380,508,17054,4942
E14000986,Tamworth,50815,5089,7551,4278,6837,3597,977,433,591,11304,6473
E14000987,Tatton,47026,3087,2823,3817,5129,2513,1001,446,458,18365,4588
E14000988,Taunton Deane,63537,9800,7842,5092,5927,2604,1493,991,1182,15442,8596
E14000989,Telford,55095,5423,10265,6668,2466,2692,945,784,700,10529,6346
E14000990,Tewkesbury,56865,5431,6473,7496,5938,1668,674,867,835,18120,7205
E14000991,The Cotswolds,53891,5171,2263,3392,5456,3550,1560,899,963,19729,7166
E14000992,The Wrekin,53773,5154,5700,6601,5544,2523,1265,904,973,13510,6070
E14000993,Thirsk and Malton,54129,5681,2513,3583,6870,3254,2083,1378,1059,13940,7216
E14000994,Thornbury and Yate,46810,4721,2818,4675,7906,1388,453,427,498,16673,6448
E14000995,Thurrock,67121,6453,9068,5506,7415,5174,2261,568,550,15493,11821
E14000996,Tiverton and Honiton,56929,6702,2658,4190,5923,4320,1373,805,876,13807,8133
E14000997,Tonbridge and Malling,55835,3889,3146,4901,5652,2348,1444,1555,391,20794,7448
E14000998,Tooting,44943,4306,4679,7741,3982,413,159,141,282,35140,5499
E14000999,Torbay,58582,9117,6837,5767,2257,1309,642,410,591,9174,8248
E14001000,Torridge and West Devon,57707,5067,2945,3803,7188,2321,895,1088,1002,12481,8066
E14001001,Totnes,50620,4605,2837,4910,3543,1403,1171,319,570,10896,7195
E14001002,Tottenham,72126,5539,6639,12288,6988,1008,296,249,576,21166,12761
E14001003,Truro and Falmouth,54562,6630,4618,3490,5887,1818,996,534,1308,12777,6879
E14001004,Tunbridge Wells,53659,5642,5080,3772,3654,1658,1133,1630,413,21955,6832
E14001005,Twickenham,58912,4079,5259,4735,4795,908,246,158,275,32745,5659
E14001006,Tynemouth,54268,5056,6393,5696,6940,529,207,317,552,16062,5307
E14001007,Uxbridge and South Ruislip,58713,4766,5505,6983,6101,2656,416,244,413,18194,8284
E14001008,Vauxhall,50019,4663,10611,8857,2533,447,200,202,443,36824,7306
E14001009,Wakefield,54502,5479,6692,6325,7461,1162,525,292,447,11085,6880
E14001010,Wallasey,49918,4477,6266,6426,3522,1486,234,349,416,9603,5745
E14001011,Walsall North,59627,5193,8674,6994,4750,1252,376,367,440,5900,6846
E14001012,Walsall South,63794,5782,6756,6989,5490,1092,491,442,604,8016,6595
E14001013,Walthamstow,59553,4345,5285,8260,7142,867,351,204,429,25578,10403
E14001014,Wansbeck,47578,4053,3539,4878,5211,3053,516,291,698,8294,5178
E14001015,Wantage,62156,6143,4523,5724,8798,4577,1165,761,1039,27873,8588
E14001016,Warley,61853,4173,8446,8045,3528,770,511,496,667,8344,6495
E14001017,Warrington North,50691,4987,8681,5601,4264,2293,706,189,397,12923,6230
E14001018,Warrington South,57092,5077,8530,6682,4877,3669,1053,317,555,19724,6437
E14001019,Warwick and Leamington,52670,7115,6500,2956,4671,1944,733,487,655,23395,4881
E14001020,Washington and Sunderland West,49807,4805,7301,6501,3950,406,302,209,396,8306,5056
E14001021,Watford,62703,8531,6976,5601,5775,4112,740,422,400,23009,10281
E14001022,Waveney,60351,6667,5924,3382,4990,1744,1749,1506,1130,8375,7635
E14001023,Wealden,57636,4453,2324,3917,6912,3306,1265,964,600,18610,8885
E14001024,Weaver Vale,48646,4185,4916,4107,5609,3350,1272,320,492,14725,5249
E14001025,Wellingborough,58707,7169,6605,6154,8699,4149,1143,736,1054,13084,8317
E14001026,Wells,58035,7039,3550,4217,6436,3400,1552,552,666,14033,8053
E14001027,Welwyn Hatfield,58733,6847,5533,4818,5907,2703,1402,439,410,19767,7634
E14001028,Wentworth and Dearne,55630,4267,5963,7484,7724,1215,644,406,606,9074,7601
E14001029,West Bromwich East,56874,4189,7411,8622,3842,676,502,447,601,7308,5954
E14001030,West Bromwich West,58986,5407,8839,7962,4132,1018,354,369,560,7202,6549
E14001031,West Dorset,57344,6731,2958,3407,3944,2762,1526,1378,1175,12750,7026
E14001032,West Ham,93408,6673,10245,13639,11073,1423,638,421,900,29003,16661
E14001033,West Lancashire,55046,5571,5027,5549,7141,2797,740,492,497,11198,6379
E14001034,West Suffolk,60755,8490,4318,5095,8583,6880,1846,1429,1150,13769,9944
E14001035,West Worcestershire,53938,4232,3288,4145,5802,2465,1061,846,669,15288,6489
E14001036,Westminster North,57748,4764,8002,4546,1565,278,117,117,326,28949,5371
E14001037,Westmorland and Lonsdale,43820,6733,3516,2880,5221,2034,1187,602,845,11034,6548
E14001038,Weston-Super-Mare,60093,7402,7399,3726,5458,4826,1802,494,679,13581,8105
E14001039,Wigan,56184,7108,7624,5847,5851,2743,852,202,499,10267,7715
E14001040,Wimbledon,46882,3330,3877,4947,5210,503,216,106,255,30759,5131
E14001041,Winchester,54782,5650,3548,3484,3680,2125,1180,698,1028,20886,5210
E14001042,Windsor,54035,4006,4444,5228,5486,1975,1032,510,425,25535,6689
E14001043,Wirral South,39679,2565,3948,6436,4506,645,353,339,344,9991,3757
E14001044,Wirral West,38902,2564,3136,5117,3905,1203,257,293,427,9357,3756
E14001045,Witham,49661,3844,2789,4736,5992,2583,1280,1475,1077,15118,7876
E14001046,Witney,55311,7316,2897,6157,7387,3571,1028,551,966,20629,8424
E14001047,Woking,54726,5002,5025,5834,4097,1541,1445,542,402,25486,7521
E14001048,Wokingham,58367,3621,5174,6353,4596,2083,833,958,532,31015,6503
E14001049,Wolverhampton North East,53503,5602,8732,5393,3904,2335,389,348,597,6020,5816
E14001050,Wolverhampton South East,56854,5103,8487,7400,3735,1689,362,337,576,6246,6150
E14001051,Wolverhampton South West,49579,3446,6306,5332,3835,2543,477,507,545,9734,5255
E14001052,Worcester,52243,9031,9421,3182,4021,2412,1865,643,634,13607,6810
E14001053,Workington,42791,4583,3167,3276,4566,4142,1315,1208,538,8283,4967
E14001054,Worsley and Eccles South,58225,4965,6064,8450,6573,1297,466,317,474,14033,6889
E14001055,Worthing West,56515,6332,7241,3287,3856,2041,592,544,638,13981,7020
E14001056,Wycombe,58069,6268,6144,4486,4533,3198,1684,1471,390,20295,8483
E14001057,Wyre and Preston North,51744,4792,6696,4996,4909,2151,608,608,534,13897,6061
E14001058,Wyre Forest,55818,6084,6223,4170,5399,3833,937,530,496,10559,7560
E14001059,Wythenshawe and Sale East,61497,5933,8813,8046,3730,840,258,345,460,15299,6360
E14001060,Yeovil,59825,10626,6401,4882,5853,3259,1286,847,969,12191,7689
E14001061,York Central,52878,10455,9888,2319,1593,1064,1082,803,800,17821,5989
E14001062,York Outer,53745,3979,7500,5289,2113,1181,1032,983,692,16338,5279
W07000041,Ynys MÃ´n,39676,3427,2483,3145,3941,2312,1024,506,1138,6573,4653
W07000042,Delyn,38184,3095,2357,4467,6634,2610,707,430,619,7214,4276
W07000043,Alyn and Deeside,42958,3424,6418,7503,6327,1681,932,574,691,9053,4805
W07000044,Wrexham,39502,5170,7235,4125,3384,1390,594,448,459,5774,3748
W07000045,Llanelli,47231,5092,4035,3230,6894,2560,384,605,918,6564,4853
W07000046,Gower,43504,2382,3275,7531,4535,876,494,393,692,9951,4425
W07000047,Swansea West,47950,4275,5444,4841,1902,375,436,424,621,8413,3735
W07000048,Swansea East,46424,4918,8946,5348,2420,544,501,477,515,7131,4794
W07000049,Aberavon,41118,3355,4476,4118,4201,1131,384,607,434,5803,3743
W07000050,Cardiff Central,55206,5615,7006,2627,2044,808,487,421,736,13382,3875
W07000051,Cardiff North,48077,4256,6049,5731,2543,1127,428,460,558,16799,4316
W07000052,Rhondda,40019,2993,2925,3871,5351,2431,736,129,440,4496,4780
W07000053,Torfaen,46206,4404,4950,5430,5117,1913,666,428,500,7919,5105
W07000054,Monmouth,46423,4563,2085,2730,4412,3170,1606,839,812,13174,5227
W07000055,Newport East,45034,4571,5709,4680,4087,3239,786,484,564,9909,4851
W07000056,Newport West,50888,4415,6445,5203,4568,1925,959,355,598,13143,4732
W07000057,Arfon,33429,3760,2265,3614,3372,1466,773,603,937,5877,3771
W07000058,Aberconwy,31527,3563,3063,2196,2099,2010,477,492,709,5945,3787
W07000059,Clwyd West,42656,3116,2963,4141,4487,1782,908,919,672,7681,4879
W07000060,Vale of Clwyd,42737,4673,3298,4953,3055,2023,1201,680,669,5504,4210
W07000061,Dwyfor Meirionnydd,32146,3434,1542,2035,2647,1681,1004,1000,1005,6382,4649
W07000062,Clwyd South,37879,2659,3990,6235,4975,1955,913,671,562,6354,4576
W07000063,Montgomeryshire,33477,4104,1775,2123,3407,2028,991,947,1507,8492,4896
W07000064,Ceredigion,41356,4011,1842,2670,2565,1549,992,992,1165,9524,4809
W07000065,Preseli Pembrokeshire,43874,4454,2815,4030,4652,1879,714,592,950,7876,5796
W07000066,Carmarthen West and South Pembrokeshire,44026,4765,2975,2840,4572,2104,1110,750,838,8223,5417
W07000067,Carmarthen East and Dinefwr,41410,2468,2121,2698,5527,2703,981,841,916,8759,5214
W07000068,Brecon and Radnorshire,37966,3944,1364,1889,2909,1982,1084,1341,1487,10206,5251
W07000069,Neath,41982,2833,2136,5338,5853,2058,569,602,497,6660,4387
W07000070,Cynon Valley,41154,2844,2765,4409,4291,2774,1174,246,451,5608,4908
W07000071,Merthyr Tydfil and Rhymney,42575,4353,4539,3835,3998,2498,1145,316,441,5585,5183
W07000072,Blaenau Gwent,38105,3488,4271,3603,5359,2106,852,618,437,4036,4030
W07000073,Bridgend,47655,5442,4918,3804,3690,3020,1377,456,614,9723,5058
W07000074,Ogmore,42799,2536,3560,5439,6796,2418,1034,241,429,6872,4952
W07000075,Pontypridd,44138,2797,3982,4952,7223,1697,308,381,475,10238,5316
W07000076,Caerphilly,47940,3864,4275,5153,6606,1697,251,345,405,10079,5336
W07000077,Islwyn,41202,3566,4108,4570,6291,1413,456,357,392,7475,4535
W07000078,Vale of Glamorgan,56215,4832,3896,6356,6458,2096,588,494,620,14923,6123
W07000079,Cardiff West,52236,4235,7209,6027,2378,1188,333,442,483,15359,5158
W07000080,Cardiff South and Penarth,62159,7219,7873,7131,2675,1182,693,448,587,17787,6287
