PCON10CD,2000,2001,2002,2003,2004,2005,2006,2007,2008,2009,2010,2011,2012,2013,2014,2015,2016,2017,2018,2019,2020,2021
E14000530,423,364,391,301,307,258,277,252,214,233,238,237,211,220,228,220,221,192,162,155,115,124
E14000531,213,205,182,147,170,148,149,194,126,139,100,90,68,63,101,85,90,88,97,82,79,86
E14000532,279,222,238,212,157,190,159,149,161,131,127,109,104,83,83,84,58,83,73,82,47,74
E14000533,317,312,303,266,258,294,275,308,249,240,225,237,210,182,184,167,155,141,146,151,108,144
E14000534,456,497,464,455,430,409,410,440,391,355,289,302,301,321,335,343,354,334,299,315,271,256
E14000535,371,340,329,336,270,343,370,360,318,307,312,268,288,261,261,240,217,210,218,226,153,165
E14000536,450,436,461,468,445,428,434,416,424,398,375,336,352,359,336,324,305,296,296,302,229,242
E14000537,406,350,332,300,338,279,259,225,204,193,172,172,158,115,128,99,112,146,135,127,87,83
E14000538,314,334,317,313,293,292,291,289,253,246,223,221,220,200,210,187,176,133,151,155,107,116
E14000539,434,405,388,413,345,390,406,387,342,323,323,334,261,297,319,282,291,243,212,208,142,151
E14000540,521,475,428,385,427,379,359,297,318,282,315,336,292,295,349,351,359,433,394,432,314,331
E14000541,299,321,301,356,296,301,237,257,233,213,195,208,194,158,214,166,189,165,159,150,108,114
E14000542,233,274,270,251,245,243,223,247,250,223,198,193,164,185,216,201,213,198,164,150,139,148
E14000543,254,269,263,294,302,285,274,261,251,220,202,168,175,157,218,192,197,193,199,165,117,108
E14000544,326,304,351,299,302,269,259,258,215,207,183,177,219,198,236,197,192,170,118,124,102,106
E14000545,324,300,310,285,237,234,238,265,182,166,192,199,175,171,203,197,189,151,172,169,110,145
E14000546,427,411,431,398,389,395,395,393,306,312,337,268,262,246,230,255,231,228,207,214,178,183
E14000547,167,191,187,193,193,238,197,199,167,178,159,164,140,134,127,136,112,97,110,121,70,77
E14000548,432,413,362,377,375,369,366,367,350,323,283,285,273,219,218,258,213,205,195,153,125,196
E14000549,555,545,522,426,442,367,354,300,293,342,382,363,430,350,451,404,399,424,408,401,409,469
E14000550,558,590,553,527,501,491,497,506,442,392,398,382,375,331,312,304,267,215,243,213,160,177
E14000551,269,299,338,234,280,234,217,206,206,198,209,217,187,174,206,211,204,220,215,207,165,198
E14000552,313,305,276,258,255,257,240,257,270,233,263,269,263,212,261,273,228,267,225,245,168,142
E14000553,766,794,698,704,557,485,549,426,496,468,494,517,491,448,495,484,502,539,631,585,451,478
E14000554,275,271,289,308,308,274,278,231,240,240,214,216,200,164,173,161,157,146,151,113,102,119
E14000555,576,622,483,447,438,408,383,425,472,431,466,494,552,480,538,561,566,604,586,611,476,644
E14000556,318,333,332,307,313,286,255,247,235,226,248,251,240,245,213,218,206,218,156,189,146,170
E14000557,384,351,391,342,366,360,341,338,343,318,311,232,252,265,316,307,276,275,289,288,228,219
E14000558,297,290,294,252,217,224,211,178,197,195,193,181,168,173,164,168,189,193,185,190,165,171
E14000559,499,419,409,406,365,384,315,233,250,238,192,239,197,183,194,160,175,168,158,140,151,142
E14000560,449,418,425,376,338,343,306,306,295,289,267,242,205,228,259,263,245,219,221,241,159,174
E14000561,362,349,424,330,374,354,339,317,293,266,258,238,201,199,218,254,231,265,272,227,186,167
E14000562,485,470,446,492,397,432,441,452,463,402,368,287,218,300,263,335,295,307,264,262,183,238
E14000563,430,413,454,477,431,409,410,404,371,359,299,261,224,227,287,286,281,295,266,267,183,211
E14000564,1015,1162,1126,1106,986,977,904,923,879,806,608,534,471,560,646,737,678,650,674,690,430,579
E14000565,306,290,294,269,269,258,224,210,182,187,173,175,182,165,147,209,184,181,159,151,121,109
E14000566,392,465,422,366,369,370,336,354,304,272,238,216,180,226,249,274,252,246,228,230,156,218
E14000567,329,306,325,280,258,265,238,268,199,210,208,183,194,173,151,191,208,173,161,191,119,131
E14000568,461,431,408,395,364,423,395,379,352,341,302,233,201,244,284,276,269,241,255,248,173,215
E14000569,264,295,297,292,281,300,264,246,222,260,208,207,186,182,181,151,162,149,137,102,86,95
E14000570,412,439,417,370,390,374,389,341,387,360,297,296,340,322,304,299,326,260,279,252,207,256
E14000571,448,459,442,436,468,438,364,349,341,339,280,266,211,187,232,174,162,251,209,221,137,151
E14000572,297,308,285,244,251,245,270,240,230,253,255,211,223,190,192,181,193,201,185,168,119,154
E14000573,383,418,398,341,316,293,310,334,324,342,303,274,280,279,256,238,258,234,207,206,160,210
E14000574,403,368,356,361,335,344,347,316,314,297,287,235,204,203,193,230,179,171,164,164,90,114
E14000575,222,230,250,259,273,282,220,235,250,207,189,199,191,175,171,186,163,134,116,144,91,83
E14000576,236,245,240,230,239,244,220,212,193,191,193,155,168,162,191,183,169,140,184,167,156,151
E14000577,513,473,492,454,501,488,455,421,375,327,317,311,304,273,258,244,191,153,158,167,171,190
E14000578,429,402,377,335,343,345,316,266,237,198,177,174,165,140,137,129,123,157,137,116,84,109
E14000579,589,544,469,489,432,430,398,386,340,290,240,221,198,169,202,158,157,212,198,188,132,155
E14000580,378,340,303,343,306,318,280,255,230,189,178,155,138,129,127,101,93,127,112,92,86,92
E14000581,471,386,383,400,351,323,268,274,225,206,215,220,193,151,198,163,162,158,157,134,103,131
E14000582,400,427,471,440,450,428,416,418,343,367,406,385,393,398,325,325,307,291,308,339,205,265
E14000583,400,387,367,296,322,309,296,283,260,229,190,198,198,183,224,189,181,114,124,106,100,79
E14000584,380,342,386,341,308,331,291,293,287,268,240,261,232,233,247,228,190,213,158,163,161,166
E14000585,445,484,512,417,421,426,349,397,341,326,320,353,332,342,330,303,268,268,212,187,177,215
E14000586,286,299,265,236,219,220,209,236,193,197,183,170,161,160,147,172,143,100,85,105,88,99
E14000587,607,589,601,507,467,437,424,410,355,373,373,328,328,289,313,341,273,276,277,217,193,293
E14000588,432,400,388,369,343,281,316,297,285,239,238,194,218,186,207,204,203,163,154,148,131,193
E14000589,686,654,721,666,657,547,563,482,471,481,407,379,394,361,365,367,348,301,269,217,191,287
E14000590,295,326,275,298,276,260,254,239,174,184,160,175,168,133,193,210,164,126,122,140,126,142
E14000591,669,541,562,579,506,484,386,345,319,374,398,386,425,417,478,466,484,500,452,435,437,442
E14000592,496,532,490,448,424,385,339,280,274,273,299,305,325,301,351,391,343,400,375,338,288,304
E14000593,608,560,538,483,420,379,390,352,341,368,399,397,357,387,427,402,442,446,390,360,275,342
E14000594,496,483,445,435,412,373,413,391,297,298,318,282,273,269,270,274,253,249,255,221,224,220
E14000595,361,382,371,371,360,398,401,407,326,336,277,257,245,272,271,236,232,248,203,217,128,164
E14000596,314,330,300,358,348,314,255,279,279,259,269,239,245,254,278,212,218,210,203,161,140,160
E14000597,300,283,281,277,284,272,259,267,236,233,229,235,220,211,221,258,227,206,194,200,150,183
E14000598,494,532,476,502,469,486,460,494,455,400,413,417,352,324,358,331,356,306,300,309,238,271
E14000599,300,276,277,263,298,268,312,296,205,224,179,180,218,180,220,177,189,164,171,195,137,162
E14000600,298,331,333,320,298,287,301,302,223,248,215,207,198,181,200,181,196,159,166,156,129,163
E14000601,326,320,347,308,313,380,302,325,221,253,241,191,234,201,221,207,222,161,188,189,122,136
E14000602,603,622,619,586,563,561,551,522,457,457,452,459,424,374,382,371,414,364,421,427,258,374
E14000603,299,354,295,297,329,321,242,285,270,242,216,239,204,229,232,193,213,212,216,216,168,170
E14000604,322,321,334,289,277,255,259,201,203,207,217,213,220,226,223,229,251,270,234,215,157,180
E14000605,313,317,305,279,255,248,245,248,250,250,233,270,196,200,170,191,198,169,153,145,131,173
E14000606,348,249,306,288,298,284,255,296,192,208,219,224,216,180,231,217,230,178,157,154,116,126
E14000607,375,363,273,290,284,267,274,312,235,253,200,227,230,212,234,200,200,163,162,138,128,128
E14000608,425,443,405,379,392,388,419,337,282,307,259,250,243,224,256,220,223,179,194,163,139,123
E14000609,323,427,412,326,413,372,347,331,318,279,237,228,241,211,235,250,181,178,202,194,113,152
E14000610,428,413,452,434,417,402,415,389,350,323,325,303,311,283,305,313,284,173,132,151,78,75
E14000611,354,362,365,357,313,299,283,273,242,221,153,152,150,126,107,78,103,120,101,108,67,91
E14000612,496,432,372,386,390,339,321,269,248,243,193,186,176,139,131,101,80,131,121,141,100,138
E14000613,360,326,315,343,310,308,297,293,279,266,286,264,251,220,202,199,197,186,203,190,129,146
E14000614,447,388,366,415,378,308,304,296,275,260,233,235,218,189,202,215,211,153,152,150,96,175
E14000615,563,592,548,538,403,393,387,382,404,395,375,350,355,326,415,326,396,453,424,419,344,390
E14000616,310,318,279,304,301,270,260,268,207,211,232,186,204,189,217,190,186,204,189,197,143,136
E14000617,542,482,475,447,489,447,458,394,384,411,376,354,359,321,359,320,357,309,281,303,188,222
E14000618,314,303,300,319,273,284,290,293,244,241,222,213,245,209,222,207,171,138,97,111,82,77
E14000619,370,371,315,327,373,348,305,318,317,312,324,297,287,286,329,279,266,283,286,258,219,224
E14000620,230,226,252,256,303,317,212,255,207,220,183,201,189,188,223,187,194,198,209,166,110,114
E14000621,319,336,267,279,258,253,249,233,244,179,183,205,196,183,176,169,176,216,215,214,166,190
E14000622,323,298,286,276,263,275,250,244,204,223,133,158,173,156,172,169,169,133,120,89,87,102
E14000623,354,403,345,358,355,371,370,367,280,267,266,268,269,245,256,216,228,218,212,220,165,175
E14000624,266,269,252,291,299,266,232,256,260,231,227,220,221,217,232,198,202,208,197,168,120,133
E14000625,291,281,274,259,254,258,258,199,191,197,209,176,187,187,179,181,161,111,123,98,95,90
E14000626,283,291,273,257,299,251,282,275,267,263,255,226,244,230,286,260,290,271,223,226,165,186
E14000627,301,259,254,268,238,221,185,186,167,153,130,125,112,92,77,62,61,74,86,79,58,67
E14000628,315,288,279,282,322,290,319,273,244,223,237,245,215,198,202,199,177,165,175,153,126,146
E14000629,634,581,499,466,462,461,444,438,430,430,433,450,415,379,457,439,435,458,417,409,374,416
E14000630,299,338,293,260,289,257,235,200,173,155,136,176,156,113,121,119,102,110,125,103,93,86
E14000631,270,278,257,238,244,247,239,200,190,198,157,141,156,135,138,119,118,112,112,106,77,77
E14000632,351,346,330,339,336,319,269,266,294,259,240,233,219,187,178,175,166,132,123,128,97,133
E14000633,488,445,433,424,438,428,394,374,298,322,270,315,284,285,303,304,306,280,284,281,253,265
E14000634,334,273,256,250,225,228,212,200,220,179,213,208,190,172,208,191,186,192,204,214,175,164
E14000635,239,253,195,206,200,181,187,146,136,139,117,144,152,168,182,179,162,105,136,143,111,138
E14000636,373,360,321,330,307,296,249,256,219,227,271,252,258,230,195,238,212,240,237,193,161,221
E14000637,309,327,380,320,361,387,331,314,315,272,297,265,256,265,255,215,247,208,221,196,160,186
E14000638,370,345,333,296,328,312,315,284,271,240,236,194,218,202,219,201,170,197,144,127,133,143
E14000639,2424,2272,2035,1909,1777,1524,1588,1487,1422,1334,1421,1489,1557,1477,1576,1514,1510,1596,1396,1436,804,931
E14000640,443,436,413,431,380,374,329,298,311,286,301,303,262,239,249,237,226,186,201,170,142,152
E14000641,334,304,312,315,256,254,248,256,270,293,218,236,201,201,232,194,151,190,151,139,91,104
E14000642,278,302,290,300,287,238,246,212,198,200,188,185,187,201,163,171,146,161,164,139,119,131
E14000643,363,322,354,306,294,250,330,303,321,270,237,267,259,238,263,209,201,200,193,224,174,168
E14000644,411,375,349,345,345,368,285,298,254,251,228,260,236,233,251,271,238,172,229,213,166,205
E14000645,314,299,292,301,257,254,257,277,262,209,245,206,200,192,165,176,167,151,148,122,108,130
E14000646,385,366,346,358,367,327,312,267,269,278,235,219,243,223,237,210,187,156,164,107,89,130
E14000647,294,270,279,311,305,305,280,267,255,234,196,185,218,208,257,212,224,215,207,178,113,118
E14000648,270,256,273,273,274,262,227,239,239,234,199,156,165,142,153,164,160,146,133,143,128,138
E14000649,430,474,454,397,348,375,329,330,295,275,215,239,216,212,225,263,279,260,249,213,178,173
E14000650,297,298,283,286,252,245,259,246,214,177,173,167,165,149,152,177,179,154,151,146,86,116
E14000651,482,371,425,372,332,314,339,299,305,248,213,233,217,217,234,245,208,226,208,213,131,131
E14000652,420,358,325,334,280,307,303,265,252,256,238,221,245,239,270,302,278,287,290,301,203,186
E14000653,456,419,409,427,432,416,340,323,302,341,298,296,297,286,270,212,211,213,191,182,147,171
E14000654,432,397,382,366,350,357,300,299,267,252,253,268,267,240,269,227,231,287,267,301,253,272
E14000655,539,507,449,430,433,418,375,363,372,363,372,405,384,385,442,418,423,401,388,408,431,467
E14000656,444,384,391,351,372,374,313,270,294,291,300,293,300,270,270,255,252,258,246,247,208,228
E14000657,397,386,328,320,319,261,298,263,271,220,245,244,263,232,262,250,285,298,272,273,224,259
E14000658,273,250,267,244,233,236,251,204,203,225,182,174,167,164,169,155,162,166,149,122,84,91
E14000659,541,514,515,466,500,459,451,437,418,424,459,423,406,415,464,431,441,412,386,326,274,316
E14000660,431,354,382,389,392,358,353,305,339,296,255,221,233,250,246,249,218,210,174,172,143,182
E14000661,340,274,278,236,257,215,214,214,175,154,127,137,112,99,108,92,76,112,93,97,62,95
E14000662,303,328,333,301,303,270,277,283,307,325,317,314,270,244,221,222,212,173,165,173,143,178
E14000663,389,411,402,401,408,373,365,411,417,409,411,426,324,323,376,304,280,249,271,247,228,294
E14000664,395,378,431,362,365,353,362,406,302,320,228,253,243,247,229,208,170,149,157,178,162,179
E14000665,324,344,295,293,286,279,258,213,201,179,173,199,235,190,237,199,221,200,189,200,136,156
E14000666,389,356,346,358,309,347,324,300,272,255,246,209,240,203,201,208,200,138,146,121,114,146
E14000667,325,373,343,379,312,346,310,323,313,332,303,252,247,231,253,257,222,196,161,209,154,177
E14000668,459,492,481,453,482,458,483,454,450,382,388,409,344,317,336,347,322,272,238,246,226,219
E14000669,332,340,378,316,354,347,311,298,292,284,255,281,264,248,237,251,251,216,187,191,164,177
E14000670,278,324,305,267,240,302,285,265,246,265,236,229,246,259,214,215,263,223,225,181,143,196
E14000671,297,257,283,240,224,261,234,237,240,201,150,121,129,112,144,125,166,129,132,123,88,118
E14000672,350,284,317,267,231,255,235,219,217,178,177,130,114,127,139,123,155,120,135,113,85,109
E14000673,539,502,493,465,371,363,331,310,341,332,316,314,265,306,343,342,332,367,365,339,309,357
E14000674,678,661,610,545,444,434,374,349,302,371,369,323,364,398,380,397,388,436,421,438,359,406
E14000675,467,481,466,462,386,381,328,321,305,324,286,278,344,315,399,370,399,344,315,328,312,298
E14000676,397,446,422,390,349,291,281,251,207,204,220,224,220,232,272,252,245,245,210,215,150,209
E14000677,265,252,272,234,220,226,210,206,195,216,193,177,169,160,127,131,143,131,132,108,85,87
E14000678,267,297,259,313,307,340,321,315,251,248,207,247,218,194,191,222,171,188,205,205,145,149
E14000679,552,505,469,397,383,399,414,370,430,352,361,357,342,339,368,401,406,411,403,421,348,415
E14000680,348,382,366,308,281,245,244,259,228,212,236,214,197,212,210,201,212,205,186,184,133,157
E14000681,609,593,527,468,510,502,500,405,411,495,426,433,394,392,418,453,433,414,361,355,238,249
E14000682,340,301,322,298,301,281,276,269,248,251,204,238,245,228,287,264,234,225,240,238,170,193
E14000683,316,335,357,365,299,268,275,245,285,240,222,272,255,248,277,246,225,190,231,207,150,147
E14000684,311,294,338,350,328,298,309,303,279,261,208,206,239,213,245,260,239,224,196,197,150,189
E14000685,393,370,332,364,361,336,344,363,320,296,281,254,298,251,256,245,246,266,224,211,153,180
E14000686,436,470,457,477,443,396,389,363,324,318,299,263,245,227,264,215,233,230,222,179,131,167
E14000687,469,418,469,442,404,301,285,266,259,270,329,338,314,287,319,292,302,384,311,373,328,348
E14000688,350,336,292,373,361,304,269,261,251,262,214,223,228,187,222,186,205,169,166,144,101,133
E14000689,351,376,315,351,324,290,238,296,248,266,213,224,171,173,193,225,210,171,150,174,113,176
E14000690,353,369,373,367,315,312,270,262,267,262,231,271,221,176,231,213,203,260,221,218,198,208
E14000691,495,485,452,396,360,354,274,255,215,240,227,256,258,265,240,232,258,299,317,313,278,282
E14000692,507,434,446,347,327,310,254,260,187,235,271,242,223,206,226,256,206,238,258,260,255,275
E14000693,465,422,401,399,387,366,362,328,324,291,317,295,256,270,326,264,288,273,234,220,181,233
E14000694,343,328,300,297,328,300,279,256,228,244,200,236,256,222,249,248,231,229,211,212,147,184
E14000695,295,283,294,274,251,260,219,206,232,242,202,209,201,153,190,165,142,123,134,134,118,113
E14000696,269,299,291,258,247,205,201,178,199,183,193,182,146,135,178,171,171,229,179,206,188,185
E14000697,278,396,357,308,343,363,346,353,357,314,332,281,321,314,311,360,313,307,284,244,211,213
E14000698,329,344,284,276,268,349,329,298,277,253,222,229,243,216,200,225,184,185,175,180,117,125
E14000699,381,336,349,341,289,223,269,274,220,196,252,268,237,213,251,218,230,225,179,167,160,163
E14000700,381,391,388,393,439,362,360,381,393,351,310,352,339,336,373,302,347,350,327,310,232,237
E14000701,612,635,564,532,465,449,401,394,401,362,370,395,375,368,467,441,433,416,394,388,328,309
E14000702,387,375,358,339,395,359,347,342,280,285,267,211,234,216,198,187,188,155,205,219,141,166
E14000703,529,492,543,494,449,389,395,392,323,380,442,403,349,350,348,348,361,363,356,341,299,295
E14000704,352,402,384,409,328,345,320,334,297,295,307,258,290,252,326,301,336,308,261,234,202,218
E14000705,292,316,316,319,334,298,271,225,225,221,175,166,157,112,109,110,103,116,103,123,98,123
E14000706,283,314,318,310,274,262,265,310,267,264,274,188,211,221,230,232,225,229,201,146,135,162
E14000707,329,331,368,360,368,382,323,344,324,327,340,332,336,297,271,301,298,291,307,242,183,180
E14000708,480,405,334,277,341,315,326,291,215,219,219,212,203,182,178,161,183,150,159,173,107,121
E14000709,340,440,361,357,339,328,338,292,283,307,265,251,249,236,272,259,207,154,178,184,110,131
E14000710,212,235,195,197,203,214,195,197,152,189,170,180,171,144,165,138,148,138,126,116,98,89
E14000711,201,210,220,196,204,193,187,175,173,220,183,238,173,210,201,205,192,195,182,194,130,174
E14000712,343,322,358,420,350,350,308,287,262,204,202,239,204,130,151,161,181,164,157,160,124,124
E14000713,290,306,277,255,255,228,239,224,186,212,188,218,199,173,172,170,184,153,143,141,129,130
E14000714,334,358,350,347,329,306,268,320,288,260,280,320,263,254,258,268,230,203,207,213,149,192
E14000715,327,350,326,313,306,299,283,296,287,282,240,275,272,288,289,268,344,268,266,255,199,237
E14000716,432,406,440,384,337,285,337,304,298,322,266,305,305,285,321,287,256,281,262,264,184,207
E14000717,257,289,288,256,270,248,263,230,208,194,165,185,170,147,177,160,180,198,176,171,161,150
E14000718,552,580,529,487,417,377,376,376,382,348,360,378,321,307,316,334,316,409,395,409,310,371
E14000719,516,513,459,502,492,493,404,437,465,435,381,435,445,387,410,371,380,338,292,286,209,235
E14000720,581,645,497,495,459,386,343,359,381,375,367,364,428,387,411,394,440,406,382,390,380,450
E14000721,614,559,515,502,425,488,393,433,452,414,386,403,425,396,456,431,434,518,450,483,433,466
E14000722,271,293,265,243,220,242,196,234,199,202,154,115,99,118,136,101,137,114,119,110,81,111
E14000723,433,453,384,398,432,331,306,292,273,305,244,201,226,220,224,196,196,183,162,121,112,143
E14000724,288,330,325,321,260,217,179,230,194,205,213,228,213,201,239,193,234,189,176,198,123,168
E14000725,422,392,338,295,329,306,284,299,261,228,229,204,207,189,228,170,192,195,149,134,116,116
E14000726,613,600,543,537,512,502,437,442,390,422,387,446,432,400,451,402,427,447,475,477,356,399
E14000727,492,499,443,400,334,303,283,254,246,267,274,249,255,259,287,305,287,325,313,331,298,350
E14000728,240,245,230,198,224,227,185,155,190,201,186,177,192,138,165,143,124,121,102,81,64,67
E14000729,293,293,308,255,274,228,226,221,154,168,185,177,162,165,186,160,167,138,156,148,121,127
E14000730,314,290,313,314,263,252,238,237,197,217,206,197,197,216,221,199,205,174,148,122,105,98
E14000731,290,295,246,273,240,266,210,188,189,215,219,188,202,181,217,222,220,234,195,178,172,150
E14000732,304,355,292,277,317,238,235,186,188,187,201,191,175,164,274,192,218,201,206,240,172,191
E14000733,227,242,251,257,260,219,213,172,146,150,142,139,150,142,144,136,120,104,78,105,100,116
E14000734,310,335,320,321,297,257,240,250,217,214,195,168,207,189,203,163,213,178,156,156,154,139
E14000735,344,363,342,379,333,350,316,348,347,311,255,244,266,261,293,318,297,258,233,306,222,212
E14000736,367,334,329,300,252,279,218,231,188,228,211,223,225,181,193,181,188,191,186,195,159,159
E14000737,680,648,603,529,542,484,451,463,410,403,417,410,465,316,410,425,366,446,437,376,272,292
E14000738,238,217,204,199,195,193,204,186,154,137,121,100,73,72,84,55,66,51,54,67,39,62
E14000739,475,448,393,355,348,349,322,297,251,219,224,237,213,162,163,190,199,181,158,146,106,132
E14000740,316,269,304,306,287,224,237,247,221,220,226,208,186,185,174,210,209,153,161,143,106,136
E14000741,563,539,531,450,446,381,376,394,367,440,442,406,359,368,382,422,324,409,353,392,317,347
E14000742,449,474,496,453,393,394,466,384,355,341,326,347,315,261,272,330,266,211,174,182,148,139
E14000743,327,352,328,258,294,281,257,294,280,310,260,250,229,196,186,215,178,161,167,178,132,145
E14000744,302,321,305,299,280,285,231,236,179,168,166,168,197,139,214,172,204,160,155,174,105,137
E14000745,516,507,514,462,479,427,429,393,339,344,358,341,312,306,338,339,363,310,272,231,189,215
E14000746,316,279,331,352,323,302,299,290,295,272,242,218,210,187,198,204,184,145,162,143,115,99
E14000747,445,378,344,392,332,379,303,259,253,183,185,167,145,116,150,116,89,136,107,120,81,100
E14000748,386,371,353,379,322,344,284,299,267,252,219,195,203,182,226,182,168,137,135,133,118,178
E14000749,604,545,545,562,598,544,458,423,345,263,265,255,255,226,253,246,274,204,213,204,134,162
E14000750,1107,1094,907,869,778,716,590,572,565,633,669,681,597,599,698,707,634,729,693,651,398,454
E14000751,385,439,383,369,346,308,303,299,302,246,249,252,228,205,243,229,251,232,237,239,198,191
E14000752,529,490,424,422,387,338,302,282,244,311,342,324,305,314,350,321,309,385,306,346,290,333
E14000753,421,358,346,345,280,303,301,282,307,319,250,251,228,300,291,245,257,243,245,267,221,181
E14000754,246,253,247,295,268,250,223,220,216,211,198,158,167,167,178,161,147,108,124,131,89,96
E14000755,342,353,309,307,345,323,313,317,282,295,290,268,248,233,242,224,228,205,219,208,186,194
E14000756,480,477,458,447,411,362,359,357,326,308,314,304,305,259,206,302,222,218,189,182,117,163
E14000757,439,452,478,440,390,407,400,357,331,322,295,302,258,218,218,221,257,222,210,182,127,152
E14000758,356,418,393,346,393,360,361,347,310,293,289,258,248,242,251,257,240,199,207,177,192,178
E14000759,380,384,324,378,293,281,249,206,214,201,221,257,228,238,234,223,241,250,228,255,203,201
E14000760,602,582,516,465,445,403,369,297,323,302,379,359,352,322,412,394,354,426,422,345,322,332
E14000761,360,328,327,342,325,315,289,292,293,280,268,297,304,290,278,218,279,269,300,233,176,176
E14000762,467,498,440,456,456,455,449,414,407,356,400,392,401,331,326,315,329,311,289,282,224,242
E14000763,558,496,401,376,320,284,212,220,223,274,288,333,276,294,302,292,281,305,260,297,256,268
E14000764,719,763,705,606,501,456,427,367,352,432,454,515,513,472,554,542,492,563,505,425,289,378
E14000765,266,263,247,242,244,212,189,209,191,161,175,172,153,134,168,148,150,148,97,114,106,87
E14000766,288,238,258,274,273,220,233,207,218,225,221,217,190,169,193,158,173,152,141,130,92,157
E14000767,402,388,351,385,374,361,369,363,322,275,270,256,252,260,278,258,211,208,216,186,145,138
E14000768,773,605,537,525,450,558,512,510,524,473,520,511,465,487,518,436,494,503,508,524,374,416
E14000769,236,183,228,220,247,242,222,213,200,204,191,181,171,158,191,149,128,144,123,131,105,142
E14000770,405,368,350,340,328,297,252,244,288,302,284,314,275,308,316,265,231,303,239,271,212,250
E14000771,350,365,382,364,303,276,301,261,269,237,225,293,262,276,267,236,252,226,244,265,205,208
E14000772,291,250,260,305,209,204,204,216,204,188,190,226,223,220,201,198,219,254,256,226,170,176
E14000773,458,414,483,408,376,363,352,341,321,336,343,318,343,347,360,356,378,346,364,348,258,232
E14000774,208,167,182,186,186,175,163,155,126,141,152,108,122,118,91,68,89,56,100,75,68,89
E14000775,490,427,342,317,338,344,294,269,253,231,217,192,225,199,190,201,144,136,163,124,114,92
E14000776,346,287,278,269,280,285,326,285,248,300,244,263,214,232,244,208,209,213,202,190,141,142
E14000777,941,876,945,881,823,764,792,709,702,669,583,577,601,532,603,582,599,547,496,448,305,451
E14000778,384,306,339,299,319,276,268,223,239,274,231,261,238,219,234,224,233,197,184,151,110,186
E14000779,316,306,304,272,264,224,245,192,220,199,184,153,172,185,190,204,176,159,118,128,110,121
E14000780,295,248,215,227,239,254,233,206,184,174,182,173,178,161,170,162,164,149,147,108,101,103
E14000781,380,372,395,367,308,315,295,303,270,227,192,194,223,199,222,230,238,205,176,178,111,130
E14000782,288,270,302,295,281,262,264,283,285,289,278,258,273,245,272,252,231,195,186,168,125,102
E14000783,526,523,532,477,488,481,407,417,457,415,407,429,375,374,341,327,342,280,252,203,159,146
E14000784,401,368,384,329,356,303,287,330,332,299,291,287,340,304,328,266,272,227,229,184,158,174
E14000785,401,396,399,352,334,297,297,245,220,246,175,157,136,120,121,104,88,109,117,96,87,91
E14000786,415,378,396,350,349,304,342,373,314,298,294,273,244,255,280,285,260,267,288,265,190,207
E14000787,455,436,430,447,393,363,346,291,269,319,283,339,328,291,330,325,344,348,292,297,266,258
E14000788,414,369,354,347,327,311,235,230,244,271,261,245,254,275,297,310,283,298,287,253,227,234
E14000789,577,601,570,509,443,387,377,317,305,362,349,406,384,368,432,400,383,396,380,381,347,352
E14000790,349,381,322,320,306,310,260,251,278,250,245,237,243,209,277,244,291,267,296,231,216,253
E14000791,322,320,300,296,308,296,296,289,244,240,250,231,226,194,211,186,183,124,105,90,65,48
E14000792,365,318,362,353,366,355,308,304,324,341,325,322,300,330,310,322,282,275,264,252,191,177
E14000793,831,765,701,631,670,621,510,473,449,440,423,432,478,340,421,358,340,304,303,315,200,284
E14000794,549,485,413,442,438,411,340,328,312,258,289,249,274,211,261,241,203,170,199,186,146,175
E14000795,586,513,460,410,457,428,363,291,279,244,285,213,249,222,227,226,225,192,171,161,156,178
E14000796,466,385,397,337,329,312,272,242,217,178,189,157,178,148,195,190,154,143,126,110,116,143
E14000797,341,298,266,289,238,235,229,217,218,193,211,188,161,171,180,167,169,111,116,99,89,103
E14000798,361,410,404,429,411,356,364,347,295,361,358,334,352,337,346,315,275,290,258,294,212,245
E14000799,239,249,261,258,232,244,247,222,188,231,185,178,174,178,179,170,172,124,136,110,87,91
E14000800,208,224,230,182,167,199,218,202,207,200,210,210,207,164,214,199,193,224,188,194,160,142
E14000801,398,385,371,340,334,343,342,360,373,338,364,340,310,262,306,331,364,356,375,304,232,236
E14000802,315,345,348,302,285,245,223,276,246,268,234,230,215,197,178,164,186,146,139,124,108,106
E14000803,426,419,375,330,376,306,358,315,322,264,282,272,291,259,267,245,249,196,156,158,118,152
E14000804,295,294,272,289,327,296,295,319,318,287,272,279,245,263,295,267,266,221,222,226,177,190
E14000805,310,335,302,283,248,252,253,222,191,149,143,138,123,81,79,58,60,91,59,86,61,66
E14000806,344,384,331,317,359,318,299,262,267,230,219,212,219,209,175,167,186,155,161,143,109,129
E14000807,1076,1070,1099,986,998,924,832,730,707,705,559,538,495,433,424,313,282,422,386,334,197,267
E14000808,526,478,469,468,404,419,367,351,335,342,297,296,195,199,188,137,153,198,225,178,113,148
E14000809,388,374,360,328,336,336,230,224,206,199,158,177,166,126,123,71,73,114,104,100,75,108
E14000810,374,346,316,334,352,379,363,329,367,298,254,269,248,221,271,252,237,221,212,192,152,141
E14000811,376,363,334,361,292,298,257,303,277,236,235,253,225,212,202,201,228,215,213,204,167,168
E14000812,398,386,332,278,333,310,284,286,289,265,235,207,171,170,172,177,180,155,164,148,132,140
E14000813,466,464,416,360,394,395,358,396,342,345,332,312,309,255,358,304,349,350,290,262,214,218
E14000814,200,214,225,216,195,188,196,191,182,205,180,171,158,138,143,130,111,99,82,96,91,94
E14000815,252,263,220,304,257,252,246,233,217,177,179,190,168,136,151,168,167,163,150,137,119,123
E14000816,236,268,250,260,257,258,240,233,232,202,178,192,169,164,184,195,172,192,183,142,133,156
E14000817,293,311,298,288,297,262,272,282,207,218,189,248,200,223,227,231,216,203,195,209,159,140
E14000818,325,332,321,326,316,300,269,291,299,265,239,258,227,206,195,203,207,208,162,176,134,156
E14000819,421,280,417,391,362,311,280,260,267,234,258,230,258,224,231,239,200,162,168,160,135,136
E14000820,221,183,159,171,180,173,166,137,128,134,130,129,132,106,110,140,108,91,98,72,79,94
E14000821,602,566,496,500,479,501,530,465,443,403,399,375,366,373,377,359,331,290,286,249,172,160
E14000822,398,361,365,329,353,365,371,332,320,305,249,295,305,334,310,281,270,254,227,214,140,168
E14000823,370,360,327,332,261,228,217,198,236,199,212,204,215,247,263,299,290,275,268,250,257,250
E14000824,563,539,562,498,523,556,502,447,456,425,429,471,431,466,452,431,464,406,368,343,305,287
E14000825,313,304,300,310,298,286,278,296,297,276,289,253,247,209,224,243,210,217,216,155,126,147
E14000826,366,348,352,412,370,336,322,338,328,242,257,239,213,191,220,226,194,190,217,198,111,155
E14000827,403,364,371,382,350,350,337,305,250,257,266,286,276,280,254,231,240,211,213,189,170,179
E14000828,270,246,251,299,249,285,248,224,190,227,202,221,199,183,165,194,188,173,158,121,114,126
E14000829,455,455,397,454,426,394,419,430,370,324,306,305,313,260,307,287,256,282,249,244,152,200
E14000830,455,434,420,363,349,346,330,354,304,275,240,273,268,237,241,212,224,168,158,152,126,145
E14000831,499,494,526,548,502,524,530,487,472,438,394,371,338,318,372,369,322,253,266,256,157,205
E14000832,311,315,310,295,309,285,255,242,227,252,212,238,230,205,201,235,148,180,163,170,121,154
E14000833,227,216,216,260,252,228,202,209,186,173,168,155,139,130,155,163,148,118,134,112,81,90
E14000834,361,376,373,340,348,335,333,300,245,226,247,240,223,218,217,200,194,157,99,85,71,48
E14000835,226,235,268,266,260,265,258,255,244,225,225,218,180,179,206,201,161,168,164,169,130,113
E14000836,341,358,374,382,389,332,320,316,295,295,245,238,265,198,233,240,233,193,213,163,126,154
E14000837,360,371,379,398,397,438,391,356,320,315,255,272,238,231,283,238,266,226,222,223,183,204
E14000838,290,335,309,334,331,390,293,301,244,241,217,218,244,206,254,219,202,232,225,219,173,203
E14000839,390,343,296,319,326,329,319,281,285,254,224,179,176,174,155,197,169,177,153,121,158,136
E14000840,275,236,252,242,226,232,204,186,185,227,208,209,156,133,165,136,120,132,120,117,73,78
E14000841,347,304,270,240,255,254,253,263,262,219,224,237,188,199,225,175,207,223,187,189,161,165
E14000842,408,440,419,418,400,441,383,378,322,336,311,290,275,253,283,211,238,253,245,190,175,170
E14000843,293,291,286,258,247,289,239,227,237,207,211,194,171,169,178,158,119,100,117,111,94,116
E14000844,390,392,336,324,293,286,246,252,229,216,242,212,201,212,225,228,206,170,172,165,157,167
E14000845,406,402,392,348,345,322,340,304,255,262,219,181,225,222,197,207,217,186,171,152,125,136
E14000846,260,270,265,250,251,308,274,267,223,249,211,221,195,187,157,168,134,154,152,132,105,100
E14000847,357,338,354,366,329,288,294,288,241,264,216,207,197,180,205,185,207,163,175,183,131,166
E14000848,231,222,228,209,237,216,215,213,193,165,142,137,156,116,110,120,137,121,113,92,118,122
E14000849,336,360,332,340,346,290,259,301,243,274,216,236,234,178,188,163,197,202,156,147,108,99
E14000850,294,279,285,281,332,289,246,293,206,215,189,214,186,157,165,155,148,147,150,131,118,97
E14000851,326,342,365,288,322,274,268,261,224,229,196,225,226,200,189,220,245,169,168,194,161,196
E14000852,304,373,332,320,307,317,339,286,282,282,257,285,250,273,291,295,289,260,237,241,200,221
E14000853,321,246,323,320,335,312,308,281,282,259,213,227,236,205,210,239,200,166,135,142,113,99
E14000854,470,466,478,463,508,446,421,406,367,352,366,370,323,338,318,358,331,329,292,231,201,187
E14000855,588,593,520,552,551,558,522,478,492,432,395,403,378,338,307,349,349,351,259,256,189,210
E14000856,237,217,251,245,255,226,221,212,230,215,196,185,174,158,169,159,143,141,120,129,90,78
E14000857,367,297,343,324,262,301,246,271,248,211,197,224,217,226,207,193,210,174,203,173,169,142
E14000858,501,505,436,444,408,426,364,378,312,279,268,214,228,251,250,223,196,154,163,132,90,113
E14000859,304,337,305,308,314,323,315,301,215,234,214,227,219,210,205,172,227,196,212,178,142,141
E14000860,424,404,406,374,395,384,320,261,243,200,196,220,193,237,246,269,251,209,181,205,154,189
E14000861,224,223,213,192,184,188,161,135,164,118,131,148,106,103,133,142,131,116,117,129,91,113
E14000862,334,324,302,316,308,255,286,262,244,218,199,199,190,180,224,253,242,186,193,182,153,169
E14000863,249,216,221,229,251,221,216,219,180,159,154,162,164,165,187,169,171,158,158,140,102,123
E14000864,415,401,348,380,344,352,285,306,255,256,247,285,240,278,292,291,271,241,249,248,160,174
E14000865,494,401,404,388,338,344,351,320,321,305,334,320,305,324,383,386,339,335,308,323,203,267
E14000866,365,350,285,299,267,249,234,231,246,257,203,228,215,189,214,226,217,201,212,193,141,160
E14000867,544,519,477,488,416,463,458,419,437,424,424,412,359,355,379,344,337,322,371,336,209,225
E14000868,285,284,275,268,260,242,229,238,218,189,197,189,170,204,241,164,176,157,137,136,120,112
E14000869,282,280,279,234,219,214,230,191,213,181,179,172,187,155,189,173,180,169,200,170,152,153
E14000870,371,318,279,258,305,275,245,243,188,182,166,161,112,143,137,123,99,113,122,125,78,86
E14000871,455,484,403,421,447,417,416,340,348,256,225,244,190,167,200,145,129,203,167,159,105,126
E14000872,249,252,303,224,233,223,199,170,180,180,156,177,153,143,187,215,186,202,173,157,138,154
E14000873,404,425,469,425,423,378,364,345,373,295,283,296,325,304,368,344,333,259,239,246,161,200
E14000874,396,361,371,321,283,306,309,304,269,256,261,257,242,201,265,226,188,203,161,164,143,115
E14000875,264,336,314,317,331,350,283,276,270,201,203,199,196,160,182,172,182,157,202,149,126,137
E14000876,298,293,315,280,284,297,279,262,227,229,235,227,215,158,184,186,183,185,150,131,124,107
E14000877,408,330,464,404,413,396,357,382,321,307,272,303,255,257,258,287,247,264,269,171,153,184
E14000878,566,543,596,629,632,620,531,505,534,503,495,461,447,402,344,360,436,359,318,300,224,212
E14000879,307,309,290,281,297,292,290,279,217,222,213,243,185,229,202,202,181,174,150,162,121,139
E14000880,503,521,518,521,492,469,465,486,393,368,390,363,305,306,305,324,283,298,250,261,199,209
E14000881,355,352,370,407,340,372,274,288,297,257,283,286,274,246,282,221,197,205,190,197,148,185
E14000882,565,564,447,454,395,435,399,409,409,345,403,393,444,450,508,507,526,516,550,520,419,469
E14000883,548,466,516,432,410,405,410,353,328,317,312,378,339,327,336,324,331,294,279,263,222,234
E14000884,429,342,384,364,379,330,305,319,268,278,270,306,296,280,253,267,230,248,241,221,205,194
E14000885,586,612,515,484,507,506,515,499,469,449,365,347,334,265,311,260,282,271,281,232,176,224
E14000886,300,301,301,272,222,253,244,209,188,191,163,155,171,167,150,173,148,126,109,92,79,94
E14000887,347,355,292,281,316,254,203,218,217,204,247,256,261,245,252,279,259,282,276,230,222,239
E14000888,331,270,281,261,236,231,229,230,183,182,142,173,185,185,187,150,164,121,128,102,97,97
E14000889,390,355,342,336,303,309,333,295,294,237,210,254,197,234,229,225,193,196,183,153,130,141
E14000890,313,299,321,310,262,268,248,239,215,238,205,224,205,198,195,190,169,178,146,113,123,134
E14000891,197,179,196,224,204,189,198,166,167,139,146,153,144,133,127,115,95,94,80,86,79,76
E14000892,229,231,209,209,183,197,179,205,174,180,150,167,142,109,114,135,122,137,102,132,100,104
E14000893,491,495,458,469,513,452,461,388,404,383,374,393,421,369,382,399,351,344,317,293,201,233
E14000894,378,400,417,377,407,437,387,395,383,345,359,307,318,304,287,294,293,256,259,233,175,204
E14000895,481,478,471,435,490,471,373,421,392,368,266,286,320,291,302,318,272,233,202,196,160,187
E14000896,391,390,350,334,285,278,222,241,231,227,239,250,252,286,303,226,252,247,284,263,247,240
E14000897,517,536,510,484,486,451,340,331,318,298,219,194,163,139,173,133,144,168,153,157,98,130
E14000898,369,317,360,374,345,362,293,314,332,326,265,309,328,296,328,319,294,302,309,281,235,247
E14000899,426,427,382,341,347,293,285,274,271,292,245,219,232,254,276,232,206,172,165,160,116,148
E14000900,338,396,398,359,344,320,293,267,255,234,255,243,244,222,238,276,257,226,238,240,178,215
E14000901,406,401,414,394,346,316,336,317,281,241,272,247,264,254,262,237,203,215,224,189,158,180
E14000902,263,329,322,307,282,322,283,303,252,229,238,215,183,193,211,194,186,158,166,152,134,140
E14000903,339,375,332,363,324,294,312,355,261,246,251,226,212,229,224,203,207,191,163,162,129,166
E14000904,355,362,378,357,357,322,346,355,350,284,252,277,223,220,194,199,194,191,175,181,130,123
E14000905,413,353,347,322,376,339,327,329,302,283,224,233,277,236,313,291,280,246,190,197,138,154
E14000906,298,282,302,241,257,241,203,184,157,176,194,156,181,128,148,146,129,157,174,134,137,140
E14000907,491,518,485,472,529,515,538,464,463,428,407,457,432,412,431,422,381,398,348,337,234,257
E14000908,340,332,326,317,323,276,323,301,303,273,218,239,242,234,221,227,209,193,167,192,121,151
E14000909,377,408,344,348,352,326,272,300,285,258,262,237,229,240,241,241,232,148,130,104,114,123
E14000910,560,552,441,487,476,407,380,355,326,253,244,253,239,276,264,238,228,254,228,216,201,209
E14000911,552,478,430,433,407,351,336,311,320,298,240,215,202,171,180,131,149,206,207,198,126,152
E14000912,393,345,367,361,359,327,293,296,273,247,212,209,205,243,263,234,255,202,204,198,135,169
E14000913,336,327,339,343,319,296,261,275,280,279,258,206,231,204,199,220,198,210,173,139,140,173
E14000914,340,330,349,320,334,278,300,296,289,275,252,280,243,263,270,239,200,214,220,228,159,185
E14000915,294,316,314,318,309,309,264,242,210,246,213,199,197,182,201,150,132,139,142,133,92,98
E14000916,337,276,283,239,251,217,206,204,182,174,161,144,139,121,132,164,141,124,153,126,100,98
E14000917,470,433,450,451,418,349,359,383,360,351,322,297,268,271,251,281,260,242,200,175,159,166
E14000918,478,457,465,399,397,389,317,364,317,336,317,292,354,333,336,324,318,316,264,235,216,252
E14000919,593,580,596,581,532,558,567,503,443,444,416,404,403,370,364,368,366,377,312,297,218,224
E14000920,339,349,331,303,309,318,323,337,294,279,240,200,230,238,236,207,233,192,166,162,159,133
E14000921,419,437,436,378,375,375,351,315,310,316,257,277,275,225,271,270,246,220,240,188,169,178
E14000922,152,142,155,128,138,142,134,114,107,128,112,101,93,89,119,84,92,101,85,80,92,84
E14000923,239,235,199,218,210,210,193,168,156,186,171,148,107,116,151,130,143,117,114,122,77,94
E14000924,336,355,339,339,351,371,349,363,301,275,245,269,222,199,214,195,193,199,201,181,142,149
E14000925,318,349,284,294,266,230,258,239,239,251,201,187,176,154,166,165,153,123,134,121,89,129
E14000926,363,391,380,341,307,309,278,320,287,245,270,236,217,205,202,201,213,179,133,178,131,149
E14000927,348,384,360,311,328,312,316,277,282,297,266,289,250,285,329,276,273,307,257,294,241,265
E14000928,505,496,515,526,492,422,426,431,394,331,321,315,341,342,321,328,331,311,272,188,178,199
E14000929,363,405,455,415,462,409,403,389,349,416,386,372,360,369,371,327,308,307,293,285,237,273
E14000930,446,445,451,442,391,405,399,391,393,352,373,373,348,338,358,387,354,307,242,238,189,197
E14000931,270,214,205,228,214,256,238,244,235,220,180,184,140,120,105,117,125,122,93,118,73,95
E14000932,384,364,374,360,348,369,347,368,320,271,225,202,179,197,216,184,176,169,185,178,134,124
E14000933,432,425,434,374,419,344,317,330,276,263,246,226,237,217,240,240,231,169,184,147,124,146
E14000934,470,508,434,476,507,488,427,402,377,341,353,324,307,264,290,267,286,261,269,240,172,203
E14000935,301,281,301,292,324,268,290,263,271,210,273,277,221,186,218,193,201,187,173,187,132,168
E14000936,316,294,280,293,272,267,216,227,239,221,213,183,187,202,193,188,169,157,135,140,110,113
E14000937,498,492,499,448,481,419,392,377,340,324,327,282,297,270,248,234,258,249,221,224,171,167
E14000938,335,390,331,381,356,357,306,294,286,249,231,252,230,229,199,222,186,188,193,195,125,170
E14000939,348,344,344,388,357,335,304,340,294,273,335,287,283,322,311,275,285,251,245,267,219,199
E14000940,467,483,514,491,433,446,431,352,345,333,337,309,284,302,301,261,268,164,161,142,139,132
E14000941,324,340,312,334,334,359,290,324,271,260,232,223,225,245,257,220,255,228,244,213,154,148
E14000942,364,311,316,339,316,280,261,262,251,210,190,174,183,205,188,199,167,131,128,190,120,150
E14000943,294,295,314,237,245,283,249,255,246,217,207,210,178,198,179,194,196,183,166,115,99,112
E14000944,207,190,188,189,195,206,189,170,156,192,167,152,145,140,143,130,125,113,116,99,83,71
E14000945,415,408,378,389,413,400,365,378,326,284,298,276,244,221,269,251,186,164,114,109,68,79
E14000946,298,306,329,316,316,314,291,284,281,273,245,271,235,230,299,224,228,211,197,210,154,139
E14000947,397,454,421,393,352,279,311,294,251,219,190,209,221,195,229,228,250,217,226,197,130,213
E14000948,290,302,280,290,266,251,295,250,252,255,233,244,212,231,264,259,273,264,218,170,179,185
E14000949,300,300,257,258,256,251,264,263,226,240,219,211,201,211,213,203,186,239,233,194,149,177
E14000950,274,234,263,260,274,245,290,285,247,192,222,191,204,196,199,198,171,148,129,123,112,109
E14000951,445,404,342,361,315,302,289,303,281,238,237,234,179,172,206,178,158,185,147,138,101,105
E14000952,332,364,340,344,371,356,285,298,250,249,248,213,222,222,239,229,238,221,230,249,186,191
E14000953,436,448,421,388,402,421,428,387,313,311,292,286,277,269,296,276,286,250,200,183,154,165
E14000954,310,327,305,308,317,290,272,247,224,171,195,205,211,244,228,255,209,218,182,196,134,193
E14000955,423,418,388,371,361,327,336,324,283,267,303,285,279,253,287,232,212,240,215,219,152,176
E14000956,358,376,340,341,383,325,273,313,260,294,272,321,280,266,264,292,269,225,245,224,179,210
E14000957,380,321,312,310,275,281,278,227,223,200,221,239,196,201,225,206,159,147,145,125,115,106
E14000958,340,318,273,286,255,296,262,193,196,201,181,177,184,174,149,149,157,148,137,154,81,117
E14000959,312,386,358,377,377,388,359,337,328,321,284,319,336,276,352,309,306,270,247,253,209,245
E14000960,493,413,480,429,442,412,340,379,357,309,282,278,266,230,224,229,245,191,192,185,145,169
E14000961,346,412,418,350,367,410,378,347,290,239,246,268,236,236,221,211,208,159,198,192,149,162
E14000962,395,313,267,277,275,263,253,231,197,176,152,172,150,153,141,149,143,116,111,122,102,100
E14000963,511,386,350,332,341,354,344,287,281,216,216,232,233,229,207,197,169,154,158,136,109,142
E14000964,270,243,262,262,259,273,264,283,196,205,193,171,161,179,149,171,151,157,163,143,133,129
E14000965,439,472,407,420,453,455,410,385,367,310,330,305,274,264,263,244,265,152,139,110,82,83
E14000966,290,277,278,278,261,236,254,238,224,236,204,160,164,191,167,172,140,124,87,71,61,50
E14000967,274,275,246,231,239,209,183,197,194,185,140,105,99,91,115,88,76,109,111,67,48,66
E14000968,355,323,344,306,296,276,269,260,266,222,205,197,226,172,201,200,157,155,162,158,101,112
E14000969,443,397,373,342,334,305,324,269,252,213,192,173,144,143,114,93,75,128,114,127,81,100
E14000970,280,282,284,274,286,246,221,220,222,193,194,205,208,182,164,192,146,139,127,152,110,112
E14000971,198,182,194,205,193,171,187,118,126,115,126,130,129,132,113,119,108,89,57,87,67,89
E14000972,499,451,516,445,470,383,403,359,311,336,302,349,280,268,254,219,267,199,173,163,96,77
E14000973,392,374,358,349,305,286,296,322,268,249,278,244,214,233,235,200,218,146,137,122,92,79
E14000974,320,309,277,304,289,288,282,255,197,218,195,225,191,227,185,183,200,118,114,94,61,59
E14000975,500,430,456,470,472,416,420,400,322,309,315,267,253,270,245,227,256,145,109,120,65,65
E14000976,239,243,236,213,202,217,198,173,162,156,131,111,93,89,82,108,106,96,88,97,66,84
E14000977,377,391,360,377,344,326,295,300,269,243,251,237,257,249,283,239,239,202,200,177,127,144
E14000978,584,557,501,520,416,417,386,329,351,402,343,385,353,410,450,404,420,440,396,370,382,430
E14000979,540,469,450,377,362,322,342,292,302,303,245,228,164,174,173,148,112,206,156,159,92,122
E14000980,280,307,324,285,297,299,289,283,229,199,150,156,150,100,123,116,101,97,107,130,128,118
E14000981,326,329,306,321,341,336,307,301,289,295,262,278,262,264,265,247,235,252,192,196,165,137
E14000982,392,398,376,394,340,357,307,324,317,311,293,267,244,252,240,223,192,176,160,180,135,124
E14000983,410,495,439,403,455,434,455,419,400,382,352,347,359,358,337,291,296,265,246,232,207,217
E14000984,304,300,262,258,230,250,263,214,212,205,203,197,181,204,187,148,170,210,191,222,154,164
E14000985,265,240,245,225,236,250,220,206,177,172,161,148,136,117,130,131,125,139,114,116,92,95
E14000986,412,425,411,416,328,377,346,347,261,262,278,227,235,230,230,194,216,164,108,86,58,79
E14000987,570,525,561,460,463,457,437,433,390,385,341,334,307,283,304,259,287,281,222,198,163,188
E14000988,436,437,400,367,381,410,379,365,336,276,288,259,215,255,240,193,239,234,204,219,109,163
E14000989,234,218,210,235,247,213,227,193,182,207,165,175,184,131,159,119,147,135,105,90,64,94
E14000990,364,381,358,335,375,342,291,250,232,244,229,222,201,119,126,150,181,139,138,153,103,126
E14000991,368,412,388,390,379,393,333,273,291,232,255,235,213,201,168,159,178,173,148,176,149,172
E14000992,222,229,207,259,280,236,214,262,206,209,202,184,163,144,177,145,154,167,109,114,103,94
E14000993,473,474,464,465,466,378,382,363,288,316,285,263,319,282,271,268,296,261,237,191,170,185
E14000994,295,294,291,281,323,289,260,252,204,181,202,196,136,159,136,143,121,130,127,131,123,111
E14000995,528,525,476,451,412,397,357,311,335,325,314,307,299,274,317,240,292,237,219,207,197,212
E14000996,297,309,339,286,291,293,301,302,270,283,214,247,211,225,216,196,206,218,200,206,157,153
E14000997,390,382,393,340,375,323,299,364,302,293,283,261,277,273,306,282,309,249,229,240,185,177
E14000998,377,360,421,343,329,283,251,293,275,288,292,354,332,307,331,331,317,322,318,315,310,342
E14000999,292,283,288,308,338,324,295,280,274,233,279,243,242,230,240,226,208,192,202,175,143,183
E14001000,314,321,337,316,308,341,321,334,251,269,231,221,211,232,204,237,211,212,185,208,182,165
E14001001,270,281,258,238,257,317,285,278,240,220,182,186,198,179,182,162,177,186,173,143,110,124
E14001002,728,655,612,593,473,384,424,364,383,453,460,430,446,457,550,573,551,619,551,522,455,525
E14001003,344,388,356,380,329,335,333,357,277,280,255,227,231,223,241,197,207,214,212,182,129,177
E14001004,420,382,359,357,331,277,306,319,298,272,257,273,251,283,312,274,241,263,213,222,179,193
E14001005,359,358,329,355,286,253,221,217,228,221,221,258,225,245,288,219,228,243,240,218,188,194
E14001006,260,238,292,226,269,281,259,247,251,212,211,205,198,200,192,205,166,110,123,122,105,97
E14001007,442,418,376,379,348,298,236,242,270,235,305,245,237,177,223,236,218,261,217,245,195,204
E14001008,870,840,850,688,565,519,492,419,456,527,572,538,536,549,554,565,609,634,624,569,467,529
E14001009,384,369,364,342,358,324,277,306,278,268,275,235,229,215,194,220,206,207,194,154,123,168
E14001010,308,259,272,287,276,241,224,179,148,177,144,132,141,138,139,134,111,108,110,110,89,120
E14001011,347,315,265,289,230,265,258,305,244,205,178,128,118,147,174,183,193,186,171,170,129,159
E14001012,432,390,333,352,313,303,348,349,319,267,279,185,163,184,240,259,257,233,217,233,152,194
E14001013,494,433,438,415,368,388,358,306,332,270,306,337,278,270,385,314,296,332,318,316,272,295
E14001014,248,264,238,230,260,253,223,215,225,196,208,185,159,173,175,167,143,127,134,112,95,96
E14001015,380,391,378,330,323,324,317,287,262,230,242,229,238,219,223,245,200,202,173,164,143,140
E14001016,389,426,379,348,333,306,328,331,305,254,200,150,139,179,178,234,187,215,210,191,155,206
E14001017,469,470,428,490,469,420,410,397,395,364,338,320,307,281,300,276,244,255,232,158,139,159
E14001018,446,428,414,404,421,399,399,385,334,322,317,316,297,254,255,228,235,225,206,192,124,164
E14001019,326,364,321,306,309,265,281,310,290,230,201,225,212,196,221,191,218,226,177,180,124,121
E14001020,328,288,278,300,294,210,232,214,213,228,163,175,158,165,155,146,171,112,116,111,97,105
E14001021,509,473,457,422,386,374,351,318,298,280,276,296,278,260,299,256,305,260,208,198,147,145
E14001022,299,340,314,288,309,324,289,266,298,286,213,225,250,208,206,178,204,215,157,179,130,151
E14001023,453,330,369,375,321,353,315,328,296,283,225,220,244,271,254,263,272,270,224,235,177,177
E14001024,351,336,292,329,312,273,290,244,237,216,210,217,216,187,160,166,164,154,137,133,102,111
E14001025,292,297,264,264,255,255,246,243,231,193,164,174,149,169,173,169,158,135,173,166,146,133
E14001026,317,299,321,324,319,337,346,271,259,252,236,205,202,207,202,191,186,177,205,205,139,136
E14001027,431,428,450,419,445,383,375,375,333,272,248,235,276,251,305,275,291,233,217,222,129,159
E14001028,268,321,258,272,282,254,274,253,256,254,187,204,184,208,169,196,192,172,154,107,132,121
E14001029,358,349,344,317,289,273,277,251,280,278,214,162,157,161,188,162,185,168,175,154,146,138
E14001030,393,348,322,346,287,334,318,289,280,253,195,155,139,151,193,215,173,199,169,173,158,198
E14001031,418,405,357,347,374,331,355,321,305,304,255,280,274,239,249,269,239,215,182,203,151,218
E14001032,573,617,510,533,409,448,455,428,426,421,412,387,409,366,444,482,474,470,466,463,363,417
E14001033,341,351,347,345,380,345,332,356,322,276,291,269,230,225,252,233,233,199,167,168,133,151
E14001034,404,458,458,440,319,375,382,382,361,314,309,293,294,235,277,220,244,232,216,186,121,183
E14001035,280,301,285,268,317,280,251,271,291,275,224,218,220,177,207,210,170,175,131,148,114,118
E14001036,501,513,440,513,422,355,355,346,300,355,319,317,356,357,377,398,389,404,390,377,341,357
E14001037,357,301,337,306,341,334,342,343,316,276,252,236,213,239,241,231,245,247,193,214,140,131
E14001038,270,310,293,314,358,320,317,331,263,268,276,234,230,245,205,185,177,186,190,165,135,112
E14001039,502,500,444,424,372,339,313,264,254,204,178,160,142,117,113,73,78,120,112,107,74,87
E14001040,339,319,347,274,245,248,211,247,200,194,182,210,243,202,256,214,233,221,234,239,199,201
E14001041,361,359,346,337,312,286,307,309,304,258,248,268,227,236,240,225,262,213,253,185,140,156
E14001042,453,426,423,364,344,364,356,348,336,315,304,312,304,298,285,292,279,221,181,168,124,147
E14001043,327,267,243,292,216,219,202,186,166,135,168,149,106,112,116,121,100,104,113,86,80,80
E14001044,251,180,209,191,174,166,156,147,136,120,109,104,98,97,82,92,87,66,68,75,62,73
E14001045,409,423,438,417,413,380,327,302,294,227,231,267,229,229,236,192,221,218,203,209,171,180
E14001046,405,370,340,293,266,305,299,274,244,254,210,233,225,221,244,194,220,174,191,129,124,126
E14001047,416,435,382,363,461,403,395,349,318,331,311,352,280,313,320,294,301,286,237,227,219,195
E14001048,343,330,328,296,299,275,301,279,268,259,216,238,198,189,202,197,195,148,153,133,97,122
E14001049,283,293,303,258,234,216,164,205,136,173,141,125,131,134,150,142,160,135,157,153,117,135
E14001050,339,408,350,306,342,335,250,271,256,212,210,181,178,189,180,239,204,213,182,190,157,195
E14001051,359,364,348,346,332,332,282,262,246,284,187,164,180,147,163,168,153,152,158,166,118,156
E14001052,249,233,243,255,220,184,213,211,209,228,194,217,189,170,164,163,165,126,107,131,86,85
E14001053,226,230,223,271,250,264,244,237,223,215,180,163,194,177,200,186,174,174,167,131,121,88
E14001054,483,452,362,410,350,345,307,302,282,270,209,183,149,143,162,118,105,135,158,152,96,122
E14001055,261,267,267,241,216,245,216,219,194,198,182,165,176,157,184,184,174,190,179,203,133,143
E14001056,371,374,333,323,346,288,287,280,265,230,225,250,183,182,209,177,183,140,165,151,116,144
E14001057,354,356,364,353,354,364,374,358,320,348,289,286,241,237,263,238,214,190,215,216,159,160
E14001058,332,319,286,298,295,296,283,231,233,272,234,233,202,183,187,207,170,175,152,147,125,122
E14001059,469,438,430,414,379,345,361,302,280,230,219,197,157,151,144,91,104,147,145,138,88,118
E14001060,382,387,416,345,349,374,364,347,319,281,247,230,234,226,233,218,221,172,176,175,127,148
E14001061,234,244,306,255,266,264,270,255,232,252,236,212,238,255,263,258,268,239,206,196,146,151
E14001062,272,340,327,331,287,295,303,248,227,232,215,223,186,165,208,191,213,185,175,156,121,146
S14000001,211,193,190,158,163,206,203,172,237,204,173,159,170,162,121,105,86,83,73,49,38,29
S14000002,179,151,131,144,151,168,148,149,204,173,133,146,149,127,105,89,65,52,46,55,23,23
S14000003,279,276,226,234,229,234,231,239,179,186,155,168,188,143,134,137,130,119,106,97,71,66
S14000004,263,253,278,211,245,217,214,234,231,181,150,181,159,151,116,122,83,106,98,74,92,93
S14000005,315,304,291,316,299,322,312,270,288,282,274,230,211,208,193,225,178,175,156,143,83,93
S14000006,295,287,276,237,261,257,225,225,182,231,163,191,177,155,151,178,157,126,114,92,61,60
S14000007,149,185,200,183,164,189,167,200,231,213,162,172,163,143,130,110,117,76,82,73,37,45
S14000008,330,335,365,338,363,358,304,276,335,317,248,219,226,208,193,183,171,152,133,121,70,88
S14000009,162,150,163,176,173,171,168,157,143,152,117,123,111,100,118,101,106,68,91,94,63,57
S14000010,211,220,203,200,205,179,178,178,172,161,131,146,124,123,138,145,141,95,97,83,58,50
S14000011,353,335,279,273,255,242,237,224,210,213,201,204,153,165,159,132,172,157,129,121,51,70
S14000012,204,174,169,151,144,126,140,142,125,126,107,92,84,84,81,86,82,79,63,62,30,32
S14000013,249,251,241,252,240,270,263,263,233,220,205,169,180,162,158,150,152,146,142,113,59,83
S14000014,311,341,362,372,381,401,313,364,309,284,256,259,216,239,229,215,194,164,214,147,91,103
S14000015,203,197,223,174,183,184,179,149,146,165,117,136,133,100,73,80,81,77,66,70,86,74
S14000016,238,251,221,200,214,172,204,155,168,166,143,140,136,113,104,71,82,73,57,75,94,66
S14000017,228,192,182,181,190,159,177,130,143,142,144,119,91,99,84,100,114,73,81,68,62,48
S14000018,187,189,171,136,147,149,140,121,94,114,108,114,85,78,81,73,76,65,45,52,36,29
S14000019,232,212,241,221,199,216,178,159,183,168,137,140,115,115,122,122,110,89,105,76,57,45
S14000020,248,241,223,203,215,204,217,206,195,174,199,160,169,153,180,159,157,158,127,101,82,90
S14000021,186,162,128,170,156,130,142,119,108,102,100,115,95,98,94,93,97,95,70,65,48,56
S14000022,474,456,431,377,375,359,383,330,324,276,272,270,281,297,304,284,334,244,202,183,105,124
S14000023,401,395,419,338,370,342,349,311,307,307,305,313,291,265,322,245,248,208,169,188,100,98
S14000024,237,220,201,189,193,146,177,168,164,154,156,150,161,154,163,135,160,125,105,85,62,54
S14000025,390,390,306,273,307,277,279,273,283,210,221,236,251,228,235,222,194,163,146,127,77,118
S14000026,377,315,300,287,297,274,258,248,217,244,226,209,179,214,232,223,202,164,138,144,92,87
S14000027,58,63,48,59,49,41,41,44,60,34,40,32,26,21,37,32,24,16,21,25,13,20
S14000028,236,218,255,255,219,233,200,219,230,220,163,196,206,180,162,195,167,165,130,93,54,84
S14000029,699,699,716,711,686,662,653,582,538,514,436,439,426,373,423,387,392,361,286,274,167,146
S14000030,328,266,291,293,266,244,257,224,259,203,196,167,196,136,157,170,174,150,122,109,75,89
S14000031,206,200,198,186,205,183,152,157,154,124,118,104,102,86,122,109,122,86,75,71,56,57
S14000032,272,311,281,239,281,248,236,226,215,175,167,146,143,129,169,160,154,142,137,115,75,93
S14000033,219,191,222,200,204,207,189,187,153,139,129,142,156,113,127,117,128,101,90,101,50,70
S14000034,219,232,209,231,190,193,168,185,166,162,131,115,150,101,103,108,136,104,76,92,71,43
S14000035,222,224,213,210,247,202,215,229,166,191,165,163,138,142,136,151,165,131,120,84,74,54
S14000036,177,171,175,170,166,170,145,140,131,142,146,116,101,119,111,99,120,83,73,71,47,54
S14000037,237,214,251,230,222,254,221,214,273,293,237,226,231,206,177,150,116,95,101,67,44,63
S14000038,256,232,198,224,197,172,198,206,195,145,165,155,136,120,130,110,112,91,78,97,41,35
S14000039,276,233,242,267,259,255,231,235,214,239,200,189,199,171,164,155,136,127,144,105,76,67
S14000040,211,234,235,218,227,192,206,181,177,147,157,152,128,130,132,152,147,106,131,81,73,55
S14000041,157,176,158,154,155,143,160,167,122,138,105,97,113,92,103,117,116,83,87,88,65,67
S14000042,315,302,309,293,285,239,280,276,243,212,204,187,175,171,200,177,193,162,142,126,103,65
S14000043,260,260,279,257,229,229,270,235,245,253,215,212,199,201,173,190,188,173,143,104,86,98
S14000044,274,353,295,299,307,320,269,254,289,238,244,237,246,240,205,268,212,186,176,141,79,96
S14000045,241,233,233,240,232,235,237,209,224,207,193,177,216,164,188,189,168,135,119,114,73,95
S14000046,208,176,173,181,174,163,162,140,194,198,141,138,127,123,93,82,74,60,49,53,30,28
S14000047,221,210,180,189,186,232,194,179,171,172,151,131,117,141,129,115,119,112,92,84,42,39
S14000048,244,237,233,239,235,221,197,181,166,163,125,162,150,135,122,113,125,125,92,97,63,67
S14000049,214,187,223,206,238,223,187,162,171,156,156,112,115,110,108,109,98,75,84,76,67,48
S14000050,284,297,287,303,271,260,270,264,250,253,206,173,203,178,150,140,125,127,101,90,72,88
S14000051,60,65,68,63,71,86,85,68,56,69,57,45,43,48,48,37,51,27,28,45,20,21
S14000052,267,256,268,283,269,240,250,236,212,167,163,201,188,139,144,129,165,138,117,99,54,52
S14000053,223,214,215,242,212,223,203,189,158,149,158,153,151,115,112,128,124,121,94,63,66,54
S14000054,283,299,256,256,240,221,223,212,202,221,192,183,191,169,126,123,118,125,118,70,79,80
S14000055,239,282,222,233,248,233,219,230,224,221,155,175,144,170,148,122,141,113,147,135,76,83
S14000056,249,232,217,205,208,191,188,156,168,145,124,131,120,110,132,101,118,104,76,90,48,52
S14000057,263,257,304,296,277,253,273,288,285,249,233,219,212,239,166,196,175,141,127,122,79,75
S14000058,203,213,200,186,218,205,196,180,260,249,242,175,190,179,153,119,114,99,71,66,46,39
S14000059,251,245,241,230,244,225,224,199,148,174,160,148,133,143,111,119,128,112,83,74,43,43
W07000041,225,196,201,176,147,145,168,143,117,143,118,125,101,106,108,101,70,72,76,82,50,61
W07000042,290,274,268,249,254,190,227,197,200,152,177,161,150,157,115,100,98,93,84,70,65,75
W07000043,370,335,317,334,312,229,283,246,260,197,195,193,189,202,166,144,104,105,103,105,79,85
W07000044,287,284,278,251,226,220,243,193,197,172,174,170,183,163,164,158,111,107,97,74,78,88
W07000045,227,256,246,245,252,234,233,235,217,194,180,221,173,177,151,152,151,139,148,150,105,128
W07000046,162,179,178,220,231,231,219,190,166,148,153,139,128,122,115,117,112,92,82,65,62,42
W07000047,272,308,303,317,317,300,354,285,267,231,297,264,194,178,170,145,158,111,89,118,61,56
W07000048,247,278,277,282,289,289,310,264,265,207,239,217,142,172,163,175,146,130,95,105,68,59
W07000049,197,215,235,247,223,265,264,249,185,190,176,156,143,162,139,130,144,95,90,86,51,52
W07000050,311,404,436,405,346,374,329,337,302,256,250,240,200,223,198,189,172,152,136,138,74,91
W07000051,259,249,255,277,271,246,258,195,202,180,148,171,148,137,140,145,111,106,70,96,55,50
W07000052,116,155,163,184,158,135,148,171,149,145,119,130,109,99,91,95,93,70,85,84,56,49
W07000053,173,165,193,157,158,129,133,101,98,114,111,80,85,106,124,66,88,65,70,76,56,68
W07000054,339,271,276,261,269,213,177,161,140,153,129,116,111,145,129,116,87,88,106,110,64,115
W07000055,238,216,246,232,221,167,146,188,174,157,142,105,126,135,142,111,109,113,102,123,77,84
W07000056,273,255,245,252,282,231,196,194,210,196,182,152,127,157,182,139,114,114,90,155,95,102
W07000057,204,182,167,158,141,115,146,127,154,131,129,124,115,118,104,108,77,63,97,68,51,38
W07000058,217,205,211,197,199,140,180,167,181,165,155,153,145,138,163,122,102,101,92,80,55,77
W07000059,312,263,255,268,233,215,197,217,191,211,175,182,175,153,158,166,115,131,111,119,74,91
W07000060,276,282,262,241,212,185,224,230,258,184,205,188,164,158,162,171,130,137,117,96,72,87
W07000061,209,240,261,235,238,183,200,204,210,186,207,155,154,145,152,133,101,119,105,117,62,96
W07000062,267,242,262,268,234,199,199,184,182,182,158,144,158,105,123,124,90,77,102,101,72,82
W07000063,210,247,265,265,261,239,266,251,208,207,187,181,187,169,184,198,191,183,142,173,118,162
W07000064,255,253,273,281,273,301,253,272,229,225,207,208,210,181,174,176,188,163,185,160,110,152
W07000065,216,212,202,235,250,231,233,236,210,216,192,164,184,154,176,186,150,169,140,156,114,129
W07000066,291,262,281,278,295,260,290,262,222,242,253,197,218,173,164,185,170,175,172,164,99,131
W07000067,227,244,238,266,285,268,245,257,242,234,203,211,226,192,195,198,192,172,159,163,118,117
W07000068,246,267,254,273,294,256,283,258,234,228,237,223,214,187,207,231,197,189,194,176,99,135
W07000069,203,198,181,181,170,184,186,169,162,126,145,128,120,98,105,96,92,91,73,60,32,59
W07000070,147,184,174,183,210,201,215,222,171,149,122,156,107,119,112,117,102,96,90,84,48,73
W07000071,191,205,205,238,189,175,175,172,169,134,138,125,109,110,134,125,108,111,107,96,58,64
W07000072,173,181,176,134,168,160,166,144,144,113,108,83,101,107,98,61,60,67,69,67,54,70
W07000073,252,205,200,188,234,192,181,186,158,165,161,126,130,127,133,128,119,95,81,92,62,60
W07000074,187,174,200,193,189,207,197,183,171,155,129,131,131,134,134,118,129,101,99,100,57,44
W07000075,170,244,267,291,273,234,206,244,218,176,163,173,157,185,179,160,161,115,77,111,53,61
W07000076,215,192,190,189,168,140,132,124,128,121,96,90,102,98,86,87,61,85,82,83,53,74
W07000077,179,157,191,206,199,155,133,135,133,102,107,73,75,106,103,86,86,82,89,77,78,77
W07000078,252,264,298,322,306,299,240,228,204,222,196,192,178,182,193,166,156,134,114,116,87,74
W07000079,227,243,281,281,257,256,205,234,219,195,185,197,145,142,165,160,129,113,86,107,69,58
W07000080,213,276,280,282,299,299,257,272,228,222,201,185,156,173,175,147,148,134,106,111,74,79
