Area Code,Jan 2023,Feb 2023,Mar 2023,Apr 2023,May 2023,Jun 2023,Jul 2023,Aug 2023,Sep 2023,Oct 2023,Nov 2023,Dec 2023,Jan 2024
E92000001,90.109,90.386,90.777,91.008,90.976,90.987,91.131,91.219,88.948,87.558,90.183,90.512,91.097
E14000530,95.810,98.125,96.819,98.351,98.404,98.387,98.590,98.503,94.125,92.829,97.957,97.958,98.510
E14000531,93.577,95.635,95.983,96.169,94.646,95.850,96.141,96.532,93.147,95.252,93.924,96.154,94.504
E14000532,96.076,98.345,98.496,98.791,96.461,97.776,98.231,98.424,93.929,94.847,97.843,97.939,98.048
E14000533,97.382,97.296,97.585,97.296,97.753,97.781,96.836,96.644,93.295,95.521,95.836,98.064,98.289
E14000534,86.256,84.917,86.455,85.700,85.226,84.961,86.032,84.894,80.727,77.626,85.411,85.622,86.471
E14000535,98.726,98.785,98.822,99.014,98.933,98.971,98.561,98.831,95.080,94.944,98.308,97.982,98.868
E14000536,55.886,55.691,56.811,56.598,57.161,56.301,55.307,56.172,54.285,55.054,59.771,51.687,56.509
E14000537,96.550,95.947,96.346,96.876,97.021,96.390,96.666,96.843,97.445,94.245,97.195,95.885,96.996
E14000538,82.523,82.101,82.413,81.729,82.409,81.377,84.256,89.039,88.947,84.699,87.287,89.646,88.425
E14000539,78.183,77.261,76.790,78.146,77.650,76.913,77.988,78.444,77.281,73.771,77.694,77.295,80.186
E14000540,97.253,96.315,97.811,97.920,98.229,97.731,97.790,98.363,96.187,95.380,97.629,96.545,97.986
E14000541,96.453,96.884,96.590,97.184,97.160,97.384,96.093,97.244,96.209,93.995,95.703,96.942,96.993
E14000542,94.995,95.080,94.978,95.148,95.024,94.778,95.222,95.282,92.036,92.752,94.264,94.785,95.270
E14000543,87.015,87.770,87.956,89.752,88.748,87.274,88.345,88.932,87.634,83.612,87.703,87.818,88.959
E14000544,96.421,98.635,98.046,97.928,98.725,98.918,98.360,95.394,93.233,93.240,98.899,94.751,99.032
E14000545,96.878,98.365,98.563,98.944,98.143,98.521,98.370,98.647,98.095,97.404,97.110,98.398,98.656
E14000546,92.806,93.010,92.585,93.353,92.885,93.153,91.160,93.320,91.980,87.765,92.311,92.771,92.986
E14000547,97.276,98.542,98.702,98.770,98.488,98.743,98.800,97.667,95.631,91.903,98.059,98.547,98.382
E14000548,98.530,99.062,99.033,99.052,98.690,98.836,99.111,99.282,95.334,95.464,98.599,98.524,99.129
E14000549,96.821,98.123,97.725,98.365,97.876,97.238,98.176,98.455,96.021,97.108,95.866,96.632,97.274
E14000550,96.080,96.218,96.258,96.059,97.428,96.218,93.040,95.832,95.120,91.649,94.540,95.800,96.991
E14000551,95.590,95.811,95.882,97.225,97.159,96.366,96.824,97.129,92.657,92.763,92.796,96.121,96.893
E14000552,96.950,97.105,97.008,96.695,97.107,97.064,97.195,97.067,94.864,91.825,95.373,96.673,96.886
E14000553,94.274,97.878,98.258,98.327,98.595,98.407,98.552,98.697,97.365,97.365,97.853,97.136,96.412
E14000554,74.540,75.667,76.992,75.468,75.203,77.199,75.175,76.350,71.463,76.633,78.856,79.005,80.012
E14000555,97.819,97.645,98.275,98.685,98.175,98.576,98.712,98.538,98.391,98.188,98.162,97.926,97.940
E14000556,69.385,69.364,71.731,70.742,70.861,71.230,71.715,70.045,67.223,69.182,69.609,70.812,72.875
E14000557,61.279,61.871,63.736,61.822,64.409,68.036,70.398,71.983,70.161,69.877,71.170,73.474,72.313
E14000558,94.360,96.335,96.338,95.320,95.027,96.056,96.787,96.611,92.204,91.087,96.312,96.696,96.515
E14000559,97.856,97.618,98.177,98.375,98.613,98.100,98.474,98.354,96.979,94.174,97.419,97.499,97.670
E14000560,96.438,94.883,97.117,97.230,96.511,97.182,97.209,96.404,94.254,94.721,96.016,96.668,96.166
E14000561,95.344,96.031,96.841,97.251,97.017,97.326,97.290,97.199,94.452,94.963,96.010,96.158,97.266
E14000562,96.302,95.019,96.608,96.628,96.673,96.834,96.880,97.323,96.179,93.864,95.115,96.483,96.917
E14000563,94.708,95.426,94.291,94.820,96.105,95.944,95.116,96.023,94.558,93.508,94.426,92.967,95.681
E14000564,95.068,96.338,96.180,97.212,96.740,95.989,96.729,97.142,96.562,94.717,95.757,95.641,96.187
E14000565,95.394,95.968,97.612,97.782,97.287,97.045,97.772,97.612,95.007,92.520,94.237,96.207,96.562
E14000566,96.526,96.886,97.537,98.151,97.950,98.192,97.935,98.107,97.120,95.831,97.424,97.943,96.211
E14000567,94.634,95.895,97.208,97.073,97.176,97.297,97.464,97.419,93.424,94.679,95.928,96.658,96.253
E14000568,96.915,96.992,97.457,95.849,97.439,95.514,96.897,97.437,96.732,94.691,96.336,97.348,96.035
E14000569,84.627,83.838,84.085,84.890,84.348,84.515,85.640,84.731,82.128,81.621,83.834,84.606,84.958
E14000570,97.544,97.880,98.062,98.244,97.051,98.157,97.810,97.920,95.342,95.680,96.597,96.591,96.575
E14000571,96.994,96.035,97.359,97.494,97.587,97.284,97.617,97.802,96.779,95.707,97.045,96.589,97.454
E14000572,98.378,98.700,98.720,98.953,98.670,98.821,98.936,98.976,96.083,94.503,98.470,98.869,98.541
E14000573,98.226,98.414,98.556,98.785,98.713,98.724,98.294,98.695,97.221,94.147,97.997,98.478,98.656
E14000574,97.338,97.818,97.876,95.953,97.921,97.668,98.193,98.000,96.182,93.100,97.653,98.354,98.120
E14000575,96.190,97.298,97.564,97.371,97.422,97.487,97.513,97.549,89.399,93.387,96.395,96.806,96.927
E14000576,97.691,98.174,98.268,98.572,98.531,98.225,98.633,98.438,95.152,93.359,95.883,98.006,98.373
E14000577,94.802,94.112,94.269,94.541,94.563,94.464,94.394,94.928,91.984,90.603,94.071,94.024,94.791
E14000578,95.525,96.708,96.911,97.117,96.538,96.660,97.052,97.143,94.470,94.000,95.297,96.271,97.243
E14000579,95.497,95.955,96.619,96.280,96.985,97.057,97.268,97.208,96.068,93.411,96.684,96.041,96.726
E14000580,97.142,97.167,98.056,98.242,98.225,98.127,98.221,98.055,95.579,95.602,95.887,97.226,97.533
E14000581,97.185,97.913,97.544,98.031,97.778,98.220,98.020,98.343,98.284,96.853,96.488,97.470,97.962
E14000582,74.582,75.530,75.192,76.368,74.752,75.492,75.172,75.140,74.493,71.892,73.403,75.090,74.449
E14000583,89.930,89.951,89.278,90.378,90.766,89.666,90.365,90.823,85.335,87.021,91.103,89.375,90.683
E14000584,96.561,98.607,98.553,98.698,98.881,98.359,98.714,98.560,95.026,93.294,97.830,98.098,98.531
E14000585,98.349,98.033,98.346,98.869,98.721,98.521,98.766,98.659,96.643,95.887,97.851,98.507,95.182
E14000586,98.335,98.148,98.835,96.390,98.719,98.485,98.374,98.847,94.675,94.380,97.141,95.414,97.879
E14000587,98.069,98.345,97.877,98.482,98.427,98.453,98.714,98.352,97.448,95.353,97.795,98.755,98.081
E14000588,96.544,97.232,97.338,98.161,94.580,96.887,97.426,96.880,95.704,94.008,96.783,96.729,97.735
E14000589,97.111,98.392,98.923,99.283,99.035,98.920,98.717,99.110,98.513,96.840,98.356,98.164,99.077
E14000590,77.071,75.454,75.936,77.514,77.524,79.113,78.061,77.624,74.968,74.255,77.809,76.531,77.431
E14000591,97.015,97.944,98.066,98.390,98.541,98.415,98.261,98.322,97.325,96.616,97.596,96.385,98.076
E14000592,96.492,97.896,96.939,98.258,98.227,98.014,98.078,98.093,93.943,94.861,96.737,96.685,97.896
E14000593,98.490,97.070,99.074,99.097,98.905,98.899,98.832,98.933,96.857,94.898,96.455,97.840,98.937
E14000594,89.384,90.053,89.392,90.422,89.681,89.578,89.819,90.445,88.157,83.752,89.320,87.852,89.369
E14000595,71.983,72.211,74.227,75.965,73.441,73.744,74.049,72.717,74.149,68.397,72.549,73.915,73.748
E14000596,51.530,51.885,50.483,53.632,49.444,51.436,50.770,51.316,56.010,55.509,59.064,58.066,58.638
E14000597,96.486,96.400,98.524,99.110,98.892,98.944,99.052,98.977,98.416,97.050,94.501,97.936,98.603
E14000598,96.843,97.310,97.254,95.513,97.638,97.600,98.447,98.045,94.976,94.904,96.831,97.465,97.497
E14000599,96.159,90.841,96.177,96.498,96.215,94.361,96.436,96.514,93.826,93.051,94.848,94.716,95.857
E14000600,94.583,96.939,94.951,97.761,97.726,97.486,98.011,98.103,94.912,93.986,93.876,96.182,96.715
E14000601,94.121,93.994,95.244,94.684,94.486,95.143,94.880,95.191,92.323,92.038,92.107,94.834,94.129
E14000602,96.001,96.261,89.219,97.400,96.542,97.099,96.618,96.840,95.724,91.004,95.446,96.852,96.249
E14000603,60.042,61.129,58.817,60.726,58.818,60.743,60.982,60.349,58.398,56.498,59.920,60.848,60.013
E14000604,94.668,96.137,97.193,96.599,96.932,97.317,96.078,97.304,92.132,90.901,95.136,94.924,96.615
E14000605,86.398,87.385,84.978,86.347,86.962,87.034,86.759,85.571,82.621,80.332,85.592,85.874,86.124
E14000606,98.655,98.783,99.038,98.865,99.005,98.236,98.332,98.512,94.502,95.846,98.340,98.158,98.651
E14000607,98.192,98.393,98.484,98.547,98.785,98.808,98.510,98.841,93.763,91.852,97.049,98.475,96.969
E14000608,60.672,59.826,62.693,62.457,61.741,61.509,63.383,62.542,62.580,58.599,62.527,61.989,61.361
E14000609,98.489,96.560,98.819,98.911,96.002,98.401,98.485,98.831,96.136,96.525,97.815,98.175,98.788
E14000610,85.545,85.691,86.781,86.166,85.962,84.795,86.204,86.586,84.429,83.321,85.084,85.477,85.241
E14000611,96.051,95.827,96.290,97.590,97.498,97.654,97.512,97.526,95.479,93.733,95.865,95.638,96.699
E14000612,94.646,94.141,95.217,95.525,95.469,94.951,95.835,95.932,94.949,93.976,93.000,94.674,95.198
E14000613,60.202,62.342,62.597,62.555,62.713,63.250,64.665,61.018,58.589,59.618,61.166,61.852,62.738
E14000614,97.952,97.947,98.727,97.208,98.402,98.188,98.332,98.737,94.702,94.389,96.696,98.096,98.632
E14000615,95.983,97.347,96.982,97.265,98.046,97.880,97.909,97.771,96.843,95.765,97.243,97.474,98.006
E14000616,91.152,91.878,93.912,93.948,93.727,93.967,92.869,93.793,91.746,91.638,92.969,92.496,93.906
E14000617,94.252,95.652,95.642,96.155,95.413,95.656,96.119,95.604,93.155,91.266,93.809,93.829,94.296
E14000618,94.259,95.230,95.744,95.578,95.338,95.261,95.826,95.435,93.042,91.949,93.792,94.801,92.499
E14000619,81.572,83.063,84.494,84.537,83.652,84.170,82.852,84.874,80.407,75.863,81.305,83.629,83.256
E14000620,91.904,91.839,91.600,92.632,97.429,88.107,92.909,92.771,89.757,87.971,92.454,92.071,92.128
E14000621,97.294,97.824,98.097,97.511,98.222,98.142,97.966,97.734,96.891,95.739,96.933,97.887,97.978
E14000622,97.724,98.606,98.296,98.305,98.864,98.731,98.393,98.683,96.625,94.855,97.349,98.064,98.621
E14000623,67.489,68.778,66.657,68.401,66.541,68.011,68.211,67.350,66.857,61.940,67.905,68.315,67.958
E14000624,59.436,61.158,60.448,61.203,61.207,61.413,61.620,61.267,59.301,57.999,61.645,62.177,60.418
E14000625,98.507,98.043,98.359,98.264,98.640,98.904,98.868,98.745,95.089,93.854,98.038,96.598,98.766
E14000626,92.108,91.484,92.130,92.236,92.545,92.073,92.575,92.849,90.898,90.645,91.380,91.071,92.513
E14000627,96.682,96.750,96.866,97.115,97.121,97.447,97.092,96.490,95.260,90.646,93.861,96.095,96.153
E14000628,95.513,95.102,95.680,96.232,95.622,95.697,96.244,95.886,92.646,91.773,95.798,95.730,95.691
E14000629,98.215,98.765,98.468,98.961,99.307,98.570,99.137,99.067,97.972,97.451,98.201,97.591,95.976
E14000630,99.002,94.189,99.055,99.307,98.968,99.090,98.850,99.062,95.250,92.467,97.323,98.426,98.840
E14000631,94.144,97.453,97.487,98.175,98.059,97.696,98.281,98.305,93.909,89.844,96.742,97.527,97.712
E14000632,98.106,97.832,98.508,98.132,98.327,98.358,98.333,98.141,94.661,93.185,96.083,98.098,98.070
E14000633,81.412,80.354,80.631,80.339,81.284,80.661,81.444,80.982,79.205,77.041,81.667,80.998,82.088
E14000634,96.472,97.193,96.927,96.927,97.584,96.996,97.347,97.750,95.753,94.253,94.700,97.166,96.933
E14000635,95.479,95.412,95.967,95.864,93.801,94.700,94.255,96.269,92.516,89.669,95.579,96.209,95.861
E14000636,96.308,98.311,98.573,97.012,98.537,97.077,98.421,98.794,96.897,95.437,98.455,96.842,98.606
E14000637,96.046,97.090,95.104,97.146,97.241,97.405,97.287,97.545,96.633,94.554,95.080,95.727,97.093
E14000638,98.618,98.882,99.155,98.871,99.132,98.821,98.688,99.043,95.123,94.901,97.951,97.694,99.122
E14000639,98.210,98.098,98.027,97.593,95.915,98.269,98.833,98.653,97.646,95.443,98.095,97.751,97.934
E14000640,90.494,91.416,92.896,91.739,92.202,92.690,92.249,92.511,86.484,88.281,91.341,91.486,91.586
E14000641,97.658,97.966,98.254,97.962,98.337,98.288,98.412,98.517,96.507,95.986,96.765,98.512,98.891
E14000642,96.576,97.047,97.234,97.387,97.473,97.319,97.389,97.300,95.725,94.012,96.291,97.553,96.332
E14000643,85.343,86.303,88.138,86.871,86.889,86.700,87.164,87.997,83.025,83.050,85.870,86.319,86.608
E14000644,94.194,89.928,91.652,92.497,92.411,92.392,92.999,93.198,90.834,90.370,91.292,92.739,91.923
E14000645,97.181,97.215,97.141,97.422,97.254,97.328,97.429,97.459,94.677,93.877,96.787,95.753,97.624
E14000646,85.715,87.856,88.695,85.943,88.711,89.343,87.836,88.634,84.871,85.429,87.585,86.521,88.012
E14000647,84.236,85.042,85.340,84.298,85.593,86.323,85.876,87.129,85.215,85.043,86.795,84.056,86.740
E14000648,86.911,86.664,87.188,86.764,86.948,87.240,86.019,88.105,83.796,85.690,86.883,87.788,87.498
E14000649,94.836,95.475,95.387,96.239,95.827,96.071,96.249,96.400,93.366,94.172,94.125,94.971,95.454
E14000650,92.702,93.626,94.231,94.741,94.872,94.176,94.794,94.890,88.902,92.417,93.783,94.708,94.716
E14000651,95.786,96.059,96.581,96.143,96.865,96.441,96.290,96.434,91.915,95.224,96.301,95.921,96.108
E14000652,98.204,98.114,98.408,98.523,98.504,98.518,98.453,98.533,95.335,92.133,96.812,98.179,98.212
E14000653,96.200,94.565,96.759,96.943,96.825,96.989,90.839,97.264,95.589,92.753,94.877,96.425,97.178
E14000654,94.200,93.664,91.088,94.303,93.808,94.196,94.548,94.573,94.724,92.359,95.294,94.452,95.359
E14000655,95.100,95.763,96.514,96.840,96.989,97.459,97.680,97.802,96.011,95.379,96.431,96.908,97.230
E14000656,92.391,92.653,94.404,93.095,93.326,93.563,93.819,93.873,92.195,88.465,91.706,93.354,93.653
E14000657,96.877,95.459,97.298,97.361,97.670,96.495,97.880,98.074,94.329,95.690,97.288,96.880,97.870
E14000658,98.273,98.419,99.154,99.166,99.190,98.938,99.181,99.126,96.095,96.461,97.221,98.098,98.953
E14000659,95.448,92.423,95.498,95.514,94.580,95.547,95.407,93.695,93.126,91.543,92.793,95.409,94.694
E14000660,68.000,69.179,69.348,69.323,68.703,69.913,66.917,68.406,67.891,66.047,68.330,68.516,69.092
E14000661,96.136,96.877,97.681,97.864,96.914,97.027,98.216,98.283,97.287,96.144,98.033,95.007,97.060
E14000662,97.603,97.336,97.906,98.078,98.298,98.204,97.867,98.303,96.719,92.933,96.249,97.607,97.360
E14000663,95.052,95.586,95.397,94.892,95.239,94.985,95.293,95.141,92.261,92.644,94.399,94.429,94.544
E14000664,54.894,55.766,57.474,55.993,55.680,56.364,55.695,57.011,54.298,53.407,55.334,57.133,57.481
E14000665,71.383,71.570,72.601,71.792,71.627,71.897,71.677,72.310,68.187,66.044,70.314,71.563,71.216
E14000666,98.199,98.523,98.673,98.781,98.485,98.243,98.685,98.625,95.047,96.900,97.766,98.544,98.065
E14000667,91.635,93.124,92.458,93.000,93.366,93.047,92.481,93.336,92.427,90.920,91.192,92.353,92.630
E14000668,97.651,96.803,97.505,97.949,97.970,97.822,97.606,97.749,95.727,93.658,95.562,96.806,97.898
E14000669,96.484,98.022,96.975,97.923,97.836,97.533,97.488,97.180,95.845,94.154,95.793,97.281,96.927
E14000670,87.139,88.080,88.051,88.536,87.072,87.771,88.688,88.475,86.995,83.130,88.467,86.539,88.932
E14000671,96.195,96.353,96.704,97.382,97.594,97.327,97.674,97.559,94.029,93.352,96.433,96.495,97.718
E14000672,93.818,95.794,96.446,96.034,96.845,96.117,96.244,96.777,95.497,90.387,96.205,94.989,96.063
E14000673,96.335,98.190,97.109,98.435,97.927,98.377,98.297,96.537,97.600,96.193,97.943,96.765,98.308
E14000674,98.867,98.999,99.279,99.235,98.764,98.999,98.681,99.235,97.610,96.110,98.581,98.882,98.394
E14000675,98.493,98.176,99.000,98.853,98.930,99.016,99.041,98.874,95.325,96.845,97.586,98.346,98.486
E14000676,98.070,98.044,98.552,99.056,98.823,98.570,98.498,98.887,96.599,96.194,98.326,97.981,98.335
E14000677,98.752,98.769,99.196,99.021,98.917,98.611,99.094,99.077,98.425,96.808,97.932,98.304,98.122
E14000678,93.213,91.408,93.447,94.311,94.145,93.846,94.034,93.882,89.322,87.724,92.839,93.809,93.566
E14000679,98.175,98.520,98.976,98.843,98.926,98.794,98.734,98.608,97.686,96.574,97.838,97.904,98.855
E14000680,91.501,92.465,92.468,92.847,92.878,92.592,92.695,92.189,88.188,84.900,91.806,92.112,93.130
E14000681,95.251,95.969,96.423,96.275,95.981,96.255,95.956,96.953,95.159,89.968,95.159,95.881,96.092
E14000682,97.398,97.822,96.168,98.639,98.602,98.264,98.366,97.759,95.011,92.417,96.677,97.756,98.111
E14000683,78.473,80.611,82.381,82.630,83.247,82.925,83.743,83.000,78.613,79.791,81.720,83.247,82.865
E14000684,97.793,97.848,97.784,98.286,98.278,98.037,98.209,98.267,95.314,96.438,93.581,97.070,98.099
E14000685,91.420,95.537,96.675,98.174,97.780,95.881,98.408,98.097,93.817,89.337,96.561,92.049,97.323
E14000686,81.295,81.018,82.103,81.621,81.642,80.328,81.710,81.245,78.817,78.033,79.667,80.841,81.370
E14000687,95.972,96.221,96.639,97.682,97.620,97.357,97.249,97.697,96.407,93.717,94.519,96.700,97.594
E14000688,95.084,95.612,93.961,96.166,95.602,96.090,96.596,96.561,95.115,92.573,94.264,95.465,95.599
E14000689,86.392,86.245,86.701,86.006,87.246,86.348,85.959,87.164,83.417,82.178,87.060,87.075,87.001
E14000690,94.833,96.666,95.925,96.920,96.886,96.758,96.015,96.491,96.194,91.072,95.132,96.949,94.779
E14000691,93.804,95.638,95.092,95.425,95.279,96.258,95.136,96.400,91.458,88.407,91.790,92.601,95.332
E14000692,96.689,94.844,96.497,96.299,96.709,95.308,96.547,96.779,95.750,93.901,95.710,97.098,94.760
E14000693,97.041,98.928,98.585,99.266,99.133,99.224,98.620,99.368,97.789,95.453,98.199,96.784,98.720
E14000694,97.380,95.388,97.359,97.968,97.972,97.993,98.013,97.761,93.675,93.261,96.757,96.545,97.912
E14000695,97.842,98.196,98.394,98.421,98.503,98.416,98.250,98.455,93.749,94.458,96.807,98.144,98.609
E14000696,97.385,96.577,96.331,98.160,98.194,97.832,98.118,98.261,96.743,95.566,96.664,97.476,98.077
E14000697,97.806,97.039,97.992,98.716,98.659,98.550,98.380,98.267,93.868,95.266,96.639,97.811,98.000
E14000698,97.493,97.697,97.836,95.582,96.920,97.780,97.857,98.021,92.956,94.162,96.483,97.438,98.003
E14000699,98.476,98.465,98.822,99.020,98.926,98.925,98.845,98.903,92.637,91.741,97.971,97.963,98.652
E14000700,72.641,74.271,74.038,72.940,76.016,75.217,75.932,74.038,73.297,72.106,76.500,75.495,76.231
E14000701,97.729,98.773,98.643,98.913,98.427,98.719,98.508,98.851,97.377,95.909,97.148,97.642,98.722
E14000702,95.815,97.698,97.896,98.058,98.128,97.895,97.922,97.858,95.282,90.662,95.965,95.553,97.722
E14000703,97.140,96.771,96.910,97.163,97.221,97.760,98.111,98.338,95.673,95.212,97.287,96.371,98.189
E14000704,87.285,87.910,86.549,89.607,89.553,88.553,88.740,89.078,86.756,84.853,86.176,88.320,88.146
E14000705,67.423,68.397,67.880,67.819,69.620,69.188,69.896,70.489,68.846,67.064,67.725,70.428,70.474
E14000706,98.119,98.415,98.700,98.901,98.807,98.786,98.979,98.965,94.966,94.377,97.626,98.763,98.892
E14000707,62.070,63.432,64.189,63.164,62.751,64.208,64.168,62.351,63.531,63.406,65.426,63.412,67.629
E14000708,97.010,97.628,97.632,97.618,97.231,97.369,97.192,97.191,95.228,93.032,96.034,96.335,96.440
E14000709,96.916,97.451,97.317,97.740,97.804,97.805,97.938,98.247,95.853,94.764,96.938,97.782,97.112
E14000710,95.685,96.217,96.613,96.574,96.323,96.812,96.468,96.935,93.444,91.751,95.401,95.802,95.419
E14000711,92.773,92.010,93.217,94.019,93.344,93.771,93.100,93.483,91.666,91.637,92.326,90.596,92.530
E14000712,96.236,97.923,98.462,98.931,98.898,99.223,99.045,99.068,97.151,95.229,97.531,99.173,96.080
E14000713,98.884,99.024,98.562,99.081,98.969,98.971,98.737,99.123,95.022,96.668,98.050,98.476,98.768
E14000714,70.196,72.197,71.128,72.373,69.314,72.512,71.237,70.709,67.548,68.415,69.090,71.207,70.528
E14000715,91.760,88.978,92.413,91.651,92.993,92.285,91.328,92.459,88.961,87.904,91.616,90.913,91.952
E14000716,95.607,94.631,95.812,94.764,96.418,96.344,96.501,97.020,95.831,91.542,95.828,95.467,95.694
E14000717,93.555,93.867,93.921,93.916,93.728,94.505,94.274,94.328,90.412,90.581,92.154,93.753,93.967
E14000718,96.316,95.908,97.198,97.886,97.383,97.759,97.837,97.656,97.062,94.774,94.315,96.710,96.872
E14000719,95.914,95.199,95.593,95.906,96.397,95.983,95.151,96.234,92.184,88.337,95.199,95.868,95.253
E14000720,97.117,97.229,96.903,98.451,98.531,98.250,98.719,98.868,96.780,96.304,98.154,96.699,97.875
E14000721,95.383,97.065,98.292,98.136,98.447,98.607,98.532,97.987,96.779,97.875,97.328,97.886,96.054
E14000722,95.837,97.090,97.025,96.863,97.327,96.965,97.497,97.390,95.841,92.845,96.905,96.333,96.673
E14000723,98.682,99.098,98.769,99.204,99.043,99.279,99.148,99.249,98.435,95.736,98.552,98.725,98.945
E14000724,86.272,87.264,87.264,86.712,86.130,86.578,86.780,86.966,84.098,82.344,86.012,87.779,86.541
E14000725,94.851,95.736,95.825,96.479,96.329,96.018,96.582,96.046,94.007,92.710,95.931,95.919,96.348
E14000726,99.161,98.824,98.610,99.584,99.268,99.354,98.835,99.426,98.595,97.717,99.424,97.677,99.135
E14000727,96.692,96.774,97.908,97.072,97.657,97.770,97.720,98.373,96.002,96.464,97.871,97.012,97.741
E14000728,88.303,85.973,88.052,89.077,88.821,89.765,88.770,89.325,87.887,85.190,89.113,89.275,89.717
E14000729,97.413,97.146,97.774,97.414,97.510,97.650,97.522,97.421,95.755,95.407,96.711,97.107,97.076
E14000730,86.837,88.506,86.644,89.248,88.666,90.093,88.345,88.072,86.950,83.240,87.688,88.854,88.478
E14000731,98.224,96.934,95.522,98.314,98.369,97.678,97.840,98.662,96.949,95.440,95.519,94.854,98.011
E14000732,96.957,96.974,97.446,97.303,97.652,97.612,97.441,97.137,92.897,95.067,96.349,96.642,97.013
E14000733,99.107,99.416,99.267,98.946,99.077,99.299,99.342,99.362,96.215,95.579,98.458,99.094,99.269
E14000734,80.590,80.459,81.383,81.594,79.969,81.303,81.722,81.750,77.559,76.780,81.871,78.785,78.749
E14000735,90.208,91.286,90.717,90.707,91.696,91.563,91.021,91.788,90.797,89.529,90.516,90.369,90.802
E14000736,97.412,97.567,98.096,98.240,98.066,98.166,98.291,98.365,92.651,93.960,96.488,97.893,97.943
E14000737,96.441,97.320,95.778,97.101,97.590,96.916,96.651,96.987,95.609,96.274,97.174,96.777,97.204
E14000738,97.244,97.471,97.504,97.389,97.787,97.873,98.073,98.111,94.717,92.253,96.773,97.572,97.622
E14000739,95.018,96.442,97.089,97.829,97.290,96.778,97.487,97.632,96.544,94.826,94.759,97.510,95.290
E14000740,96.764,96.860,97.031,97.147,96.686,95.316,97.014,97.194,93.748,92.199,95.980,96.640,96.764
E14000741,98.045,97.370,98.131,98.681,98.565,98.552,98.588,98.722,96.998,95.824,96.866,97.837,98.026
E14000742,66.857,66.738,68.469,69.255,68.253,70.111,71.090,72.016,69.840,67.330,74.928,71.026,74.332
E14000743,79.059,80.847,81.522,80.883,81.614,81.742,79.566,80.951,75.047,73.103,78.953,80.594,78.070
E14000744,93.629,94.680,94.322,94.857,94.838,93.901,94.421,94.989,91.861,90.515,93.436,94.147,94.020
E14000745,95.728,96.382,96.259,97.918,97.624,97.590,97.462,97.916,90.035,94.234,97.676,97.897,98.061
E14000746,87.066,88.247,87.864,88.158,87.596,89.046,89.040,88.827,87.016,82.808,88.201,88.189,88.790
E14000747,94.661,95.805,95.894,96.683,96.928,96.840,96.845,96.879,93.357,94.734,96.268,95.418,96.814
E14000748,88.932,88.027,89.008,89.870,88.684,90.285,88.634,89.117,87.315,85.735,86.440,86.552,89.274
E14000749,93.194,92.426,92.765,93.912,93.019,91.199,94.355,95.427,90.342,88.749,95.131,94.632,93.964
E14000750,95.608,97.879,98.607,98.595,98.649,99.213,98.535,99.439,98.120,97.908,97.674,97.544,97.756
E14000751,96.310,96.579,96.526,97.400,97.202,97.227,97.538,97.462,94.872,92.497,95.931,96.072,96.568
E14000752,97.848,97.226,98.102,98.381,98.006,97.293,97.977,98.245,95.824,95.797,97.327,96.743,97.517
E14000753,81.750,82.615,82.935,83.018,83.543,81.482,84.116,82.985,80.191,74.285,80.671,81.217,83.731
E14000754,96.077,97.978,96.875,98.124,98.355,98.309,97.999,98.507,96.478,94.405,96.759,97.779,97.815
E14000755,98.815,98.333,98.262,99.150,99.101,99.099,99.243,98.943,98.167,93.320,98.786,98.123,98.783
E14000756,97.268,98.361,98.742,98.516,97.792,98.556,98.638,98.308,95.366,95.746,98.315,98.502,98.315
E14000757,82.670,84.520,84.837,84.914,83.766,84.810,84.594,84.595,80.166,81.694,84.492,84.468,84.019
E14000758,96.134,98.433,98.858,98.830,98.685,98.870,98.699,98.639,97.654,96.342,96.868,98.366,98.242
E14000759,95.496,94.683,94.851,91.247,94.847,95.014,92.836,97.455,93.834,93.057,96.873,96.546,96.138
E14000760,97.255,97.321,96.853,98.175,98.094,95.722,97.173,97.796,96.032,96.485,96.454,98.164,97.739
E14000761,99.091,99.265,99.312,99.368,99.183,99.438,99.457,99.211,95.052,96.016,97.157,98.281,98.840
E14000762,93.478,94.265,94.498,94.708,94.125,94.183,94.662,93.959,91.773,89.673,92.826,94.045,93.979
E14000763,96.505,96.382,98.124,98.442,97.696,97.916,98.242,97.383,97.894,97.275,96.832,98.154,98.440
E14000764,97.057,96.696,97.410,98.146,98.145,97.976,97.783,98.385,98.425,97.924,98.004,97.745,98.042
E14000765,98.447,97.881,98.771,98.490,98.856,98.797,98.863,98.822,96.556,95.314,97.103,97.755,98.735
E14000766,97.811,98.015,98.104,97.894,97.888,98.180,97.958,98.230,96.129,93.704,97.757,97.868,97.894
E14000767,61.650,57.909,61.795,60.933,62.596,61.583,61.719,61.813,60.719,57.891,60.079,61.700,61.375
E14000768,97.239,99.272,99.375,98.230,99.460,99.514,99.276,99.304,97.636,94.061,98.839,98.390,98.675
E14000769,95.113,95.498,95.132,95.235,95.795,95.296,95.147,94.748,94.374,91.097,95.449,96.471,99.128
E14000770,98.085,97.774,98.257,98.868,98.607,98.532,98.512,98.941,94.923,96.583,96.817,97.093,98.068
E14000771,98.892,98.889,99.196,99.041,99.093,99.174,99.112,99.181,96.708,98.828,97.872,98.176,98.743
E14000772,97.722,94.309,97.433,97.947,98.152,98.362,98.379,98.057,97.569,94.459,98.210,97.301,98.306
E14000773,98.211,98.083,97.689,97.881,98.646,98.328,98.124,98.278,97.272,96.005,96.271,97.235,98.315
E14000774,92.462,93.291,93.579,94.760,95.541,95.353,95.331,95.328,90.950,90.398,92.302,94.466,94.974
E14000775,96.048,96.508,97.413,96.186,97.307,97.204,97.736,97.612,95.854,95.175,97.151,97.465,95.868
E14000776,90.864,92.041,92.115,92.475,92.238,92.007,92.073,91.821,89.406,88.036,91.452,91.781,91.815
E14000777,96.855,97.315,98.450,98.443,98.453,98.534,98.296,98.506,95.964,96.162,97.971,97.394,98.398
E14000778,95.716,96.000,95.170,96.294,95.932,96.328,96.419,96.897,96.264,95.680,96.098,96.892,97.772
E14000779,98.200,98.337,98.494,98.438,98.720,98.469,98.553,98.623,95.058,94.376,98.117,98.384,98.698
E14000780,96.659,97.089,97.508,97.420,97.149,97.049,97.360,97.741,94.368,90.573,96.117,97.602,96.709
E14000781,96.922,97.393,97.098,97.765,97.501,97.666,97.540,97.651,96.258,95.272,97.272,97.257,96.400
E14000782,97.973,98.412,98.946,98.250,99.059,99.192,98.836,99.275,96.694,97.013,98.501,93.913,98.991
E14000783,98.034,98.149,98.409,98.162,98.038,98.724,98.443,98.786,97.369,96.536,97.457,97.388,98.098
E14000784,96.625,96.950,97.687,97.735,97.726,97.657,97.806,98.023,95.695,95.990,97.791,97.579,97.733
E14000785,96.266,96.935,97.135,97.660,97.630,97.055,97.329,97.383,96.346,93.049,95.871,96.684,96.711
E14000786,92.075,95.496,95.731,93.758,95.636,95.279,96.069,96.013,93.929,88.419,94.226,95.629,95.947
E14000787,92.730,95.383,95.186,91.473,94.982,94.977,94.732,95.170,94.194,93.589,93.836,94.328,93.906
E14000788,97.161,94.834,97.998,97.561,98.210,97.944,97.938,94.941,95.597,91.748,94.593,96.443,97.108
E14000789,97.158,96.549,97.265,97.612,97.087,96.785,97.557,97.518,96.987,97.193,97.430,95.465,97.772
E14000790,96.614,97.229,97.644,97.976,97.127,97.769,97.845,97.814,94.826,95.574,97.821,96.594,98.014
E14000791,89.697,90.116,90.152,87.945,89.824,90.211,90.308,89.088,88.445,87.293,87.143,88.354,88.106
E14000792,98.049,98.390,98.603,98.533,98.489,98.559,98.673,98.591,95.441,95.428,97.322,98.541,98.174
E14000793,96.860,96.096,95.910,97.162,97.131,97.192,97.686,97.087,96.506,95.076,96.414,97.416,97.085
E14000794,97.364,98.383,98.093,98.562,97.671,98.455,98.488,98.507,98.265,96.161,98.112,97.418,97.802
E14000795,96.892,97.709,97.524,98.321,97.310,97.943,98.473,98.361,97.998,96.509,97.896,98.130,98.181
E14000796,97.056,96.328,97.892,97.511,96.674,98.033,98.107,97.816,96.116,95.193,97.269,97.279,97.944
E14000797,95.188,95.652,95.940,95.883,95.413,96.171,96.381,96.070,92.453,92.668,95.012,95.577,96.057
E14000798,66.029,64.537,66.389,65.573,65.291,65.376,65.864,66.208,64.820,63.891,63.701,65.952,66.502
E14000799,64.910,64.716,65.574,64.865,64.431,66.044,63.928,65.301,62.974,61.502,63.366,63.586,65.490
E14000800,93.924,93.852,94.378,94.549,94.011,94.666,94.845,94.077,92.994,90.493,92.428,93.903,94.011
E14000801,97.361,97.646,98.463,98.239,98.383,98.566,98.686,98.759,96.870,96.657,97.728,98.451,98.512
E14000802,97.975,98.362,98.467,98.618,98.249,98.608,98.612,98.485,94.907,95.562,96.392,98.347,98.480
E14000803,92.489,92.025,93.122,93.392,93.632,93.270,92.682,93.986,91.585,90.206,88.982,89.620,92.058
E14000804,82.447,85.584,84.396,85.727,87.870,87.108,88.384,87.861,85.751,86.193,87.739,87.023,88.572
E14000805,95.170,97.945,97.860,98.220,98.285,97.996,98.258,98.379,95.806,95.609,96.710,96.546,98.061
E14000806,72.646,72.151,72.909,73.089,71.528,73.607,73.523,71.705,68.329,70.268,72.624,71.734,73.820
E14000807,96.920,96.478,96.362,96.476,97.335,96.962,97.552,97.603,96.875,95.580,96.178,96.040,97.196
E14000808,95.933,96.273,96.806,97.266,97.229,97.037,96.713,97.246,96.383,94.875,96.018,95.706,96.147
E14000809,96.604,97.910,97.220,98.221,97.455,98.480,98.325,98.215,95.909,95.627,97.201,98.301,97.899
E14000810,95.173,94.910,95.732,95.441,95.306,95.788,95.264,95.352,93.977,92.729,94.452,95.211,95.775
E14000811,77.737,76.622,76.617,77.852,77.955,77.062,77.603,77.387,75.377,73.690,76.286,74.939,77.698
E14000812,97.515,97.961,98.177,98.202,98.364,98.331,97.761,97.940,96.184,92.627,95.401,97.918,97.791
E14000813,88.361,89.221,88.204,89.611,89.343,88.994,88.924,88.461,86.726,86.104,86.233,87.797,87.617
E14000814,85.176,90.190,89.649,89.812,90.209,89.976,89.378,89.924,86.255,82.831,86.098,90.108,89.798
E14000815,91.762,92.351,93.813,93.005,93.138,92.971,92.959,93.384,86.175,88.929,91.851,92.085,93.628
E14000816,61.167,61.921,61.253,62.122,61.582,61.890,60.304,62.419,59.614,58.922,63.700,59.257,63.293
E14000817,96.601,97.555,98.674,98.533,98.714,98.498,98.919,98.276,96.824,89.393,94.930,97.137,97.241
E14000818,72.790,73.668,74.138,75.283,73.446,74.119,74.975,73.707,72.557,69.306,73.558,72.675,73.618
E14000819,98.496,98.850,99.199,99.199,99.072,99.178,99.058,99.235,97.758,96.182,97.675,98.469,98.892
E14000820,96.340,98.208,98.421,98.337,98.279,98.460,98.618,98.549,96.653,92.845,97.332,98.373,98.132
E14000821,96.240,97.523,97.196,97.782,97.345,97.760,98.002,98.264,95.760,92.731,97.167,97.149,96.301
E14000822,94.167,95.211,94.421,95.023,94.500,95.001,94.773,95.234,92.577,89.130,93.691,96.818,96.406
E14000823,92.989,98.094,98.018,98.527,98.452,98.291,98.692,98.473,98.382,96.663,98.340,95.891,98.866
E14000824,80.265,79.397,81.675,81.087,81.994,81.300,81.082,82.029,77.434,75.008,78.447,81.425,81.533
E14000825,97.572,97.398,97.874,98.104,97.968,98.004,97.821,97.587,96.380,93.526,97.956,98.000,98.051
E14000826,97.768,96.228,97.815,97.813,97.921,97.958,97.962,98.172,96.755,92.480,97.965,97.692,97.665
E14000827,97.331,97.925,98.330,98.134,98.321,98.469,98.078,98.228,97.980,93.602,93.809,97.138,96.263
E14000828,92.266,91.735,91.919,91.281,91.452,91.954,91.237,91.761,87.553,87.521,88.296,90.174,92.029
E14000829,70.641,69.835,70.660,72.787,72.120,72.120,70.977,73.630,70.345,69.821,72.540,72.064,74.362
E14000830,69.339,69.187,69.925,69.575,70.049,70.195,67.845,71.012,66.410,62.549,69.708,67.986,70.470
E14000831,96.487,95.550,97.622,98.410,98.309,98.518,98.665,98.736,97.411,96.638,97.865,97.572,98.543
E14000832,97.628,98.655,98.559,98.745,98.644,98.697,98.690,98.926,96.785,97.971,97.269,98.328,96.332
E14000833,97.677,94.526,95.150,97.196,98.798,98.484,99.115,98.731,97.776,95.509,98.455,98.866,98.947
E14000834,96.769,96.693,96.683,96.484,97.002,97.213,96.841,96.872,94.094,93.665,95.447,96.802,96.843
E14000835,93.854,93.448,93.969,94.313,93.753,94.112,94.160,94.339,89.847,87.902,92.832,93.838,94.169
E14000836,98.967,98.615,99.083,98.752,98.689,98.825,98.955,98.922,96.907,95.553,98.045,98.863,98.892
E14000837,47.874,45.696,46.678,49.001,47.533,48.247,47.170,47.300,46.679,45.473,46.285,47.417,46.579
E14000838,81.968,81.868,81.668,81.577,80.278,81.955,81.949,81.656,79.044,75.637,79.238,79.542,82.289
E14000839,78.968,76.905,77.613,77.851,77.757,78.057,77.393,77.499,75.131,71.332,76.940,77.464,77.296
E14000840,97.468,97.807,98.270,98.419,98.433,98.286,98.430,98.691,97.236,95.166,95.463,98.218,98.637
E14000841,77.376,77.072,78.708,77.972,78.022,78.950,78.887,77.911,77.441,74.115,77.825,77.263,78.134
E14000842,76.237,76.384,76.584,77.524,78.504,78.189,78.922,79.007,76.278,76.234,77.919,79.358,80.448
E14000843,90.279,91.614,93.209,93.049,93.208,93.444,93.514,93.154,88.933,90.042,94.363,94.606,95.037
E14000844,83.384,86.307,86.598,86.062,85.872,85.540,85.593,86.625,81.480,79.528,83.794,85.514,86.288
E14000845,89.210,90.470,89.407,91.692,89.463,90.293,89.287,89.636,87.230,87.809,90.588,87.823,90.564
E14000846,73.630,73.642,72.146,73.462,73.018,72.772,73.204,72.929,68.704,69.638,72.547,72.824,72.990
E14000847,53.882,53.269,53.918,52.023,56.192,53.194,52.726,53.367,54.257,53.867,57.709,56.524,57.766
E14000848,57.747,57.933,56.678,59.267,57.955,56.522,58.054,57.399,55.823,54.481,54.813,58.323,57.160
E14000849,64.644,65.354,66.160,64.027,64.653,65.301,65.511,65.111,63.738,61.681,64.046,64.213,63.756
E14000850,92.875,94.809,94.995,94.989,95.181,95.412,95.135,95.650,93.571,90.298,88.861,91.544,93.794
E14000851,95.675,96.597,96.284,96.910,96.125,96.378,96.235,96.219,95.754,90.963,95.885,96.389,96.116
E14000852,92.898,92.941,92.580,93.738,93.370,93.676,93.354,93.778,91.391,88.196,91.908,92.802,92.238
E14000853,96.952,98.308,97.007,98.417,98.260,98.268,97.931,98.233,95.891,96.444,97.642,97.077,97.649
E14000854,78.406,77.729,79.033,75.536,76.071,77.485,78.548,78.127,76.495,74.736,78.933,77.252,78.587
E14000855,90.883,92.596,92.390,92.288,92.481,92.767,92.252,92.817,89.897,88.136,92.313,92.391,92.168
E14000856,94.549,94.264,95.436,94.936,95.203,93.422,94.825,95.170,92.644,91.935,93.800,94.676,94.669
E14000857,86.974,87.286,87.820,87.735,88.652,88.785,88.818,88.938,87.101,81.664,86.132,88.243,88.389
E14000858,84.187,85.843,84.831,85.866,85.566,85.115,85.890,85.379,83.074,81.706,84.776,84.044,85.640
E14000859,76.216,74.906,76.307,75.697,74.718,76.469,75.624,75.127,73.919,72.622,74.431,74.725,76.297
E14000860,85.602,86.559,86.759,86.938,86.605,85.399,86.905,86.906,83.440,81.066,85.279,87.029,86.530
E14000861,98.554,97.809,98.431,98.649,98.410,98.428,98.534,98.404,96.597,96.517,97.335,98.364,98.298
E14000862,97.403,96.044,97.225,97.085,97.122,96.105,96.865,96.969,95.208,93.170,96.684,96.710,96.941
E14000863,98.865,98.492,98.989,98.862,98.777,99.046,99.184,98.827,96.826,94.172,96.952,97.644,98.733
E14000864,97.739,98.858,98.917,99.027,98.929,98.834,98.960,99.010,97.264,93.931,97.557,98.262,98.826
E14000865,97.560,97.984,98.278,98.115,98.243,98.582,98.220,98.247,93.430,95.005,96.865,97.725,98.216
E14000866,98.377,98.621,98.960,99.008,99.056,99.009,98.631,98.790,96.738,94.873,98.308,98.264,97.096
E14000867,97.783,97.294,97.963,97.527,97.396,98.017,97.998,98.144,94.435,93.999,97.133,97.394,97.886
E14000868,94.581,96.208,96.696,96.743,96.792,96.315,96.601,96.582,95.321,94.789,93.912,95.399,96.537
E14000869,97.336,97.843,96.917,98.245,98.615,98.386,98.450,98.554,96.736,95.636,97.742,97.143,97.489
E14000870,97.005,94.741,96.677,97.128,96.889,97.450,97.423,97.162,96.268,94.695,96.117,97.309,96.798
E14000871,95.996,95.002,96.438,97.095,96.943,96.890,96.692,96.902,94.976,93.497,96.188,96.198,95.141
E14000872,94.931,95.471,95.071,96.292,97.072,96.698,96.949,96.787,94.504,89.225,95.481,95.012,94.576
E14000873,95.201,97.051,97.673,98.037,97.909,97.711,98.163,98.169,97.082,94.589,97.237,97.126,97.511
E14000874,90.401,92.221,92.109,92.947,93.948,92.875,92.642,93.204,90.289,87.336,89.045,91.212,92.684
E14000875,95.356,95.323,95.439,96.203,95.461,96.497,95.632,95.328,94.312,93.766,94.450,95.349,92.771
E14000876,87.766,86.156,87.268,87.461,87.822,87.965,88.020,87.870,86.119,83.603,87.725,87.289,88.221
E14000877,57.237,56.287,57.764,57.975,58.228,57.122,56.777,58.139,55.863,51.896,56.307,56.084,56.923
E14000878,97.824,98.518,98.389,98.681,98.577,98.550,98.511,98.633,95.675,96.842,95.881,97.737,98.731
E14000879,98.457,98.379,98.907,98.575,97.198,98.123,98.535,98.858,97.996,95.048,97.699,98.158,99.006
E14000880,98.074,98.118,98.048,98.197,97.651,98.002,97.270,98.075,95.157,93.248,97.650,98.008,98.149
E14000881,98.423,98.353,98.330,98.714,98.811,98.805,98.964,98.930,95.793,94.363,97.832,98.218,98.509
E14000882,97.650,97.519,97.703,98.467,98.661,98.599,98.527,98.588,97.803,97.686,98.135,97.470,98.183
E14000883,98.268,98.246,98.296,98.663,98.779,98.512,98.665,98.611,94.030,92.413,97.960,98.059,98.017
E14000884,98.663,98.979,99.062,99.052,99.109,98.957,98.996,99.098,97.212,93.626,98.336,98.746,98.915
E14000885,96.735,96.457,97.353,97.703,97.807,98.409,98.299,98.575,96.017,96.771,98.037,97.319,98.288
E14000886,98.073,98.710,98.247,98.683,98.951,98.974,98.616,98.977,96.400,93.312,97.734,98.836,98.879
E14000887,96.969,96.753,97.711,98.163,98.002,97.956,97.877,97.976,95.227,95.332,97.677,96.589,97.981
E14000888,96.429,96.663,96.771,97.389,96.892,96.817,97.321,97.054,93.471,88.877,96.581,96.829,96.899
E14000889,97.523,96.575,97.964,98.160,98.301,97.860,97.864,98.060,96.089,92.156,95.270,95.645,97.092
E14000890,91.455,91.591,89.900,91.405,92.194,92.050,90.658,91.629,90.180,87.735,89.689,91.329,92.445
E14000891,97.549,98.569,98.720,98.746,98.720,97.469,98.706,98.690,96.360,97.117,97.402,96.278,98.220
E14000892,87.673,86.820,86.843,86.832,86.226,87.281,87.855,87.321,81.599,81.714,86.049,85.960,86.158
E14000893,96.545,97.440,97.379,98.051,98.170,97.994,98.059,97.802,95.237,89.228,96.642,97.718,98.036
E14000894,87.318,87.187,87.668,90.295,88.252,88.341,89.067,88.616,86.541,81.937,87.900,88.113,90.007
E14000895,68.001,69.040,69.679,70.478,68.695,69.723,70.015,68.422,67.222,66.785,68.192,67.958,70.839
E14000896,93.128,97.318,97.240,97.827,97.790,98.112,97.671,98.307,95.110,95.831,96.461,96.558,96.263
E14000897,93.323,95.066,95.199,95.188,95.475,94.791,94.913,95.683,92.813,92.217,94.184,94.422,94.122
E14000898,88.197,86.773,86.937,87.742,89.079,87.984,88.399,89.917,87.105,87.610,86.311,87.319,88.794
E14000899,97.174,98.538,98.477,98.704,98.397,98.655,98.464,98.697,96.950,95.733,97.145,98.092,97.424
E14000900,91.824,93.340,93.846,91.847,93.879,94.079,94.197,94.243,92.007,91.988,93.977,92.177,94.078
E14000901,74.404,79.021,76.418,77.665,76.199,78.058,76.981,77.206,76.657,71.099,76.216,75.836,77.808
E14000902,97.100,97.674,97.092,97.886,97.624,97.619,97.435,97.753,94.614,93.746,96.789,97.443,97.572
E14000903,85.316,85.636,85.321,86.176,85.433,85.708,85.870,85.642,83.853,81.110,85.219,85.802,86.438
E14000904,98.220,95.940,98.928,98.909,98.947,99.041,98.533,99.106,97.764,94.647,98.451,98.529,98.878
E14000905,78.934,82.247,83.197,82.496,83.101,82.149,82.488,81.456,80.436,78.399,82.084,81.003,79.980
E14000906,93.850,95.928,96.110,96.183,96.039,94.870,96.217,96.530,94.390,92.834,95.273,94.856,95.895
E14000907,96.266,96.114,96.794,97.442,97.147,97.364,97.684,97.202,94.945,92.666,96.815,94.767,97.616
E14000908,94.160,94.513,94.903,94.538,94.416,94.691,94.056,94.761,89.991,90.906,92.940,94.285,94.190
E14000909,66.563,65.241,69.865,65.489,65.228,64.822,64.667,65.681,64.055,61.805,63.739,64.036,66.156
E14000910,51.765,50.590,55.293,56.231,56.315,54.591,59.174,62.317,60.771,57.629,61.594,63.610,62.881
E14000911,97.057,97.748,97.677,97.484,96.485,97.770,97.529,98.135,96.727,95.770,97.274,97.551,97.591
E14000912,74.066,73.162,74.709,75.213,73.729,73.406,75.031,74.431,70.907,71.196,73.510,75.496,75.607
E14000913,79.699,78.655,79.693,79.105,79.604,79.101,81.742,78.424,74.593,75.573,78.484,78.605,80.235
E14000914,83.243,82.711,83.251,82.901,83.252,82.639,85.173,89.935,88.686,86.399,90.181,90.302,93.300
E14000915,95.028,96.316,95.658,96.341,96.181,94.684,96.133,96.733,93.280,93.372,95.448,94.470,96.281
E14000916,98.339,98.388,98.410,98.387,98.613,98.731,98.733,98.906,96.008,94.756,98.768,98.879,97.967
E14000917,67.604,66.517,68.720,68.262,66.067,68.101,66.644,69.729,66.540,64.759,68.362,67.235,68.585
E14000918,87.570,86.452,91.385,91.629,89.762,90.217,91.971,90.005,87.294,84.000,88.143,91.381,89.011
E14000919,98.412,98.608,98.324,98.631,98.669,98.874,98.735,99.043,95.898,95.875,98.115,98.517,98.543
E14000920,98.010,97.998,97.930,98.184,98.270,97.969,98.004,98.268,95.872,94.896,98.037,97.824,98.053
E14000921,97.087,97.211,97.476,96.836,97.354,97.436,97.588,97.538,94.858,95.743,97.207,97.901,97.766
E14000922,99.240,99.422,99.358,99.486,99.434,99.432,99.422,99.462,94.986,96.172,97.525,99.065,98.757
E14000923,98.001,97.348,98.246,98.458,98.495,98.541,97.825,98.345,95.495,95.310,97.979,98.426,98.796
E14000924,95.147,95.170,95.550,95.590,95.476,95.263,95.828,95.727,91.370,91.208,94.996,95.296,95.546
E14000925,88.787,91.342,90.549,90.583,91.790,90.348,91.322,93.086,88.085,87.058,90.788,91.149,90.929
E14000926,81.809,82.478,83.636,84.036,83.247,83.281,82.607,84.470,80.358,79.094,81.908,82.872,82.825
E14000927,92.691,93.530,93.151,92.907,92.076,93.270,93.503,93.001,91.899,87.130,90.781,92.856,91.772
E14000928,59.033,60.439,65.077,65.534,67.435,66.623,66.779,67.154,63.790,64.260,65.349,67.612,67.131
E14000929,67.151,65.255,66.544,66.164,68.156,65.642,67.405,66.811,63.757,62.572,66.157,66.301,66.385
E14000930,86.867,85.449,86.861,86.627,86.420,86.859,86.505,87.057,84.593,84.767,84.886,86.267,86.313
E14000931,97.985,97.913,98.789,95.169,91.627,97.971,95.824,98.187,96.026,91.376,98.073,96.660,97.448
E14000932,75.112,72.535,71.943,73.943,72.171,73.674,71.183,73.571,69.500,69.482,72.005,71.341,71.990
E14000933,95.015,95.098,95.697,95.089,95.425,95.327,95.836,95.052,92.068,93.868,94.932,93.699,95.599
E14000934,56.698,56.133,56.683,60.444,59.014,59.585,58.810,61.017,59.079,55.444,57.782,59.475,59.708
E14000935,98.298,98.275,98.607,98.583,98.524,98.361,98.644,98.492,92.336,93.358,96.661,98.466,98.231
E14000936,92.272,92.534,93.467,92.971,92.987,93.198,92.952,93.648,90.841,87.305,91.122,93.056,92.646
E14000937,74.475,74.747,75.412,73.233,71.952,72.290,71.690,73.081,69.837,68.128,70.763,73.046,72.335
E14000938,46.390,42.248,45.964,48.531,44.664,48.605,47.057,46.473,46.036,44.836,47.971,47.202,48.931
E14000939,60.756,60.765,61.882,63.986,63.775,63.725,64.194,62.918,61.522,60.849,63.062,62.951,64.025
E14000940,89.991,91.569,92.114,92.698,91.748,92.049,92.089,92.328,89.189,84.796,90.914,90.938,91.615
E14000941,60.553,60.821,61.546,62.639,60.155,62.018,62.521,61.594,59.804,58.665,59.272,61.858,61.879
E14000942,60.536,61.084,62.855,65.985,60.471,61.403,63.769,63.701,62.518,61.133,64.276,68.426,71.484
E14000943,96.879,97.681,97.537,97.375,97.114,96.665,97.131,97.126,91.657,92.583,96.817,94.616,96.673
E14000944,98.366,97.302,97.951,99.156,97.728,97.892,98.793,98.971,93.956,96.101,97.614,98.097,98.181
E14000945,93.729,96.093,96.804,96.960,96.394,96.791,96.260,96.370,91.980,91.166,95.884,96.510,96.413
E14000946,70.800,72.028,71.683,74.752,71.509,72.546,71.693,74.263,71.186,70.734,72.820,73.175,74.041
E14000947,88.671,92.429,94.799,94.137,94.222,93.855,94.345,94.808,93.879,88.957,94.386,93.261,94.011
E14000948,94.571,93.224,94.905,95.603,95.706,95.095,94.663,95.699,92.123,91.648,94.503,95.118,94.825
E14000949,95.843,95.598,95.549,95.650,96.089,95.686,96.028,93.576,94.480,91.464,95.095,95.604,95.015
E14000950,73.616,75.272,73.996,73.069,74.803,72.345,73.818,74.427,70.527,73.793,76.859,75.656,78.608
E14000951,86.617,86.825,87.838,89.187,88.615,88.796,90.949,87.230,85.819,84.518,88.795,89.377,89.084
E14000952,52.904,52.189,54.194,54.953,52.776,54.791,54.375,52.706,52.679,49.656,51.915,50.782,53.168
E14000953,88.855,89.348,89.441,91.145,91.211,90.934,90.919,91.976,88.512,84.304,90.441,90.628,91.451
E14000954,93.452,90.609,92.517,93.038,93.383,92.935,93.075,92.380,89.614,86.711,92.990,91.658,93.025
E14000955,98.239,98.542,98.674,98.845,98.723,99.046,98.658,99.078,97.089,91.403,97.461,97.935,98.553
E14000956,94.838,97.631,97.248,95.589,97.638,97.634,97.886,96.648,96.980,93.938,96.438,97.135,97.478
E14000957,98.102,97.622,98.650,98.974,99.115,98.968,99.051,99.261,96.419,97.571,96.814,97.986,98.864
E14000958,98.319,98.511,99.112,99.209,99.107,98.912,99.156,98.998,94.338,96.537,98.121,98.480,98.499
E14000959,96.244,96.484,96.446,96.791,97.658,96.946,97.841,97.587,94.617,90.608,95.837,97.411,96.991
E14000960,97.149,98.206,98.576,98.482,98.543,98.636,98.527,98.770,94.457,93.580,98.052,98.215,97.473
E14000961,81.756,80.877,82.353,81.920,80.772,80.703,82.474,82.049,79.378,78.373,81.093,81.965,82.784
E14000962,96.435,97.137,97.388,97.871,97.756,97.848,97.621,97.596,95.574,96.046,97.535,96.885,98.292
E14000963,96.579,96.620,97.034,97.470,97.021,97.223,97.345,97.617,95.063,94.752,96.257,97.198,97.691
E14000964,71.703,72.743,71.947,74.319,72.499,71.315,73.634,73.094,71.406,67.718,70.903,71.756,72.323
E14000965,84.997,86.047,85.495,86.641,86.891,84.691,86.138,85.023,83.549,80.840,85.176,85.235,85.004
E14000966,88.344,87.094,88.498,86.540,88.482,86.357,86.819,87.596,84.226,82.647,86.872,87.951,87.021
E14000967,94.850,94.747,95.166,95.767,94.192,91.358,96.149,95.943,96.049,94.715,95.036,95.538,94.861
E14000968,97.752,97.384,98.039,98.003,98.101,97.950,98.370,97.950,96.151,94.663,97.853,97.892,98.022
E14000969,97.170,97.462,97.684,97.819,97.999,97.933,98.118,98.180,96.510,93.804,96.110,96.881,98.280
E14000970,95.866,95.956,96.331,96.551,96.372,96.351,96.604,96.056,93.768,92.234,95.823,95.765,96.604
E14000971,98.549,98.879,98.903,98.981,98.830,98.625,98.751,98.965,95.348,95.329,98.300,98.702,99.014
E14000972,96.780,97.530,97.637,98.102,98.065,97.877,97.967,98.228,95.724,94.156,97.521,95.901,97.396
E14000973,96.844,97.003,97.103,98.008,97.852,97.443,97.826,97.795,92.881,94.975,97.096,97.024,98.017
E14000974,96.080,97.061,98.038,98.164,97.964,97.910,98.021,97.914,96.661,93.842,96.421,97.765,97.937
E14000975,75.689,76.750,76.728,76.733,77.145,75.679,76.925,76.056,73.143,72.725,76.397,76.442,77.100
E14000976,95.402,95.828,96.442,95.972,96.745,96.469,96.307,96.593,93.564,89.562,95.966,95.685,96.042
E14000977,66.939,66.775,66.826,65.987,69.374,67.746,68.436,68.802,65.806,64.284,64.543,67.439,70.179
E14000978,97.869,98.147,95.448,96.318,95.508,96.391,98.091,98.345,97.016,94.390,97.552,98.093,98.241
E14000979,98.911,98.899,98.852,99.132,98.545,98.705,98.999,98.952,98.894,97.043,97.514,96.990,98.900
E14000980,91.867,91.645,93.231,93.720,93.643,92.857,93.640,93.540,90.774,83.668,93.245,92.979,93.908
E14000981,77.014,77.374,76.801,77.368,76.547,77.492,78.200,77.823,74.601,72.869,77.542,78.439,78.009
E14000982,98.276,98.363,98.398,98.588,98.584,98.602,98.383,98.656,98.130,94.771,97.952,97.895,97.918
E14000983,95.294,95.322,95.852,95.060,96.136,96.499,96.504,97.062,92.587,91.595,95.967,96.201,96.616
E14000984,98.171,98.024,97.305,98.202,98.535,98.292,98.216,98.340,94.521,94.871,96.516,97.270,98.204
E14000985,97.798,97.845,98.145,98.166,98.003,98.179,98.292,97.995,97.015,94.022,97.625,96.173,97.872
E14000986,97.382,96.291,98.298,98.144,98.422,97.770,97.642,94.916,95.414,94.314,97.368,97.396,97.776
E14000987,89.198,87.211,89.811,90.149,90.569,89.874,90.361,90.160,87.426,85.474,87.672,89.850,90.763
E14000988,85.388,84.377,86.595,85.884,87.123,86.315,86.089,86.285,83.413,82.126,85.333,84.763,85.188
E14000989,97.071,96.900,97.431,97.639,90.233,97.472,97.153,97.614,96.181,93.736,96.145,97.687,97.104
E14000990,93.551,93.513,93.491,94.121,94.940,94.580,94.196,94.931,91.899,85.421,92.665,94.331,94.497
E14000991,74.294,73.481,73.270,73.021,72.108,72.986,73.774,73.331,73.548,69.018,72.360,72.858,73.946
E14000992,82.656,81.973,84.777,82.726,82.354,83.852,83.120,82.709,84.145,79.531,81.236,84.141,84.708
E14000993,61.485,63.021,62.262,64.970,64.799,64.877,65.065,66.505,65.857,64.313,67.678,65.163,66.529
E14000994,79.660,80.949,81.410,81.618,79.971,78.443,81.034,79.380,81.096,72.088,78.079,79.601,80.325
E14000995,96.335,97.084,96.966,97.138,97.313,97.027,97.144,96.927,96.905,95.116,96.682,97.056,96.186
E14000996,70.498,69.424,69.855,70.423,69.528,69.810,71.196,71.255,66.651,65.669,70.695,68.432,70.647
E14000997,80.962,80.758,81.635,82.479,81.571,81.224,81.919,82.435,78.604,78.832,79.929,81.491,81.278
E14000998,96.658,97.867,97.198,98.258,97.285,97.685,98.152,98.155,97.737,97.452,96.793,97.337,97.034
E14000999,95.853,97.772,98.179,98.450,98.366,98.278,98.371,98.511,94.180,94.944,96.731,97.853,98.224
E14001000,73.735,74.017,72.105,72.414,74.814,73.921,76.482,74.131,73.502,71.110,74.555,72.748,75.651
E14001001,89.007,86.567,89.026,90.233,90.713,90.691,90.896,90.623,88.020,84.597,88.890,90.351,90.966
E14001002,95.848,96.203,96.793,96.629,97.184,96.454,97.010,96.258,96.375,96.328,96.605,96.864,96.653
E14001003,57.584,61.572,62.258,64.421,63.661,63.346,63.144,64.439,60.910,59.924,62.567,63.813,64.370
E14001004,80.822,81.536,80.727,81.014,82.420,81.009,86.430,86.351,84.184,83.791,86.932,87.572,87.122
E14001005,95.531,96.904,97.448,97.596,97.310,97.382,97.418,97.870,93.782,93.611,94.372,97.059,97.209
E14001006,98.021,98.382,98.663,98.981,98.787,98.917,99.123,98.936,95.238,94.763,98.445,98.690,98.954
E14001007,96.175,96.863,96.465,97.253,97.357,97.084,97.394,97.084,94.202,94.715,96.966,96.381,96.035
E14001008,96.934,97.529,96.617,97.360,98.275,98.057,97.757,98.330,97.575,96.706,97.770,96.448,97.973
E14001009,92.208,94.990,95.035,95.026,94.586,95.014,94.855,94.742,94.290,91.504,93.128,93.993,94.623
E14001010,95.378,95.978,97.917,97.698,97.974,97.831,97.418,98.010,97.283,95.131,95.554,97.583,95.475
E14001011,95.653,96.402,96.096,97.166,96.315,97.188,97.025,96.986,96.601,93.316,96.012,96.837,96.711
E14001012,95.480,95.685,96.840,96.662,96.612,96.409,96.795,96.044,94.655,94.487,96.746,96.402,96.321
E14001013,97.014,98.208,97.777,98.634,98.550,98.443,98.353,98.281,97.738,96.803,97.465,97.813,97.424
E14001014,97.448,96.615,96.088,96.796,97.706,98.027,97.602,97.764,97.273,91.840,97.915,97.308,97.326
E14001015,77.444,78.159,79.649,76.758,78.928,80.497,78.230,77.616,77.933,75.815,76.736,77.572,77.986
E14001016,96.614,97.160,98.008,97.935,96.285,97.548,97.832,98.018,97.479,96.091,96.261,96.532,97.653
E14001017,98.194,98.094,98.573,98.532,98.854,98.743,98.716,98.724,95.846,95.536,97.298,98.277,98.602
E14001018,97.187,97.307,97.458,97.600,97.444,97.357,97.493,97.454,94.192,94.305,95.640,96.272,97.272
E14001019,87.841,90.636,91.055,90.551,90.915,91.240,91.118,91.236,86.588,87.169,90.753,87.285,90.839
E14001020,96.383,97.730,95.847,98.378,98.027,98.187,97.977,98.270,96.721,95.147,97.424,96.877,97.490
E14001021,97.425,97.190,98.228,98.753,98.624,98.256,98.725,98.709,95.266,96.149,97.296,97.013,98.819
E14001022,92.389,93.047,92.891,93.872,93.165,93.305,93.063,94.163,91.836,85.324,92.920,93.186,92.469
E14001023,71.297,72.469,72.395,74.296,73.347,76.073,81.811,81.391,76.811,76.217,80.680,80.608,81.559
E14001024,93.761,92.286,93.862,94.274,94.686,93.855,94.598,94.862,94.245,88.378,91.975,93.854,94.548
E14001025,96.226,96.823,97.029,97.029,96.812,97.212,97.318,97.427,95.454,93.832,94.729,96.843,97.562
E14001026,88.494,88.849,89.372,89.255,90.400,88.812,89.490,89.601,86.832,85.729,88.183,88.005,88.634
E14001027,98.082,97.328,98.138,98.384,98.616,98.577,98.463,98.736,93.828,95.026,97.434,97.593,98.218
E14001028,97.385,97.376,97.547,97.170,97.220,97.526,97.599,97.045,95.631,93.510,96.677,95.706,96.980
E14001029,97.794,97.682,96.817,98.095,98.087,98.206,97.722,98.116,97.944,96.163,97.331,97.659,98.165
E14001030,95.453,96.291,96.916,97.521,97.162,97.337,96.623,97.626,96.754,95.762,96.278,97.437,95.808
E14001031,69.418,68.765,69.082,70.322,68.137,69.130,69.169,69.308,66.800,62.901,68.404,68.147,69.301
E14001032,98.672,98.141,98.708,98.737,98.522,98.666,98.808,99.082,98.173,98.140,98.247,97.554,98.638
E14001033,98.808,98.888,98.895,99.015,99.131,98.988,99.085,99.047,96.294,94.879,97.673,98.726,98.455
E14001034,70.876,70.977,69.967,71.312,71.424,71.981,71.233,71.327,69.791,69.209,71.771,71.008,72.698
E14001035,71.789,74.267,75.286,74.873,76.422,74.830,75.720,74.724,74.978,69.122,74.501,74.709,75.835
E14001036,97.692,98.166,99.144,98.259,98.900,99.015,99.028,98.535,97.447,97.313,98.015,97.397,96.107
E14001037,71.641,72.280,72.145,72.244,72.915,72.465,72.344,72.106,69.443,67.977,71.788,72.920,71.649
E14001038,93.724,98.225,98.234,98.462,98.272,98.500,98.692,98.351,97.768,96.688,94.044,95.440,98.456
E14001039,95.673,96.081,96.459,96.502,96.474,96.444,96.523,96.996,93.721,92.611,95.334,96.273,95.968
E14001040,96.903,96.401,97.344,96.664,97.478,96.943,97.625,92.749,96.222,94.344,97.805,97.387,98.087
E14001041,81.270,80.599,81.463,81.739,81.653,81.434,81.673,81.827,78.788,74.630,80.490,80.396,82.662
E14001042,97.976,96.700,96.912,99.143,99.025,98.646,99.036,96.602,97.335,93.262,97.048,96.263,97.664
E14001043,97.106,98.242,98.700,98.350,98.236,98.388,97.960,97.819,94.905,95.859,97.525,95.451,96.942
E14001044,92.981,96.432,97.281,96.786,97.605,97.612,95.893,97.908,95.485,93.316,97.486,93.614,96.181
E14001045,88.399,88.893,88.438,89.338,89.600,88.838,89.745,88.924,84.905,86.353,88.238,89.751,88.846
E14001046,70.619,72.511,69.500,71.561,73.079,72.438,74.231,73.127,73.703,70.707,73.660,75.045,75.948
E14001047,93.856,94.871,94.906,95.837,95.397,94.638,95.503,95.201,91.881,90.078,94.691,93.687,95.510
E14001048,75.450,73.408,76.257,71.262,74.203,75.516,74.808,74.638,73.550,70.503,73.975,74.732,72.394
E14001049,96.180,96.963,96.334,97.180,97.264,97.386,97.687,97.264,94.788,94.613,96.094,96.708,97.385
E14001050,94.861,96.089,96.318,96.368,97.285,97.262,96.506,97.183,95.955,95.298,94.225,95.328,97.148
E14001051,95.267,96.766,95.111,96.146,96.260,95.996,96.728,96.526,95.199,93.568,93.913,95.052,95.614
E14001052,92.330,92.739,92.428,93.432,93.435,93.966,92.754,93.798,93.830,89.811,92.188,93.004,94.096
E14001053,70.467,71.388,71.411,72.002,73.432,71.256,70.889,73.321,69.581,70.459,73.442,71.712,72.646
E14001054,97.677,98.338,98.512,98.738,98.371,98.495,98.393,98.473,95.700,95.234,96.831,97.943,98.272
E14001055,96.124,97.007,97.107,97.432,97.337,97.026,97.457,97.278,95.460,91.401,94.654,97.575,97.550
E14001056,96.997,96.906,97.556,95.762,97.680,97.538,97.584,97.492,94.320,94.239,96.002,97.427,97.172
E14001057,66.118,64.621,63.994,65.594,66.042,64.032,66.079,63.943,62.772,63.005,63.821,62.960,68.991
E14001058,85.719,86.460,85.559,85.972,85.745,85.662,85.925,86.035,80.950,80.841,85.292,84.216,84.956
E14001059,96.328,95.755,96.759,96.212,97.532,97.084,97.104,97.257,95.333,94.858,96.437,95.856,96.544
E14001060,86.493,86.481,86.620,86.709,87.760,86.551,87.678,86.883,86.246,84.508,83.625,87.024,86.724
E14001061,97.739,98.984,98.838,99.024,98.663,98.706,98.784,98.970,98.537,91.899,98.169,98.950,98.848
E14001062,83.094,83.349,82.160,79.042,83.636,83.245,82.934,84.005,78.006,81.074,82.857,81.827,83.504
