PCON24CD,PCON24NM,Total,Total,Total,Total,Total,Total,Total,Total,500K_UP,500K_UP,500K_UP,500K_UP,500K_UP,500K_UP,500K_UP,500K_UP,1M_UP,1M_UP,1M_UP,1M_UP,1M_UP,1M_UP,1M_UP,1M_UP,1.5M_UP,1.5M_UP,1.5M_UP,1.5M_UP,1.5M_UP,1.5M_UP,1.5M_UP,1.5M_UP
,,2018,2019,2020,2021,2022,2023,2024,2025,2018,2019,2020,2021,2022,2023,2024,2025,2018,2019,2020,2021,2022,2023,2024,2025,2018,2019,2020,2021,2022,2023,2024,2025
---,---,---,---,---,---,---,---,---,---,---,---,---,---,---,---,---,---,---,---,---,---,---,---,---,---,---,---,---,---,---,---,---,---
E14001063,Aldershot,1822,1869,1622,2464,2052,1658,1543,454,129,170,154,303,351,287,243,70,15,18,18,27,26,33,10,2,12,9,7,7,16,18,3,1
E14001064,Aldridge-Brownhills,1558,1435,1297,1777,1426,1241,1109,376,61,55,45,94,82,77,61,19,15,9,7,11,11,11,4,0,9,4,5,7,2,4,0,0
E14001065,Altrincham and Sale West,1930,1697,1522,2340,1731,1458,1454,474,445,418,420,723,620,560,521,168,109,105,82,161,161,128,109,22,43,56,33,71,79,55,38,10
E14001066,Amber Valley,1785,1862,1577,2016,2033,1575,1517,451,36,41,37,65,69,47,56,16,9,15,5,6,15,9,7,0,5,4,3,2,7,4,4,0
E14001067,Arundel and South Downs,1803,1763,1698,2432,1906,1503,1400,439,648,642,717,1085,881,680,639,164,123,119,165,260,238,184,149,34,39,50,67,108,95,78,61,11
E14001068,Ashfield,1664,1947,1627,2102,1794,1292,1526,454,13,24,20,38,42,29,34,2,7,15,14,12,13,12,6,0,5,10,13,10,10,10,6,0
E14001069,Ashford,1946,1907,1906,2703,2170,1516,1484,541,143,134,163,249,257,185,173,58,27,29,42,22,24,24,19,2,17,14,29,9,9,13,8,1
E14001070,Ashton-under-Lyne,1656,1448,1234,1845,1695,1401,1335,333,14,16,7,20,19,25,19,2,8,8,4,7,3,4,1,1,5,4,4,4,2,4,1,0
E14001071,Aylesbury,2215,1994,1798,2648,2213,1729,1655,576,321,279,295,437,437,340,310,96,24,22,23,52,48,26,33,3,14,10,9,25,16,13,10,0
E14001072,Banbury,2003,1962,1699,2553,2038,1457,1450,509,263,246,249,466,393,316,295,109,51,59,62,90,99,74,68,9,37,30,39,53,48,30,33,3
E14001073,Barking,1351,1165,1007,1483,1262,1009,843,260,51,59,54,84,120,95,73,13,21,16,15,6,24,9,8,0,18,13,13,6,22,6,5,0
E14001074,Barnsley North,2003,2279,1661,2291,2162,1662,1615,473,14,9,16,25,16,22,25,4,10,4,4,8,2,6,5,1,8,3,2,8,2,4,3,0
E14001075,Barnsley South,1922,1790,1584,2176,2084,1775,1655,482,16,14,11,17,18,21,15,1,4,3,6,9,9,9,3,0,2,1,5,6,7,3,1,0
E14001076,Barrow and Furness,1946,1913,1805,2611,2120,1898,1679,557,22,27,42,60,49,49,43,11,4,6,7,5,7,3,2,0,2,3,5,2,7,0,0,0
E14001077,Basildon and Billericay,1695,1533,1412,2122,1724,1229,1327,439,225,233,265,433,417,222,269,87,32,40,38,71,69,37,50,5,17,15,14,26,30,18,20,2
E14001078,Basingstoke,1887,2002,1580,2279,1788,1455,1427,497,175,131,133,244,256,193,161,70,25,25,16,12,25,9,8,1,19,13,14,11,18,6,7,1
E14001079,Bassetlaw,2012,2211,1992,2526,2430,2093,1898,529,64,46,41,81,83,61,57,6,26,15,3,16,22,11,11,1,11,11,2,10,12,5,7,0
E14001080,Bath,1855,1676,1460,2295,1837,1511,1540,463,590,517,471,829,720,583,661,177,133,136,128,212,233,166,182,30,62,53,42,92,113,79,75,13
E14001081,Battersea,2160,2058,1884,2721,3276,2246,1925,483,1584,1546,1464,1965,2670,1733,1446,348,616,554,484,693,1306,878,628,79,233,182,184,293,568,396,283,36
E14001082,Beaconsfield,1457,1465,1371,2109,1856,1277,1362,448,770,746,773,1195,1106,769,809,255,222,213,214,341,347,229,250,33,82,85,92,168,152,93,96,15
E14001083,Beckenham and Penge,1843,1773,1577,2301,2062,1531,1549,547,652,631,661,990,904,678,744,269,64,70,86,111,152,124,133,26,8,14,22,24,29,34,20,5
E14001084,Bedford,1689,1548,1339,1871,1546,1210,1268,381,97,79,68,149,161,113,117,39,21,12,24,28,39,19,12,0,13,8,12,15,14,13,6,0
E14001085,Bermondsey and Old Southwark,1987,1183,836,1492,1399,1363,1178,344,1308,677,450,862,845,866,643,193,382,206,119,170,184,251,125,18,193,153,49,67,70,112,56,5
E14001086,Bethnal Green and Stepney,976,1253,968,1319,1161,964,814,251,484,731,486,655,578,493,359,111,136,172,77,91,87,71,68,10,48,45,30,42,24,35,23,5
E14001087,Beverley and Holderness,1928,1707,1453,2258,1999,1606,1700,476,77,74,78,130,98,71,77,14,16,14,3,21,17,11,10,2,11,7,2,10,7,3,1,1
E14001088,Bexhill and Battle,1945,1838,1750,2696,2114,1473,1529,436,236,233,278,579,529,335,357,87,30,29,28,74,74,52,41,8,6,8,8,33,31,16,15,3
E14001089,Bexleyheath and Crayford,1407,1404,1262,1931,1553,1153,1147,397,119,125,150,299,368,242,227,99,8,12,12,9,11,13,2,2,4,11,6,5,3,3,1,2
E14001090,Bicester and Woodstock,1791,1793,1715,2800,1992,1617,1388,474,285,317,353,634,522,429,363,102,50,44,51,86,54,73,43,6,27,19,22,48,20,44,18,2
E14001091,Birkenhead,1761,1713,1694,2161,1969,1505,1475,499,39,38,51,98,71,48,51,19,12,10,14,11,11,7,9,0,11,6,12,6,5,4,4,0
E14001092,Birmingham Edgbaston,1680,1460,1159,1581,1518,1102,1061,340,164,139,110,181,191,140,128,29,31,32,31,47,38,37,25,4,18,12,12,20,15,14,10,0
E14001093,Birmingham Erdington,1757,1715,1366,1850,1672,1469,1338,447,7,19,11,24,15,22,14,3,3,9,5,11,9,6,7,0,3,7,3,5,8,3,7,0
E14001094,Birmingham Hall Green and Moseley,1257,1327,1136,1462,1183,925,922,309,64,69,71,120,101,96,81,32,8,7,8,16,22,9,8,4,5,3,3,8,11,0,2,2
E14001095,Birmingham Hodge Hill and Solihull North,1335,1298,978,1303,1175,967,949,294,7,4,7,10,19,10,8,2,3,1,1,1,4,2,4,0,2,1,1,1,3,2,3,0
E14001096,Birmingham Ladywood,2735,2372,1791,2116,2401,1482,1104,260,120,112,85,103,107,118,50,2,58,67,56,57,64,58,25,2,47,48,45,44,51,48,17,0
E14001097,Birmingham Northfield,1702,1706,1426,1857,1746,1356,1278,399,31,24,23,34,26,32,31,8,4,3,7,5,7,3,2,0,3,0,6,1,7,1,2,0
E14001098,Birmingham Perry Barr,1061,1079,931,1203,1030,810,780,233,26,22,21,19,31,13,18,3,17,12,9,4,13,3,4,0,11,8,7,3,9,2,2,0
E14001099,Birmingham Selly Oak,1567,1568,1263,1747,1559,1231,1202,383,42,40,45,66,98,50,68,18,12,6,5,12,8,6,7,0,8,3,3,10,5,6,5,0
E14001100,Birmingham Yardley,1412,1309,1147,1584,1296,1184,962,336,16,11,11,19,25,36,15,2,10,3,3,15,12,7,1,1,8,1,3,13,10,5,1,0
E14001101,Bishop Auckland,1816,1748,1662,2255,2009,1924,1852,517,34,35,41,60,52,46,45,13,7,20,11,10,10,8,6,2,4,5,10,5,3,4,4,1
E14001102,Blackburn,1347,1399,1222,1654,1575,1415,1312,360,24,39,20,31,29,33,16,1,13,15,9,14,12,14,4,0,9,11,5,9,9,10,3,0
E14001103,Blackley and Middleton South,1573,1435,1244,1720,1460,1168,1145,343,24,12,12,23,22,17,18,1,10,2,4,4,5,3,4,1,10,2,2,4,4,2,2,0
E14001104,Blackpool North and Fleetwood,1950,1813,1775,2654,2247,1790,1727,530,14,12,9,31,27,23,7,3,5,4,6,12,7,6,2,0,2,4,5,9,7,3,0,0
E14001105,Blackpool South,2278,2270,1910,2736,2687,2135,1980,547,24,60,38,23,28,21,23,0,9,13,7,6,12,6,5,0,4,6,5,4,6,5,4,0
E14001106,Blaydon and Consett,1788,1785,1545,2147,2075,1629,1607,533,17,20,28,49,30,31,25,9,5,5,7,6,6,1,1,2,2,4,7,3,2,0,1,2
E14001107,Blyth and Ashington,1905,1939,1768,2360,2354,1856,1785,522,9,15,20,19,19,24,9,3,3,7,13,6,7,5,3,0,2,3,11,3,1,5,2,0
E14001108,Bognor Regis and Littlehampton,2260,2068,1873,2675,2243,1796,1722,566,174,164,179,352,349,304,230,83,10,14,16,35,28,24,16,7,7,5,8,20,8,8,9,1
E14001109,Bolsover,1948,1981,1850,2607,2256,1915,1803,470,37,25,42,88,69,63,43,6,14,7,6,17,11,15,11,0,7,7,4,11,9,9,7,0
E14001110,Bolton North East,1833,1768,1617,2137,1886,1582,1452,438,24,38,25,34,48,57,39,7,11,9,5,7,8,15,6,2,8,7,5,5,6,10,2,1
E14001111,Bolton South and Walkden,1648,1590,1520,1833,1706,1416,1295,370,20,25,17,32,35,19,16,5,12,11,10,5,20,12,4,0,6,7,4,5,11,9,3,0
E14001112,Bolton West,1845,1886,1751,2414,2140,1661,1566,486,53,58,64,130,111,84,85,20,10,11,14,27,20,14,8,2,1,6,11,12,9,8,4,1
E14001113,Bootle,1610,1448,1344,1689,1539,1399,1216,355,14,9,11,19,24,38,20,0,6,4,6,10,8,21,6,0,6,2,2,5,5,18,2,0
E14001114,Boston and Skegness,2216,1959,1683,2806,2202,1769,1704,464,31,31,25,68,80,44,39,5,7,13,5,14,16,8,5,0,5,4,4,9,11,5,3,0
E14001115,Bournemouth East,2239,2010,1871,2561,2091,1581,1570,538,228,199,230,431,385,306,270,109,21,14,15,20,27,31,25,1,12,3,5,3,7,12,5,0
E14001116,Bournemouth West,2130,1962,1676,2716,2126,1603,1467,469,140,145,134,246,231,214,156,37,39,31,30,47,64,66,33,6,20,19,15,24,33,27,13,2
E14001117,Bracknell,1703,1969,1657,2198,1680,1490,1419,444,200,224,207,371,401,292,301,102,21,15,20,25,14,18,12,2,13,10,14,15,6,8,9,0
E14001118,Bradford East,1613,1627,1310,1793,1820,1400,1338,455,17,30,13,27,31,28,18,1,11,15,4,17,11,10,10,0,8,11,1,13,6,5,6,0
E14001119,Bradford South,1647,1744,1451,1919,1793,1471,1476,509,11,13,11,13,23,19,19,0,4,6,4,5,10,7,8,0,3,4,2,3,9,6,7,0
E14001120,Bradford West,1530,1350,1488,1726,1371,1166,1204,277,19,13,39,26,29,36,15,1,10,9,21,7,16,16,4,0,6,7,15,7,11,4,4,0
E14001121,Braintree,1806,1830,1699,2567,1939,1477,1470,481,246,214,223,452,388,272,257,76,32,34,34,67,60,41,34,6,15,17,15,29,14,15,11,1
E14001122,Brent East,1247,1050,1026,1622,1309,841,855,241,445,382,446,681,712,403,407,113,93,89,86,149,166,101,103,20,46,42,42,84,87,41,44,6
E14001123,Brent West,838,812,777,1059,1177,860,679,271,298,278,318,489,527,430,336,142,35,35,35,50,42,41,21,2,17,17,22,33,18,14,5,0
E14001124,Brentford and Isleworth,1508,1310,1097,1719,1463,1177,1148,350,498,416,378,624,590,534,514,155,53,41,25,35,49,38,34,7,31,26,18,17,22,16,12,3
E14001125,Brentwood and Ongar,1786,1690,1566,2401,2091,1669,1453,460,587,600,692,1036,890,642,708,213,133,111,153,219,177,144,152,36,48,41,56,87,57,62,53,8
E14001126,Bridgwater,1971,1894,1709,2535,1963,1601,1634,449,61,54,54,123,130,86,67,21,21,12,12,28,29,11,7,0,13,10,5,15,18,8,4,0
E14001127,Bridlington and The Wolds,2196,2087,1916,2624,2305,1940,1835,546,32,36,43,87,86,80,57,15,12,4,7,12,18,9,6,2,7,3,0,7,14,4,2,1
E14001128,Brigg and Immingham,1784,1836,1756,2412,2106,1577,1650,455,34,21,39,53,49,31,36,9,7,1,6,8,6,7,2,0,5,0,2,3,3,2,1,0
E14001129,Brighton Kemptown and Peacehaven,1476,1385,1279,1950,1623,1085,1165,385,197,219,204,416,419,281,253,72,33,41,30,41,43,46,25,7,7,21,13,18,13,22,7,4
E14001130,Brighton Pavilion,1724,1685,1482,2473,1891,1402,1410,447,414,388,427,805,705,488,520,163,66,49,56,88,116,62,66,14,24,27,28,30,44,16,15,7
E14001131,Bristol Central,1810,1618,1371,2196,1846,1426,1289,464,414,429,412,686,580,484,405,152,104,102,105,160,166,104,97,26,48,56,52,54,65,45,34,12
E14001132,Bristol East,1995,1875,1517,2282,1793,1626,1474,524,49,54,43,100,130,97,99,35,17,14,17,15,15,12,10,1,14,11,12,11,12,10,6,1
E14001133,Bristol North East,1615,1649,1346,1895,1686,1391,1252,459,16,39,30,42,77,53,39,20,6,8,6,8,11,6,4,0,5,3,3,3,8,4,4,0
E14001134,Bristol North West,1681,1595,1393,1949,1678,1308,1336,379,351,316,357,495,487,361,402,115,40,46,51,56,77,51,66,10,12,15,11,16,16,18,17,3
E14001135,Bristol South,1946,1817,1576,2369,1825,1613,1485,485,56,57,55,125,173,141,138,56,13,14,6,8,8,9,10,0,11,7,4,4,3,6,7,0
E14001136,Broadland and Fakenham,1749,1827,1652,2283,1860,1553,1491,461,127,138,163,291,283,215,205,48,12,20,18,27,23,30,27,2,10,8,8,9,10,10,10,1
E14001137,Bromley and Biggin Hill,1547,1547,1504,2154,1620,1131,1321,409,560,552,632,1016,845,590,662,213,87,77,82,179,152,103,109,16,39,25,36,72,58,42,37,6
E14001138,Bromsgrove,1998,1823,1612,2091,1697,1391,1338,411,242,216,245,343,314,262,230,79,32,22,19,44,48,36,26,5,12,11,8,13,13,15,14,1
E14001139,Broxbourne,1704,1498,1465,2224,1748,1417,1347,468,344,296,347,540,536,449,381,124,54,44,45,68,75,64,40,7,19,22,22,24,28,25,12,1
E14001140,Broxtowe,1891,1628,1462,2100,1703,1457,1449,423,42,54,61,92,92,64,71,10,8,12,14,14,16,13,10,0,5,10,11,8,11,5,6,0
E14001141,Buckingham and Bletchley,1932,1824,1621,2499,2060,1596,1495,475,275,216,248,408,441,348,303,93,51,35,24,55,69,44,32,4,29,19,13,28,23,22,15,1
E14001142,Burnley,2278,2180,1935,2744,2599,2134,1892,583,19,26,19,40,27,24,14,5,5,5,7,9,7,4,5,1,3,0,3,8,6,3,5,1
E14001143,Burton and Uttoxeter,2334,2262,1884,2678,2442,2123,1802,531,54,48,79,113,93,102,85,24,9,10,18,16,26,9,8,2,5,7,11,8,17,8,5,0
E14001144,Bury North,1757,1709,1375,2123,1871,1380,1435,418,43,35,36,84,83,46,63,10,8,4,8,12,10,11,14,2,1,1,3,2,1,8,5,0
E14001145,Bury South,1882,1710,1483,2000,1728,1380,1437,436,55,59,50,100,102,86,119,24,6,8,8,9,12,10,13,2,3,5,6,3,5,2,8,0
E14001146,Bury St Edmunds and Stowmarket,2026,1883,1825,2739,2543,1949,1724,550,184,171,164,292,341,262,217,43,24,27,22,38,44,36,26,2,18,19,15,21,22,18,15,0
E14001147,Calder Valley,2038,1896,1648,2477,2008,1675,1590,505,62,75,77,139,134,97,82,23,3,7,12,17,17,6,5,2,2,7,5,8,8,3,2,2
E14001148,Camborne and Redruth,2033,1905,1796,2172,1887,1475,1374,431,129,85,154,254,234,173,170,42,14,10,23,41,42,32,35,2,7,4,12,14,17,13,12,0
E14001149,Cambridge,1372,1340,1193,1696,1655,1392,1140,343,511,488,452,685,693,622,554,145,131,87,77,122,130,114,86,17,48,34,36,59,63,56,37,6
E14001150,Cannock Chase,1809,1924,1686,2219,1888,1388,1324,459,33,26,25,39,46,43,24,6,16,10,5,10,9,6,3,0,14,6,3,8,7,4,2,0
E14001151,Canterbury,1657,1751,1556,2377,1938,1524,1417,469,278,285,253,463,415,346,328,90,41,43,34,55,57,50,44,10,17,15,11,19,14,22,15,5
E14001152,Carlisle,2212,2124,1908,2746,2307,2028,1789,549,35,34,41,69,101,70,48,5,12,11,11,10,41,11,8,0,11,7,9,9,34,9,4,0
E14001153,Carshalton and Wallington,1443,1395,1356,1878,1582,1178,1078,345,355,341,332,547,513,393,412,117,17,18,30,27,36,23,27,6,8,5,14,9,9,9,4,1
E14001154,Castle Point,1499,1545,1421,2081,1481,1231,1266,402,108,114,143,274,244,169,179,58,11,19,8,19,12,21,6,3,6,9,4,6,7,13,0,0
E14001155,Central Devon,1824,1759,1639,2378,1880,1654,1322,392,256,213,214,388,342,352,258,54,27,22,27,58,67,63,42,6,12,11,12,14,26,18,7,1
E14001156,Central Suffolk and North Ipswich,1670,1617,1590,2092,1684,1322,1397,401,124,119,156,282,290,231,177,51,12,19,17,34,39,27,25,3,6,10,5,14,14,15,11,2
E14001157,Chatham and Aylesford,1819,1791,1628,2347,1796,1431,1417,494,62,58,72,105,106,100,87,28,10,8,13,4,11,13,8,0,9,5,9,1,4,8,5,0
E14001158,Cheadle,1938,1773,1655,2335,1764,1479,1404,462,272,218,270,443,433,379,359,109,24,19,27,40,34,34,36,6,9,7,13,13,7,6,11,1
E14001159,Chelmsford,1920,1911,1531,2390,2149,1598,1539,543,242,230,267,445,407,287,274,97,31,24,35,37,37,25,23,3,17,15,21,13,19,10,9,0
E14001160,Chelsea and Fulham,1780,1917,1891,2387,2363,2156,1953,464,1411,1418,1500,1932,1964,1803,1659,358,731,713,799,1027,1063,1025,899,131,446,425,466,612,672,554,552,75
E14001161,Cheltenham,2232,1952,1823,2809,2214,1691,1766,609,333,330,346,575,488,396,411,138,62,62,69,118,119,87,98,16,29,33,30,44,46,22,29,4
E14001162,Chesham and Amersham,1543,1641,1471,2212,1519,1210,1225,382,782,813,807,1356,965,716,779,222,229,228,272,441,381,258,255,48,91,75,115,179,170,106,96,17
E14001163,Chester North and Neston,1850,1693,1547,2245,1722,1481,1418,462,103,119,116,205,181,145,163,38,27,24,15,30,25,25,18,3,18,16,9,12,13,12,8,1
E14001164,Chester South and Eddisbury,2024,1998,1754,2516,2036,1637,1524,420,283,273,321,540,532,422,373,100,35,38,28,77,77,64,55,8,13,14,7,20,16,18,11,3
E14001165,Chesterfield,1591,1605,1463,2040,1754,1563,1534,428,33,29,28,48,63,47,53,8,14,6,7,14,12,5,7,0,10,6,5,8,5,2,5,0
E14001166,Chichester,2070,1975,1933,2817,2322,1768,1629,463,386,322,427,655,636,444,417,110,75,80,87,134,109,100,84,11,39,40,43,63,52,56,40,2
E14001167,Chingford and Woodford Green,1453,1355,1186,1833,1467,1171,1173,378,529,488,477,874,765,602,616,208,41,37,37,92,92,72,66,13,17,11,6,26,18,19,14,5
E14001168,Chippenham,1870,1767,1641,2346,2073,1619,1526,496,119,102,116,210,230,208,167,42,21,18,21,36,42,33,17,1,14,9,15,16,27,14,7,0
E14001169,Chipping Barnet,1437,1340,1384,2159,2023,1301,1288,397,796,776,849,1392,1225,741,774,252,105,113,146,237,233,155,167,29,41,45,46,74,84,52,45,7
E14001170,Chorley,2172,2140,1810,2241,1958,1506,1523,490,51,38,55,84,79,74,68,15,7,5,15,11,7,11,7,4,6,4,7,4,4,7,3,2
E14001171,Christchurch,1914,1779,1722,2457,1770,1465,1482,504,379,357,420,726,675,503,477,163,20,44,38,77,89,67,54,9,12,25,10,20,17,20,11,2
E14001172,Cities of London and Westminster,2823,2680,2332,2702,2837,2690,2212,435,2295,2187,1924,2243,2441,2320,1866,362,1560,1487,1258,1447,1695,1612,1189,171,1155,1056,923,1051,1274,1211,863,117
E14001173,City of Durham,1662,1645,1377,1982,1827,1510,1395,453,52,54,76,84,88,77,59,9,21,20,28,19,15,21,6,0,20,13,19,9,10,15,1,0
E14001174,Clacton,2136,2182,2124,3205,2492,1717,1789,571,75,101,105,200,180,145,126,47,11,15,10,18,22,14,11,2,8,6,3,8,9,9,5,0
E14001175,Clapham and Brixton Hill,1253,1293,1380,1900,1628,1210,1230,390,736,696,807,1216,1008,736,765,212,148,165,189,302,269,177,204,32,56,46,59,109,115,58,68,14
E14001176,Colchester,2484,2199,1849,2875,2370,1742,1632,547,115,102,110,190,165,176,127,35,17,26,12,23,25,15,11,4,10,15,11,7,10,8,5,1
E14001177,Colne Valley,2085,2098,1918,2404,1862,1527,1464,450,61,73,93,164,131,104,93,28,15,10,4,10,10,15,9,0,8,4,0,5,4,5,3,0
E14001178,Congleton,2264,2459,2183,2754,2316,1863,1597,561,122,105,110,240,226,140,160,65,22,11,10,32,26,17,17,3,15,9,3,15,14,6,6,1
E14001179,Corby and East Northamptonshire,2506,2336,1954,2719,2379,1590,1657,545,112,97,137,259,219,134,151,37,20,12,23,53,53,15,24,5,12,6,16,24,19,9,10,3
E14001180,Coventry East,1702,1697,1329,1825,1556,1230,1231,336,15,18,14,25,13,15,19,1,11,9,6,12,7,9,16,0,9,4,4,11,3,7,14,0
E14001181,Coventry North West,1619,1610,1421,2108,2025,1622,1579,485,24,21,13,39,55,42,33,5,6,5,2,3,9,6,4,0,3,4,2,3,6,5,2,0
E14001182,Coventry South,1818,1644,1422,1974,1665,1202,1254,427,85,79,93,128,150,94,91,28,18,25,17,22,22,15,5,0,12,18,11,17,18,9,3,0
E14001183,Cramlington and Killingworth,2188,2157,1880,2418,2159,1838,1559,462,13,19,25,18,22,46,15,8,5,8,12,5,4,13,1,2,4,5,10,3,4,9,0,1
E14001184,Crawley,1838,1611,1218,1957,1620,1262,1232,374,133,90,97,173,178,139,135,39,33,24,22,28,34,16,9,1,26,20,16,23,23,13,5,0
E14001185,Crewe and Nantwich,2218,2285,2095,2986,2387,1821,1721,610,48,58,40,74,75,59,61,15,24,18,9,16,12,15,8,0,15,15,5,10,7,9,3,0
E14001186,Croydon East,1383,1337,1168,1857,1519,1079,1170,382,238,198,247,399,425,262,300,103,14,21,21,20,25,10,9,0,4,13,14,11,15,7,3,0
E14001187,Croydon South,1768,1758,1718,2559,2092,1413,1400,434,741,745,680,1022,901,595,656,185,88,82,87,123,128,72,68,13,21,21,26,35,29,20,19,2
E14001188,Croydon West,1498,1507,1183,1786,1459,1238,1140,361,136,120,98,176,181,161,146,40,50,43,27,34,30,32,29,6,34,27,15,21,22,24,21,4
E14001189,Dagenham and Rainham,1497,1473,1207,1962,1524,1184,1159,349,43,38,54,129,162,128,99,29,19,12,16,11,6,8,3,2,16,10,14,6,5,4,3,1
E14001190,Darlington,1690,1799,1700,2536,2141,1860,1726,550,26,32,30,61,52,30,28,6,9,9,12,4,6,8,7,0,7,6,12,2,4,5,5,0
E14001191,Dartford,2619,2127,1799,2455,2150,1740,1471,442,199,179,167,327,337,300,212,69,22,15,26,30,20,21,14,2,15,4,21,15,9,11,6,1
E14001192,Daventry,2346,2011,1855,2569,2202,1832,1642,556,276,234,218,418,354,290,255,85,36,27,30,53,58,47,43,8,20,13,17,23,37,18,22,2
E14001193,Derby North,1720,1805,1541,2205,1799,1465,1382,440,24,38,52,80,64,63,51,10,7,6,10,19,9,8,8,1,3,3,4,11,4,4,4,1
E14001194,Derby South,1690,1502,1317,1865,1557,1699,1553,397,31,43,18,35,58,26,35,5,23,24,6,14,26,9,8,0,17,15,5,8,18,7,7,0
E14001195,Derbyshire Dales,1862,1852,1728,2423,2024,1532,1417,419,196,210,245,357,350,259,247,54,32,30,32,44,46,39,30,2,19,16,11,15,17,9,5,0
E14001196,Dewsbury and Batley,1259,1266,1169,1450,1203,1081,1026,300,29,26,30,55,34,45,27,6,12,12,7,9,5,8,7,0,9,5,3,6,2,4,3,0
E14001197,Didcot and Wantage,2289,2267,2146,2877,2594,1986,1787,552,325,335,367,619,607,504,396,119,46,62,56,90,96,73,46,12,22,25,26,25,39,37,16,5
E14001198,Doncaster Central,1939,2030,1746,2547,2393,1859,1766,507,40,43,32,60,53,41,48,12,22,16,9,17,16,7,19,2,15,6,7,11,10,5,10,0
E14001199,Doncaster East and the Isle of Axholme,1929,1776,1528,2125,1958,1611,1425,405,28,27,25,50,59,37,49,11,10,7,4,9,9,7,7,2,8,3,3,5,4,5,5,1
E14001200,Doncaster North,1724,1688,1554,1987,1702,1441,1284,422,14,21,20,37,28,29,18,7,3,1,5,3,6,7,6,0,0,1,2,1,2,6,3,0
E14001201,Dorking and Horley,1677,1657,1540,2236,1891,1336,1325,417,566,593,657,961,853,661,649,190,96,91,129,204,209,149,133,32,38,33,43,67,75,45,37,9
E14001202,Dover and Deal,2015,1896,1732,2608,2040,1480,1683,505,118,115,142,299,232,165,183,43,15,11,15,35,36,20,19,1,11,7,5,14,15,5,8,0
E14001203,Droitwich and Evesham,2135,2042,1776,2373,1822,1510,1424,462,214,185,220,364,288,258,249,63,37,26,38,50,44,38,34,5,23,11,20,19,15,20,15,3
E14001204,Dudley,1584,1396,1181,1629,1217,1051,1122,320,10,9,12,17,17,12,21,7,5,4,2,8,3,3,3,0,2,1,0,5,2,2,1,0
E14001205,Dulwich and West Norwood,1240,1279,1072,1767,1470,1132,1193,354,553,631,527,985,771,595,649,163,178,187,171,284,238,192,214,24,84,79,85,134,120,108,102,10
E14001206,Dunstable and Leighton Buzzard,1973,2097,1920,2893,2591,1840,1793,569,86,124,121,219,249,199,203,52,17,13,12,31,32,16,16,1,10,9,7,24,16,4,5,0
E14001207,Ealing Central and Acton,1565,1721,1590,2507,2346,1910,1594,376,929,952,1003,1547,1460,1200,963,245,249,293,327,499,414,405,375,46,101,106,124,193,155,132,158,18
E14001208,Ealing North,1110,971,869,1366,1225,903,937,251,245,220,254,520,561,378,417,103,27,39,27,61,77,44,46,5,5,21,8,15,25,12,13,0
E14001209,Ealing Southall,1030,938,962,1676,1217,1037,998,261,335,369,398,626,590,489,493,138,51,51,54,76,90,80,95,17,29,19,23,26,24,13,24,4
E14001210,Earley and Woodley,1868,1819,1426,2181,1870,1330,1310,423,356,344,282,566,582,447,407,113,18,30,20,20,34,22,16,0,10,19,14,8,16,6,7,0
E14001211,Easington,1691,1878,1732,2339,2127,1827,1842,497,13,19,28,31,22,8,16,1,9,9,25,10,7,1,3,0,8,4,23,6,5,0,2,0
E14001212,East Grinstead and Uckfield,1733,1635,1576,2516,2183,1684,1587,470,449,440,459,845,882,669,596,184,65,67,63,140,145,103,89,16,21,26,26,63,52,35,31,4
E14001213,East Ham,878,734,628,966,970,616,536,183,58,49,104,162,170,140,101,34,7,7,6,15,13,10,9,0,5,5,3,11,9,4,1,0
E14001214,East Hampshire,1804,1748,1342,2159,1631,1173,1213,395,497,504,458,806,712,442,484,151,62,72,82,133,146,94,89,22,22,23,42,43,59,37,36,10
E14001215,East Surrey,1659,1650,1500,2284,1852,1308,1299,427,536,551,585,928,853,583,573,197,126,116,139,195,205,127,115,27,44,32,57,68,71,40,31,11
E14001216,East Thanet,2055,1886,1726,2820,2123,1548,1568,522,103,107,142,324,273,242,150,45,12,20,20,41,26,27,12,5,6,11,4,16,9,13,4,1
E14001217,East Wiltshire,1452,1578,1282,2022,1646,1372,1292,375,214,219,241,405,380,295,253,92,34,41,50,67,76,54,50,11,12,24,16,31,37,20,22,3
E14001218,East Worthing and Shoreham,1708,1777,1558,2180,1739,1459,1358,427,161,172,214,377,368,288,291,80,12,15,23,26,43,25,25,2,5,10,10,6,12,13,5,0
E14001219,Eastbourne,2063,1909,1737,2697,2221,1679,1730,563,114,129,143,219,236,175,183,46,9,19,18,25,26,22,35,2,1,9,8,10,10,14,17,1
E14001220,Eastleigh,1725,1657,1522,2126,1675,1322,1281,417,152,171,164,301,298,242,199,66,23,21,13,24,29,19,21,2,19,12,7,6,12,7,2,0
E14001221,Edmonton and Winchmore Hill,1064,1049,908,1567,1159,884,915,310,235,284,225,518,401,296,320,102,33,39,36,72,76,59,58,12,15,10,13,25,27,19,17,2
E14001222,Ellesmere Port and Bromborough,1750,1732,1456,1997,1706,1476,1270,436,20,13,20,39,37,28,24,5,10,3,10,13,12,9,3,0,5,1,9,11,10,7,1,0
E14001223,Eltham and Chislehurst,1652,1515,1425,2156,1417,1236,1144,376,489,512,558,824,640,497,533,191,58,74,72,104,118,73,81,18,27,22,24,39,44,24,28,8
E14001224,Ely and East Cambridgeshire,1951,1784,1623,2647,2330,1723,1514,494,183,225,211,378,403,321,307,99,15,28,21,34,40,26,22,6,8,17,13,15,16,13,13,2
E14001225,Enfield North,1323,1458,1218,1946,1584,1130,1147,396,236,240,251,491,460,338,320,126,41,25,24,36,41,37,27,3,20,16,13,14,23,17,16,0
E14001226,Epping Forest,1629,1512,1426,2142,1676,1267,1311,428,675,633,636,1066,809,561,649,216,137,150,120,234,198,114,160,28,44,58,41,85,74,43,58,10
E14001227,Epsom and Ewell,1675,1684,1641,2377,1915,1538,1426,473,741,684,761,1188,978,781,751,230,105,67,90,157,174,134,117,20,40,22,32,40,49,28,32,2
E14001228,Erewash,1882,1927,1688,2133,1848,1358,1439,490,18,38,32,54,48,50,40,8,0,8,10,7,10,9,5,1,0,1,5,0,6,8,2,1
E14001229,Erith and Thamesmead,1272,1165,1062,1639,1449,1146,1055,340,77,49,57,143,154,128,112,33,19,9,12,17,22,12,7,1,14,6,10,16,19,10,5,0
E14001230,Esher and Walton,1718,1766,1705,2665,2096,1432,1472,504,884,928,959,1555,1336,857,955,312,275,293,305,510,552,324,353,70,88,108,126,212,218,149,147,30
E14001231,Exeter,1587,1565,1331,1915,1532,1325,1240,424,121,129,108,184,213,192,120,45,41,31,23,42,50,29,22,2,26,20,12,23,28,15,10,1
E14001232,Exmouth and Exeter East,2384,2345,2053,3163,2742,1932,1731,531,252,242,259,423,474,411,361,98,35,33,34,55,64,55,48,4,15,17,10,18,22,16,12,0
E14001233,Fareham and Waterlooville,1943,1853,1567,2335,1808,1392,1501,498,103,102,122,194,184,164,167,52,13,20,17,16,16,21,9,2,7,12,7,8,5,8,3,1
E14001234,Farnham and Bordon,1768,1829,1885,2665,2011,1551,1469,451,630,616,745,1077,932,677,651,183,136,122,180,252,258,197,160,37,55,39,73,96,111,76,49,11
E14001235,Faversham and Mid Kent,1686,1514,1735,2512,1868,1263,1316,463,215,198,291,509,437,272,271,83,31,35,36,39,47,40,24,4,21,12,22,10,19,11,4,1
E14001236,Feltham and Heston,959,986,916,1287,1059,862,785,254,79,70,110,212,219,194,177,73,22,11,22,32,14,13,7,0,19,8,18,26,11,8,4,0
E14001237,Filton and Bradley Stoke,2217,1995,1761,2624,2193,1886,1708,462,106,123,125,227,299,269,268,56,19,33,23,28,33,18,15,4,19,29,18,19,28,15,11,4
E14001238,Finchley and Golders Green,1506,1413,1266,1848,1699,1285,1304,331,805,797,739,1192,1088,795,845,178,313,269,266,470,449,345,361,52,129,113,116,212,226,171,173,27
E14001239,Folkestone and Hythe,2017,1828,1600,2462,1852,1639,1416,534,133,138,151,302,282,208,179,51,13,20,20,33,53,24,18,6,8,13,10,16,11,11,3,0
E14001240,Forest of Dean,1625,1565,1448,2272,1740,1300,1235,399,122,129,163,259,225,184,164,47,21,14,9,30,19,23,7,5,5,8,5,11,8,12,3,1
E14001241,Frome and East Somerset,1796,1560,1423,1990,1627,1356,1218,456,204,167,224,360,330,301,227,73,39,42,57,72,73,53,41,8,18,18,23,32,37,25,19,1
E14001242,Fylde,2308,2342,2126,2948,2599,1904,1773,535,100,92,130,193,184,155,127,43,25,28,29,21,29,21,16,4,9,19,18,3,10,12,4,3
E14001243,Gainsborough,2012,2094,1764,2886,2389,1659,1538,485,59,65,68,140,172,93,77,11,9,9,12,11,14,14,7,0,6,6,10,3,6,6,4,0
E14001244,Gateshead Central and Whickham,1748,1524,1449,1861,1792,1620,1402,386,29,33,27,32,32,40,18,4,13,14,11,8,7,6,3,0,10,10,7,4,6,3,1,0
E14001245,Gedling,1956,2083,1754,2419,2121,1727,1691,521,29,37,36,104,88,80,60,6,9,10,7,16,10,8,4,1,5,6,3,10,3,7,2,0
E14001246,Gillingham and Rainham,1643,1678,1336,2119,1647,1366,1404,412,72,68,104,160,113,99,89,29,5,7,9,6,9,6,7,1,4,3,7,1,4,3,3,0
E14001247,Glastonbury and Somerton,1749,1810,1684,2491,1900,1371,1321,465,160,151,235,434,390,268,224,55,22,36,26,58,59,48,35,4,12,19,12,28,24,19,13,3
E14001248,Gloucester,2316,2214,1835,2572,2234,1796,1737,586,45,47,38,77,70,73,67,7,17,17,13,35,9,13,10,2,11,14,6,23,3,11,6,0
E14001249,Godalming and Ash,1673,1713,1703,2612,2136,1691,1463,430,680,628,711,1197,1020,879,713,186,151,161,150,272,237,206,151,27,58,63,67,126,117,79,65,10
E14001250,Goole and Pocklington,2211,2490,2106,2927,2451,2036,1803,567,94,118,125,179,169,132,119,28,10,16,11,18,23,13,14,2,7,9,4,8,12,5,3,0
E14001251,Gorton and Denton,1611,1614,1289,1693,1563,1338,1199,398,8,19,12,19,18,13,16,6,3,7,4,6,7,4,7,1,1,5,2,5,6,4,5,1
E14001252,Gosport,1630,1762,1506,2143,1631,1329,1387,463,74,87,83,146,141,134,143,32,6,3,12,12,17,28,14,0,3,2,9,7,13,6,7,0
E14001253,Grantham and Bourne,2036,1976,1716,2505,2072,1701,1593,486,67,54,85,148,160,101,109,27,7,11,12,21,10,12,17,1,4,7,8,8,3,7,6,0
E14001254,Gravesham,1527,1450,1194,1848,1616,1191,1125,398,114,115,138,259,293,166,126,69,15,19,19,30,24,23,16,5,11,5,7,9,10,12,9,1
E14001255,Great Grimsby and Cleethorpes,1874,2025,1647,2474,2300,1784,1754,521,11,9,14,8,18,10,12,1,2,2,7,6,7,7,8,0,0,1,4,4,6,4,0,0
E14001256,Great Yarmouth,1998,2230,2044,2674,2244,1529,1627,504,33,30,27,66,81,62,41,16,5,4,5,11,9,10,2,2,3,1,2,6,6,6,2,2
E14001257,Greenwich and Woolwich,2122,2285,2003,2120,2169,1330,1614,459,965,1174,1010,1050,1136,620,777,207,105,106,108,142,151,92,95,10,42,32,40,51,61,43,43,5
E14001258,Guildford,1565,1381,1357,2063,1825,1307,1330,440,643,549,616,979,975,662,671,206,178,145,179,260,289,204,185,29,67,65,82,103,135,85,76,8
E14001259,Hackney North and Stoke Newington,969,1032,878,1397,1271,1017,984,289,518,525,501,796,720,600,585,177,121,150,152,251,244,205,188,41,17,24,24,36,71,66,58,14
E14001260,Hackney South and Shoreditch,1186,1616,1238,1978,1343,1151,1144,310,660,1106,834,1149,840,745,757,192,149,364,232,318,223,215,178,27,75,131,93,102,111,80,78,7
E14001261,Halesowen,1479,1562,1299,1796,1460,1067,1154,337,25,19,21,24,37,26,28,4,12,4,6,7,10,11,7,0,9,2,3,4,7,9,5,0
E14001262,Halifax,2062,1840,1514,2285,1861,1602,1498,511,33,33,34,65,61,49,42,12,8,6,6,5,6,11,7,1,3,5,4,3,5,5,5,0
E14001263,Hamble Valley,2235,2075,1837,2700,2334,1817,1765,519,309,285,290,524,536,380,370,100,50,50,30,64,67,56,26,6,26,34,16,27,32,27,15,1
E14001264,Hammersmith and Chiswick,1913,1361,1422,1945,1947,1506,1344,384,1397,893,954,1295,1236,982,889,235,606,424,467,553,525,476,417,77,246,200,208,263,257,234,219,42
E14001265,Hampstead and Highgate,1432,1364,1357,2018,1734,1364,1502,406,1088,1021,1020,1573,1359,1064,1220,288,510,529,499,763,685,545,592,104,297,291,314,453,443,334,347,67
E14001266,"Harborough, Oadby and Wigston",1801,1968,1768,2606,2213,1779,1550,433,166,176,170,269,273,261,198,55,24,26,26,27,30,30,22,7,12,13,11,9,7,12,6,2
E14001267,Harlow,1669,1785,1567,2233,1757,1451,1330,432,192,196,215,365,293,215,201,64,36,37,34,52,35,19,29,4,14,15,17,16,14,10,10,1
E14001268,Harpenden and Berkhamsted,1545,1517,1458,2288,1737,1397,1364,418,879,849,862,1380,1124,931,861,264,236,223,244,389,352,264,275,55,66,75,92,154,152,104,119,20
E14001269,Harrogate and Knaresborough,2210,2131,1824,3177,2477,2062,1980,576,328,391,329,643,582,488,465,119,47,67,45,89,109,75,63,13,23,28,17,32,45,28,20,3
E14001270,Harrow East,878,886,864,1324,1002,703,779,213,437,395,372,738,597,414,459,139,66,53,41,93,79,59,60,6,26,24,18,32,34,23,23,4
E14001271,Harrow West,1513,1724,1389,1572,1292,1068,951,283,407,435,417,615,503,402,397,127,26,28,30,47,22,28,32,0,14,14,18,31,11,11,11,0
E14001272,Hartlepool,1619,1629,1640,2264,2128,1901,1845,512,23,26,31,43,61,48,34,19,2,7,4,4,5,9,5,3,1,5,3,3,3,2,4,1
E14001273,Harwich and North Essex,1941,1860,1791,2567,2135,1637,1580,475,181,178,219,333,366,305,262,79,19,19,19,37,54,40,23,7,11,9,9,15,13,7,4,2
E14001274,Hastings and Rye,2293,2019,1893,2787,2309,1869,1689,513,115,114,150,298,325,227,192,50,12,12,14,26,32,34,21,7,7,5,5,13,16,12,7,2
E14001275,Havant,1536,1459,1372,2020,1646,1304,1222,398,125,79,136,255,269,210,169,37,20,18,14,33,35,20,15,2,8,14,7,11,16,11,5,0
E14001276,Hayes and Harlington,1203,997,918,1516,1479,1097,948,244,109,85,94,233,300,268,286,84,24,17,17,39,41,23,14,3,20,14,15,27,33,20,8,3
E14001277,Hazel Grove,1718,1589,1495,2115,1661,1289,1409,483,70,66,84,164,139,115,119,39,12,10,4,11,8,8,7,0,5,5,2,4,5,4,3,0
E14001278,Hemel Hempstead,1667,1468,1384,2195,1801,1189,1153,436,253,254,272,485,491,293,299,117,36,35,34,53,70,48,43,11,24,24,16,25,34,25,15,7
E14001279,Hendon,1689,1799,1397,1981,1554,1301,1013,311,656,702,570,891,737,644,492,130,124,98,101,169,167,138,103,15,51,36,54,67,71,66,40,5
E14001280,Henley and Thame,1764,1601,1606,2379,1887,1427,1390,403,723,666,806,1239,959,750,736,198,176,132,190,329,265,205,153,35,60,53,80,124,119,95,52,12
E14001281,Hereford and South Herefordshire,1710,1755,1547,2299,1729,1450,1458,439,113,128,145,300,234,220,180,39,15,15,8,35,24,28,22,3,5,10,2,12,6,13,10,1
E14001282,Herne Bay and Sandwich,2041,1957,1759,2636,2276,1639,1585,534,177,146,168,365,368,224,184,77,19,22,14,28,35,26,21,4,14,15,6,10,10,10,11,0
E14001283,Hertford and Stortford,2208,1874,1925,2736,2437,1785,1679,580,559,527,567,844,959,682,628,202,74,85,69,102,109,92,72,17,23,31,25,37,33,26,16,2
E14001284,Hertsmere,1551,1626,1507,2067,1515,1153,1234,401,626,648,736,1124,888,665,691,210,143,118,174,264,244,182,166,29,70,43,80,107,101,68,71,13
E14001285,Hexham,1780,1707,1852,2514,2125,1838,1556,430,185,159,226,409,397,276,276,56,15,23,31,66,56,41,35,7,6,14,16,28,21,17,10,2
E14001286,Heywood and Middleton North,1756,1830,1477,2031,1820,1444,1363,402,34,31,34,37,69,58,51,7,16,7,10,8,12,11,12,1,11,6,7,6,8,7,7,0
E14001287,High Peak,1900,1815,1539,2286,1947,1523,1480,461,77,71,100,148,148,107,123,33,15,10,7,5,15,14,10,2,9,6,2,1,4,8,1,0
E14001288,Hinckley and Bosworth,1988,1953,1685,2341,2013,1526,1540,520,118,100,107,198,192,149,137,40,19,17,22,39,35,16,14,2,12,9,9,20,15,7,6,1
E14001289,Hitchin,1830,1800,1714,2778,2151,1615,1581,516,355,408,426,759,709,533,526,162,49,45,37,71,78,56,53,14,18,18,14,20,30,11,16,8
E14001290,Holborn and St Pancras,1226,1037,1154,1367,1343,1256,1036,237,919,723,832,978,1025,950,745,151,445,346,418,502,426,420,332,35,274,202,231,295,229,221,194,18
E14001291,Honiton and Sidmouth,2142,2074,1729,2569,1880,1625,1594,478,257,279,296,491,410,355,336,100,29,19,37,52,66,55,47,3,4,7,7,15,25,15,14,0
E14001292,Hornchurch and Upminster,1584,1419,1397,2130,1525,1308,1310,399,340,335,353,680,577,441,485,158,37,39,31,74,68,56,44,7,14,13,14,31,25,23,16,0
E14001293,Hornsey and Friern Barnet,1464,1380,1174,1765,1638,1310,1231,410,788,756,706,1087,1057,851,780,240,235,262,252,365,378,290,293,62,77,96,78,147,170,121,131,33
E14001294,Horsham,2059,2136,1935,2640,2039,1622,1486,484,433,478,561,787,683,515,515,138,67,46,69,114,102,72,73,7,23,14,28,41,47,36,18,0
E14001295,Houghton and Sunderland South,1573,1606,1492,2106,2186,1640,1467,396,10,10,14,23,31,7,14,4,6,5,11,6,8,0,3,1,5,4,11,5,7,0,3,1
E14001296,Hove and Portslade,1871,1901,1659,2547,2175,1610,1719,488,430,454,432,761,741,586,594,172,60,74,78,155,182,126,138,31,16,28,27,50,71,37,48,3
E14001297,Huddersfield,1618,1508,1434,1981,1743,1601,1297,365,30,26,28,58,60,52,38,7,11,7,6,18,15,18,9,0,5,4,4,8,7,10,4,0
E14001298,Huntingdon,2048,2116,1887,2746,2199,1605,1562,542,176,204,214,332,369,211,223,73,25,21,32,47,47,22,19,1,12,17,19,24,23,11,9,1
E14001299,Hyndburn,1600,1789,1629,2117,2032,1549,1423,438,26,23,18,28,48,16,16,4,10,10,6,11,28,4,2,1,6,5,4,6,17,2,1,1
E14001300,Ilford North,1146,1171,933,1446,1049,895,815,270,330,349,328,600,479,401,382,126,16,13,9,15,11,16,10,1,10,6,7,4,5,11,7,1
E14001301,Ilford South,1150,1093,725,1286,978,764,747,258,106,93,99,244,262,210,195,98,9,12,14,13,14,7,8,1,5,8,10,7,12,4,5,0
E14001302,Ipswich,1981,1831,1532,2407,1973,1567,1509,486,58,58,46,111,94,81,58,14,17,17,12,25,21,11,4,1,11,13,8,18,10,8,3,0
E14001303,Isle of Wight East,1671,1706,1481,2119,1574,1184,1152,372,78,99,124,252,184,131,129,27,11,12,24,26,19,25,20,1,5,6,6,11,5,9,10,0
E14001304,Isle of Wight West,1593,1530,1576,1872,1634,1218,1081,363,89,86,120,169,167,128,109,33,13,14,18,20,27,33,22,1,10,5,5,7,13,14,12,1
E14001305,Islington North,1035,1104,1225,1438,1379,1140,1060,318,518,595,723,893,879,746,657,211,132,170,183,274,276,275,217,40,53,63,75,99,118,113,93,16
E14001306,Islington South and Finsbury,1323,1329,1106,1618,1396,1263,1576,299,866,920,840,1179,1025,962,1167,225,340,311,295,478,400,372,495,45,166,169,137,260,247,185,218,24
E14001307,Jarrow and Gateshead East,1278,1318,1067,1576,1451,1134,1172,329,12,15,16,11,11,13,10,2,10,10,11,4,3,4,4,0,5,7,8,4,3,4,2,0
E14001308,Keighley and Ilkley,2116,2020,1640,2315,1939,1504,1522,518,106,146,134,181,167,158,148,51,14,18,20,27,25,30,31,4,8,8,6,6,5,9,13,2
E14001309,Kenilworth and Southam,1969,1837,1789,2618,2260,1663,1601,509,439,337,363,663,523,445,415,121,67,52,48,101,97,65,54,7,32,22,19,31,28,26,23,3
E14001310,Kensington and Bayswater,1837,1939,1673,2388,2296,1964,1794,425,1491,1603,1408,2036,2004,1678,1536,355,1007,1064,912,1283,1357,1086,973,191,739,779,648,915,976,785,680,129
E14001311,Kettering,2282,2062,1816,2722,2400,1780,1845,524,80,75,67,138,130,101,84,24,12,18,14,22,22,13,9,1,6,10,9,16,16,6,3,0
E14001312,Kingston and Surbiton,1671,1711,1449,2382,2031,1587,1511,505,670,620,604,1032,962,797,725,252,96,96,76,158,169,142,111,20,36,41,28,40,63,55,35,4
E14001313,Kingston upon Hull East,1526,1503,1338,1851,1685,1432,1276,395,10,11,11,15,17,18,5,0,5,7,5,7,6,5,2,0,4,5,3,7,5,3,1,0
E14001314,Kingston upon Hull North and Cottingham,2012,2026,1741,2417,2194,1648,1593,479,19,27,12,37,25,17,15,2,9,26,7,22,5,3,4,2,5,25,7,18,3,1,4,1
E14001315,Kingston upon Hull West and Haltemprice,2172,2051,1791,2410,2275,1949,1729,512,50,42,43,76,68,38,38,7,16,11,7,11,10,9,9,2,8,6,3,7,8,5,4,1
E14001316,Kingswinford and South Staffordshire,1494,1419,1304,1953,1442,1051,1097,350,68,82,91,151,136,107,102,39,8,14,12,16,13,6,11,4,2,11,8,6,4,2,6,2
E14001317,Knowsley,1346,1654,1386,1595,1460,1140,1089,313,21,13,19,34,30,35,25,3,15,8,12,16,5,10,15,1,11,6,6,10,2,8,13,1
E14001318,Lancaster and Wyre,1987,1867,1717,2497,1912,1547,1447,422,62,63,61,107,98,81,66,13,15,11,15,17,9,10,6,2,8,6,12,9,7,6,3,1
E14001319,Leeds Central and Headingley,1604,1435,1339,1918,1214,1265,1052,309,89,88,86,115,120,124,64,12,53,45,39,47,49,45,14,2,39,36,28,40,32,37,12,2
E14001320,Leeds East,1609,1783,1650,1936,1783,1435,1366,394,37,23,26,45,31,44,30,3,19,8,6,17,8,9,9,0,18,6,6,12,8,6,8,0
E14001321,Leeds North East,1525,1516,1393,1794,1414,1237,1179,374,117,110,118,201,211,175,168,52,5,17,12,24,41,21,16,0,2,8,3,9,21,6,5,0
E14001322,Leeds North West,1919,2006,1707,2280,1773,1473,1521,495,173,180,180,311,283,261,235,59,11,10,16,34,31,18,19,6,4,7,7,10,8,5,4,1
E14001323,Leeds South,1942,1949,1598,1863,1760,1554,1500,434,50,36,47,47,53,48,39,1,33,20,35,23,29,27,22,1,30,18,32,17,23,22,19,1
E14001324,Leeds South West and Morley,1948,1867,1714,2240,1990,1645,1635,494,18,29,30,51,40,31,37,11,3,11,10,14,12,6,5,0,2,10,10,10,6,4,4,0
E14001325,Leeds West and Pudsey,1983,1885,1542,2102,1727,1477,1374,496,27,20,35,49,48,33,33,6,9,4,3,9,9,6,3,0,4,3,1,5,4,4,2,0
E14001326,Leicester East,1198,1069,799,1120,940,739,706,242,18,29,32,21,17,32,21,5,6,10,10,7,3,8,5,0,4,3,7,3,2,5,4,0
E14001327,Leicester South,1380,1184,985,1314,1125,898,862,240,79,81,70,100,115,108,74,13,31,33,25,18,28,28,16,3,26,24,18,9,13,16,10,3
E14001328,Leicester West,1583,1543,1187,1665,1528,1297,1023,320,38,29,23,38,26,30,23,4,29,16,11,13,10,15,9,1,10,9,5,8,7,8,5,1
E14001329,Leigh and Atherton,2325,2443,2140,2568,2343,1907,1735,501,20,8,19,33,38,29,25,4,10,7,7,10,14,11,4,0,6,5,5,7,6,6,2,0
E14001330,Lewes,1822,1741,1558,2465,1954,1475,1464,490,264,277,309,554,520,390,342,116,43,44,55,108,100,73,60,10,13,14,23,40,40,26,16,5
E14001331,Lewisham East,1360,1339,1177,1790,1574,1166,1120,399,279,345,339,580,543,400,400,139,10,24,21,33,47,29,33,7,6,15,9,15,17,11,9,2
E14001332,Lewisham North,1748,1386,1339,1702,1493,1259,1285,379,523,488,556,714,632,478,536,149,64,54,99,98,115,73,92,21,30,20,29,33,47,28,30,9
E14001333,Lewisham West and East Dulwich,1455,1479,1402,2031,1809,1283,1305,443,694,691,707,1081,996,665,750,254,81,119,134,201,232,141,173,38,14,22,20,22,47,24,37,8
E14001334,Leyton and Wanstead,1258,1202,1125,1921,1471,1214,1232,435,511,464,485,941,739,602,651,240,55,40,49,101,124,102,124,25,18,9,5,18,23,17,27,3
E14001335,Lichfield,2134,1956,1686,2535,2164,1647,1591,452,155,158,185,294,304,225,227,61,15,19,18,32,43,23,19,5,8,10,10,12,15,7,7,2
E14001336,Lincoln,2184,2064,1670,2450,2242,1581,1542,476,37,49,37,83,65,47,36,8,21,32,6,40,17,18,6,1,11,23,5,18,11,10,4,1
E14001337,Liverpool Garston,1578,1604,1257,1668,1426,1122,1099,346,81,85,86,168,157,127,101,36,14,11,10,14,16,12,6,2,5,10,5,8,5,6,3,1
E14001338,Liverpool Riverside,3471,3589,1921,2294,2303,2120,1838,382,85,90,51,80,74,108,51,3,49,40,20,43,35,82,23,2,30,27,13,33,25,45,15,2
E14001339,Liverpool Walton,1485,1359,1178,1547,1503,1257,1178,313,17,9,6,12,12,8,2,1,7,5,2,5,7,4,1,1,4,3,1,3,6,4,0,1
E14001340,Liverpool Wavertree,2019,1899,1618,2228,1829,1977,1377,448,43,43,48,66,78,60,39,16,13,10,7,12,9,10,4,1,8,8,4,9,3,5,2,0
E14001341,Liverpool West Derby,1594,1590,1426,1818,1646,1368,1258,385,6,23,10,23,14,11,13,6,1,7,2,7,5,3,1,1,1,5,0,7,3,1,0,0
E14001342,Loughborough,1931,1703,1528,2012,1749,1546,1355,430,90,64,80,99,147,102,104,31,19,9,11,16,18,16,21,5,14,5,7,8,11,4,13,3
E14001343,Louth and Horncastle,2171,2197,1958,2929,2242,1759,1560,463,51,47,56,122,124,103,92,24,13,6,3,14,10,12,6,2,8,4,3,9,5,3,4,0
E14001344,Lowestoft,1835,1778,1554,2263,1899,1466,1361,476,30,41,41,81,77,56,41,9,6,8,5,17,11,12,4,0,3,3,3,8,2,7,2,0
E14001345,Luton North,1350,1304,1064,1631,1402,1015,1061,331,28,32,31,64,74,65,63,14,6,11,6,10,9,4,8,0,5,7,5,6,6,4,4,0
E14001346,Luton South and South Bedfordshire,1848,1748,1277,2133,1699,1280,1159,332,112,123,140,199,152,121,127,23,23,25,22,35,26,28,22,1,15,13,12,25,17,12,12,1
E14001347,Macclesfield,2072,2016,1949,2624,2155,1784,1656,552,243,220,259,424,396,321,282,95,48,39,62,84,75,40,52,12,22,14,33,40,34,20,19,4
E14001348,Maidenhead,1683,1933,1759,2594,2117,1658,1542,503,629,738,703,1236,1058,727,793,252,143,154,164,264,240,178,169,27,63,65,68,122,106,74,67,9
E14001349,Maidstone and Malling,2097,1832,1880,2836,2116,1818,1640,534,224,224,228,426,375,295,278,85,20,32,29,53,28,24,24,2,12,18,11,35,10,10,7,1
E14001350,Makerfield,1726,1667,1538,1881,1686,1448,1453,442,8,17,12,18,12,13,16,2,4,14,2,2,4,4,7,1,4,12,2,1,3,4,6,1
E14001351,Maldon,1785,1771,1779,2354,1940,1367,1310,530,344,366,377,633,599,356,368,125,56,44,53,107,94,44,56,11,18,12,22,25,33,17,15,2
E14001352,Manchester Central,2542,2464,3087,3489,3111,2230,1989,502,107,101,107,206,194,117,78,16,72,58,51,83,62,39,37,2,59,46,42,61,47,31,28,1
E14001353,Manchester Rusholme,1282,996,1205,1247,1094,801,857,259,79,24,23,26,43,41,35,13,69,12,9,5,11,12,15,0,59,8,9,4,8,10,13,0
E14001354,Manchester Withington,1508,1513,1293,1780,1485,1179,1115,398,187,206,173,301,286,251,219,94,35,23,16,32,28,27,26,7,14,9,8,10,11,8,11,1
E14001355,Mansfield,1916,1821,1690,2110,1998,1585,1559,486,17,21,22,40,43,34,27,8,5,7,9,7,11,5,9,0,4,5,6,5,8,4,6,0
E14001356,Melksham and Devizes,1742,1791,1643,2386,1916,1438,1364,502,198,219,238,372,341,261,250,87,23,28,34,38,45,41,32,5,8,15,12,21,19,15,10,1
E14001357,Melton and Syston,1844,1792,1476,2185,1883,1696,1546,511,94,107,132,211,154,173,138,42,12,15,21,26,26,13,24,4,8,10,8,9,11,3,10,0
E14001358,Meriden and Solihull East,1757,1481,1241,2007,1665,1280,1221,364,329,309,285,525,429,344,327,89,51,57,36,65,65,56,57,6,15,19,9,15,26,15,22,1
E14001359,Mid Bedfordshire,2200,2254,2109,2770,2041,1427,1470,430,314,326,301,526,563,340,344,87,28,32,34,57,65,42,34,8,18,16,13,16,28,15,13,3
E14001360,Mid Buckinghamshire,1758,1828,1724,2648,1962,1388,1287,431,594,610,644,1123,951,656,604,217,100,69,90,194,192,116,100,28,43,24,22,71,55,36,22,11
E14001361,Mid Cheshire,2174,2066,1717,2409,2269,1782,1513,491,72,87,80,138,126,82,75,31,17,22,13,23,27,13,1,2,10,15,8,13,10,5,0,0
E14001362,Mid Derbyshire,1800,1645,1487,2054,1673,1375,1295,438,78,100,86,168,147,119,129,34,6,15,11,24,12,18,18,3,2,8,5,10,3,6,5,2
E14001363,Mid Dorset and North Poole,1624,1662,1676,2279,1764,1420,1340,468,187,230,279,443,495,363,289,102,22,19,29,39,39,36,18,8,12,6,13,9,13,8,8,3
E14001364,Mid Leicestershire,2038,1977,1639,2232,1685,1342,1469,490,75,97,90,154,176,129,124,32,17,28,14,22,25,17,27,2,9,16,5,11,9,7,11,2
E14001365,Mid Norfolk,1838,1864,1700,2598,2014,1650,1551,497,110,105,149,303,277,226,184,46,7,9,20,33,29,31,13,1,3,1,4,12,8,10,7,1
E14001366,Mid Sussex,1917,2120,1860,2544,1999,1617,1517,549,441,510,482,776,666,557,526,202,55,85,64,100,107,84,82,18,19,32,21,35,44,34,32,3
E14001367,Middlesbrough and Thornaby East,1737,1849,1565,2272,2076,1703,1640,515,22,21,20,31,20,17,14,1,12,12,14,23,8,5,7,1,9,8,12,17,4,4,4,0
E14001368,Middlesbrough South and East Cleveland,1747,1868,1492,2184,1874,1541,1484,476,21,27,28,60,40,40,27,8,5,8,8,7,5,8,3,0,5,5,6,2,4,6,1,0
E14001369,Milton Keynes Central,1928,2142,1821,2812,2487,1717,1483,495,248,283,294,470,524,410,297,105,31,42,30,61,63,24,22,3,18,28,18,27,29,18,6,1
E14001370,Milton Keynes North,2030,1869,1634,2413,2054,1573,1496,475,198,193,238,390,423,325,271,72,25,21,20,48,30,31,20,5,17,12,14,27,15,18,12,2
E14001371,Mitcham and Morden,1282,1250,1130,1700,1420,1145,1119,355,248,233,279,517,496,393,377,151,17,21,11,13,11,15,9,0,14,11,8,9,6,10,5,0
E14001372,Morecambe and Lunesdale,2029,2159,1790,2507,2027,1662,1573,461,73,105,67,160,159,148,123,21,12,27,11,17,10,21,12,2,6,20,5,6,5,10,2,1
E14001373,New Forest East,1376,1399,1306,1962,1471,1112,1236,419,236,215,293,378,386,268,290,78,53,58,81,76,104,70,72,12,25,24,31,28,51,31,43,1
E14001374,New Forest West,1799,1638,1654,2389,1591,1248,1322,452,423,408,499,882,683,491,488,140,62,53,71,123,114,102,87,16,15,17,29,40,49,33,25,10
E14001375,Newark,2064,2024,2011,2861,2318,1826,1824,518,128,104,158,275,258,193,165,50,15,12,17,25,28,18,23,3,9,9,6,8,10,7,9,2
E14001376,Newbury,1690,1497,1356,2206,1984,1443,1465,498,311,280,242,485,495,377,350,117,63,59,43,80,75,59,66,10,41,36,18,30,31,25,28,3
E14001377,Newcastle upon Tyne Central and West,1596,1578,1358,2031,1805,1585,1431,385,40,43,43,43,49,50,34,4,26,21,30,18,34,25,20,0,21,19,20,16,25,21,15,0
E14001378,Newcastle upon Tyne East and Wallsend,1690,1701,1653,1936,1718,1622,1431,427,11,16,15,23,24,19,25,3,7,12,11,7,11,10,3,1,6,11,10,3,8,9,3,0
E14001379,Newcastle upon Tyne North,2098,1947,1749,2555,2194,2002,1697,506,101,144,134,203,223,206,168,50,22,23,18,47,57,27,34,3,13,15,6,39,30,14,9,1
E14001380,Newcastle-under-Lyme,1541,1654,1616,2228,1757,1505,1359,418,40,24,21,39,52,45,41,8,14,8,3,5,11,10,14,1,9,6,3,4,3,5,11,1
E14001381,Newton Abbot,2049,1948,1712,2551,1992,1614,1513,453,121,130,156,275,259,178,141,37,13,11,18,20,28,17,12,3,4,6,8,9,8,4,3,0
E14001382,Newton Aycliffe and Spennymoor,2059,2002,1839,2576,2365,1903,1787,588,21,41,22,17,25,21,15,2,9,23,15,5,3,7,4,0,7,22,12,2,2,5,2,0
E14001383,Normanton and Hemsworth,1835,1824,1500,2189,1882,1329,1281,473,36,21,34,54,50,37,38,8,12,5,18,10,14,13,11,0,9,4,12,7,13,9,5,0
E14001384,North Bedfordshire,2205,2106,1983,2804,2174,1591,1616,550,272,281,292,528,471,349,347,106,25,36,34,66,64,36,34,7,15,13,12,18,21,15,10,2
E14001385,North Cornwall,2224,2181,2073,3111,2186,1665,1509,490,293,283,326,553,436,403,294,72,79,63,62,122,100,92,55,6,36,39,30,56,51,43,24,3
E14001386,North Cotswolds,2141,2059,1877,2737,2196,1717,1579,470,465,433,542,770,721,548,497,139,101,101,148,195,201,178,128,30,42,52,69,94,105,99,61,14
E14001387,North Devon,2364,2261,2116,2878,2062,1639,1542,490,159,164,180,392,338,268,212,54,20,21,18,59,58,50,27,3,12,10,6,22,20,22,13,1
E14001388,North Dorset,1815,1552,1586,2369,1857,1614,1513,497,200,174,239,409,416,340,270,77,21,21,39,65,51,49,40,4,5,9,20,28,28,19,8,2
E14001389,North Durham,1666,1788,1600,2121,2136,1684,1588,492,19,16,27,26,36,18,19,7,6,4,8,5,3,2,2,1,5,2,6,1,0,0,2,1
E14001390,North East Cambridgeshire,2119,1980,1710,2720,2275,1715,1627,517,34,37,47,123,101,73,62,12,12,9,12,22,12,10,5,1,9,3,6,17,8,8,2,1
E14001391,North East Derbyshire,1654,1653,1617,2121,1811,1408,1278,346,73,74,76,151,119,91,77,17,10,12,11,14,15,10,12,2,3,6,7,3,3,6,4,0
E14001392,North East Hampshire,1968,1838,1770,2474,1945,1534,1448,504,584,613,679,958,895,671,613,218,77,89,96,160,138,122,90,20,23,29,37,62,56,35,29,9
E14001393,North East Hertfordshire,1504,1657,1500,2337,1799,1336,1306,459,356,428,457,753,631,456,424,137,49,63,76,153,105,80,67,18,13,26,25,75,43,26,24,5
E14001394,North East Somerset and Hanham,1779,1886,1533,2045,1520,1272,1190,457,145,187,212,333,310,248,233,88,15,23,20,38,32,24,26,12,12,14,10,9,9,7,6,0
E14001395,North Herefordshire,1769,1712,1534,2332,1701,1326,1296,400,167,167,225,383,348,309,289,68,15,22,26,51,51,41,33,1,6,12,10,21,15,14,9,0
E14001396,North Norfolk,2154,2118,1926,2675,1904,1566,1553,485,176,196,235,426,362,281,254,73,25,23,35,58,62,44,30,3,10,8,14,22,27,24,8,1
E14001397,North Northumberland,2261,2124,1952,2462,2215,2001,1774,512,103,96,99,150,215,182,164,47,17,11,10,18,27,30,26,3,11,8,4,12,16,13,14,1
E14001398,North Shropshire,1919,1915,1823,2337,1909,1665,1561,498,81,81,99,194,192,152,122,50,7,13,9,13,26,16,9,1,3,9,6,6,10,9,5,0
E14001399,North Somerset,1866,1814,1547,2300,1840,1555,1489,508,340,317,313,570,553,471,427,124,31,36,39,61,74,64,46,8,16,18,14,18,22,18,15,4
E14001400,North Warwickshire and Bedworth,1642,1587,1280,2006,1745,1321,1192,371,74,71,59,125,120,81,62,17,10,15,9,11,24,22,6,4,6,9,5,7,13,9,3,4
E14001401,North West Cambridgeshire,2457,2471,2161,3127,2419,1768,1794,559,107,99,115,176,164,150,140,26,33,24,13,35,26,19,23,3,16,18,9,21,13,9,13,2
E14001402,North West Essex,2142,1953,1720,2630,1977,1615,1552,472,669,613,554,942,850,620,552,159,70,59,54,122,139,100,72,13,31,18,16,30,35,23,28,4
E14001403,North West Hampshire,2192,2159,1925,2736,1925,1418,1451,483,239,247,259,458,346,258,286,81,41,43,43,96,63,56,42,10,22,16,16,45,35,24,21,3
E14001404,North West Leicestershire,2355,2167,2035,2599,2366,1716,1685,501,100,77,84,147,167,120,112,26,19,19,13,17,17,20,15,1,15,12,8,11,10,10,6,0
E14001405,North West Norfolk,2000,2113,1878,2613,1947,1535,1541,491,140,172,185,309,299,212,186,40,30,29,46,47,50,45,37,2,12,9,17,13,20,21,11,1
E14001406,Northampton North,2241,2090,1777,2562,2239,1833,1739,557,55,58,54,97,100,83,74,11,16,20,25,25,13,20,15,1,10,16,21,12,9,11,7,1
E14001407,Northampton South,1985,1828,1576,2467,2373,1593,1594,548,84,80,60,143,194,123,117,37,17,30,14,19,25,25,6,1,12,20,12,16,15,19,3,0
E14001408,Norwich North,1855,1796,1629,2265,2011,1595,1578,534,26,46,39,75,86,63,58,16,5,10,13,8,14,8,4,1,4,9,7,4,10,5,2,0
E14001409,Norwich South,2059,1827,1385,2126,1978,1470,1439,518,78,107,97,178,164,138,123,34,17,21,19,33,39,18,21,4,11,11,6,17,19,8,3,2
E14001410,Nottingham East,2236,2112,1619,2140,1925,1594,1394,441,112,97,85,134,127,116,75,11,56,34,28,49,30,39,25,4,43,19,20,29,21,23,13,2
E14001411,Nottingham North and Kimberley,1627,1724,1179,1505,1478,1251,1209,401,22,17,16,15,19,11,15,4,14,7,7,9,10,1,6,0,10,2,4,8,7,0,4,0
E14001412,Nottingham South,1368,1575,1119,1507,1461,1119,1042,313,47,50,52,74,71,81,48,13,19,18,11,19,27,20,12,1,14,8,8,12,18,17,9,0
E14001413,Nuneaton,2099,2123,1800,2317,2094,1551,1572,455,39,39,39,64,62,47,31,4,6,17,11,9,9,8,11,0,5,16,6,4,6,4,8,0
E14001414,Old Bexley and Sidcup,1481,1502,1386,1999,1561,1188,1376,458,264,285,318,580,517,363,473,142,12,16,21,26,27,23,30,6,8,5,11,2,10,5,4,0
E14001415,Oldham East and Saddleworth,1553,1690,1470,1900,1682,1250,1292,359,44,48,37,73,79,66,71,11,5,5,3,17,10,21,6,0,2,1,2,10,7,16,2,0
E14001416,"Oldham West, Chadderton and Royton",1436,1510,1282,1763,1473,1100,1143,376,26,20,24,33,28,17,28,6,14,11,10,14,13,6,7,0,13,5,4,13,7,5,6,0
E14001417,Orpington,1479,1402,1381,1857,1475,1150,1181,391,496,454,529,792,720,544,534,200,48,37,47,83,99,70,56,10,21,14,24,27,33,18,14,3
E14001418,Ossett and Denby Dale,1808,1747,1456,2014,1750,1431,1408,433,83,93,74,159,122,95,100,37,6,15,17,20,10,11,13,2,2,13,10,9,5,7,5,1
E14001419,Oxford East,1083,1049,930,1495,1229,991,1048,331,228,218,213,411,382,338,316,106,16,25,35,49,50,50,37,3,10,15,11,18,24,18,16,1
E14001420,Oxford West and Abingdon,1353,1263,1186,1754,1545,1237,1278,363,428,366,420,648,628,515,511,122,130,112,134,211,170,157,134,28,57,53,66,99,91,70,60,14
E14001421,Peckham,1150,1244,1044,1229,1046,781,954,304,518,651,465,608,526,333,508,131,101,96,85,116,108,58,88,11,31,45,30,51,36,11,19,7
E14001422,Pendle and Clitheroe,2196,2296,2007,2804,2408,1988,1773,594,48,61,60,108,125,94,78,12,13,10,12,26,16,11,12,0,5,5,8,11,5,3,6,0
E14001423,Penistone and Stocksbridge,1620,1562,1315,1744,1694,1387,1371,331,49,53,46,84,87,74,78,13,12,8,10,13,6,11,4,3,8,5,3,9,6,5,3,2
E14001424,Penrith and Solway,2054,2032,1852,2556,2066,1782,1741,526,78,82,89,153,157,127,101,39,16,13,13,25,28,18,12,3,7,8,8,10,11,8,6,2
E14001425,Peterborough,1888,1826,1449,1988,1902,1434,1327,447,41,49,41,72,88,58,65,13,17,17,17,20,22,16,17,1,10,13,15,18,14,9,10,0
E14001426,Plymouth Moor View,1632,1616,1312,1648,1562,1222,1236,438,21,32,28,30,55,32,30,6,4,10,9,4,6,8,4,0,2,7,6,3,5,5,3,0
E14001427,Plymouth Sutton and Devonport,2004,1996,1664,2513,2305,1831,1743,540,47,64,42,68,57,59,48,6,9,15,7,6,15,9,7,0,8,11,7,5,10,2,4,0
E14001428,"Pontefract, Castleford and Knottingley",2149,2200,1768,2331,2004,1565,1609,442,17,22,31,31,19,17,24,2,9,13,19,15,7,3,10,0,8,10,16,13,4,2,7,0
E14001429,Poole,2264,2194,2072,3157,2261,1702,1772,513,391,380,457,736,592,393,357,106,112,129,149,249,215,128,124,21,53,57,74,126,120,72,59,10
E14001430,Poplar and Limehouse,2478,2339,2891,3737,3075,1802,1785,466,1001,891,1704,2447,1736,872,903,181,178,99,314,524,486,155,144,15,84,41,111,108,148,61,38,2
E14001431,Portsmouth North,1638,1475,1328,1956,1618,1128,1239,436,50,59,59,75,101,56,64,16,12,21,12,11,13,5,10,0,8,18,8,10,8,4,9,0
E14001432,Portsmouth South,1985,1754,1539,2240,1870,1333,1399,475,106,103,100,161,138,102,111,31,27,23,13,11,14,15,15,6,14,17,7,7,3,5,10,4
E14001433,Preston,1968,1683,1638,2138,2253,1919,1574,468,41,25,30,56,44,34,25,2,21,14,12,27,18,16,8,0,13,12,9,19,11,12,6,0
E14001434,Putney,1826,1734,1621,2346,1873,1516,1607,503,1061,1009,1028,1449,1190,935,1010,280,292,291,340,498,463,355,340,57,101,79,103,184,169,123,118,21
E14001435,Queen's Park and Maida Vale,1196,1133,1104,1797,1668,1076,1207,318,782,715,727,1363,1249,764,838,198,254,231,282,535,488,295,305,42,118,87,113,228,176,124,139,17
E14001436,Rawmarsh and Conisbrough,1553,1523,1401,1884,1594,1321,1229,416,14,15,7,20,22,19,20,7,5,8,3,8,9,9,5,1,4,7,3,5,7,6,3,1
E14001437,Rayleigh and Wickford,1644,1605,1446,2390,1841,1493,1428,477,181,164,218,480,428,292,280,89,11,8,15,37,24,13,22,3,2,5,8,14,13,8,9,2
E14001438,Reading Central,1816,1728,1375,2279,2230,1759,1623,509,242,245,202,393,405,353,346,103,39,38,24,60,70,58,59,12,21,21,9,19,31,22,37,6
E14001439,Reading West and Mid Berkshire,1427,1351,1230,1914,1423,1167,1146,369,337,289,305,505,436,339,338,110,63,61,70,84,87,57,67,19,28,31,28,34,38,29,34,7
E14001440,Redcar,1602,1608,1394,2019,1799,1550,1421,415,10,15,14,25,26,12,25,3,6,6,4,10,3,0,2,0,3,5,2,8,1,0,0,0
E14001441,Redditch,1923,1911,1548,1919,1468,1343,1288,330,83,76,82,148,120,110,109,24,14,9,10,26,12,20,10,1,11,6,5,13,5,8,6,0
E14001442,Reigate,1754,1740,1700,2795,2318,1516,1512,504,693,689,782,1251,1101,683,774,223,135,114,167,252,273,187,170,33,44,46,53,86,100,63,72,14
E14001443,Ribble Valley,2076,2084,2036,2854,2556,2088,1916,528,109,121,127,246,200,192,156,44,23,25,21,31,30,31,19,5,15,17,10,17,16,13,9,1
E14001444,Richmond and Northallerton,1864,1754,1463,2130,1660,1472,1381,427,112,114,122,251,204,176,177,42,9,20,16,35,24,21,28,1,4,11,7,18,8,9,9,0
E14001445,Richmond Park,1723,1755,1523,2232,1869,1475,1529,457,1186,1247,1138,1665,1452,1114,1141,334,466,507,536,807,753,562,541,114,223,220,289,405,372,292,259,57
E14001446,Rochdale,1497,1438,1264,1714,1484,1144,1145,338,17,19,18,29,25,30,26,3,6,5,5,11,6,6,6,2,4,4,3,10,3,3,3,1
E14001447,Rochester and Strood,1761,1910,1691,2690,2012,1729,1500,451,100,102,91,222,230,178,149,43,15,15,7,21,13,17,11,4,12,12,4,7,4,10,7,2
E14001448,Romford,1677,1651,1516,2472,1818,1387,1378,486,221,220,256,453,504,387,378,165,18,25,16,31,36,23,22,1,9,13,11,7,13,7,11,0
E14001449,Romsey and Southampton North,1657,1616,1514,2074,1573,1246,1232,403,336,392,407,659,565,403,405,117,55,64,91,143,124,93,65,14,26,20,35,54,53,42,25,4
E14001450,Rossendale and Darwen,2047,2060,1890,2555,2128,1804,1816,565,64,51,47,93,82,68,66,10,13,6,5,15,13,6,11,1,8,3,3,5,3,3,6,0
E14001451,Rother Valley,1477,1537,1452,1919,1708,1513,1533,379,42,36,40,75,71,69,56,14,7,9,7,6,8,8,4,0,6,5,4,1,7,1,4,0
E14001452,Rotherham,1381,1574,1518,2019,1835,1487,1317,334,26,33,18,23,42,31,32,1,14,14,6,11,9,8,2,0,10,13,4,5,4,7,1,0
E14001453,Rugby,2274,2360,2030,2462,2082,1829,1734,489,97,113,124,165,164,147,131,39,19,14,22,16,17,9,13,3,15,5,12,7,10,6,9,1
E14001454,"Ruislip, Northwood and Pinner",1121,1394,1090,1788,1310,1104,1098,316,629,673,639,1041,789,693,734,199,86,88,96,174,179,158,136,24,24,18,24,34,53,46,38,5
E14001455,Runcorn and Helsby,1562,1462,1282,1691,1501,1206,1157,359,69,60,57,123,92,82,80,13,18,14,8,15,18,18,10,1,12,9,6,7,11,7,5,1
E14001456,Runnymede and Weybridge,1888,1840,1776,2699,2117,1684,1587,486,761,700,795,1258,1050,811,787,204,287,247,319,473,371,300,265,36,173,129,181,257,218,178,143,18
E14001457,Rushcliffe,2108,1855,1881,2605,2248,1825,1647,523,208,197,232,380,381,331,317,85,28,24,30,50,39,33,39,5,8,13,15,23,23,11,15,2
E14001458,Rutland and Stamford,1936,1822,1619,2299,1789,1396,1443,452,262,233,258,458,422,330,341,76,34,39,40,78,78,63,50,8,8,18,16,37,29,22,19,1
E14001459,Salford,3041,3639,2279,3910,2992,2416,1893,461,44,53,58,59,89,63,43,5,27,36,39,27,60,22,22,2,22,15,34,18,53,14,18,1
E14001460,Salisbury,1694,1655,1527,2130,1810,1511,1359,441,225,255,251,455,406,373,312,100,31,40,43,81,68,52,43,4,11,17,27,40,24,21,22,2
E14001461,Scarborough and Whitby,2293,2306,2100,2744,2361,2060,1937,568,50,56,73,104,121,111,114,25,14,8,11,11,14,16,18,3,7,3,5,5,7,4,11,1
E14001462,Scunthorpe,1712,1635,1475,2013,1911,1478,1421,508,17,14,16,24,39,14,15,3,7,5,7,9,6,3,4,0,7,2,7,6,3,2,3,0
E14001463,Sefton Central,1571,1577,1616,2142,1707,1372,1365,395,78,95,113,180,144,128,127,36,12,16,12,12,16,13,14,2,8,9,6,6,6,5,5,2
E14001464,Selby,2319,2442,2004,2689,2174,1695,1619,563,48,33,59,114,113,76,84,38,8,7,7,13,10,3,5,0,5,5,2,6,5,2,1,0
E14001465,Sevenoaks,1647,1454,1458,2172,1662,1265,1255,474,536,449,543,873,770,525,543,194,141,140,160,248,244,167,175,38,50,51,58,93,111,70,70,22
E14001466,Sheffield Brightside and Hillsborough,1392,1358,1104,1423,1342,1162,1006,298,13,10,6,20,14,11,11,1,9,7,4,11,9,6,5,0,7,6,2,8,8,4,3,0
E14001467,Sheffield Central,1639,1609,1480,1768,1634,1274,1250,331,115,119,83,162,154,116,77,21,48,49,22,53,20,26,20,2,26,41,16,36,12,11,11,0
E14001468,Sheffield Hallam,1680,1658,1497,2041,1521,1388,1351,385,212,217,231,390,360,336,316,66,10,23,18,47,41,51,27,5,3,6,6,14,19,15,7,1
E14001469,Sheffield Heeley,1572,1620,1430,1681,1644,1415,1297,345,12,11,17,36,35,32,32,7,4,1,3,5,3,5,7,1,2,1,3,2,2,3,6,1
E14001470,Sheffield South East,1545,1655,1319,1694,1469,1263,1231,337,24,20,19,27,27,22,21,6,13,9,10,17,13,13,7,2,10,4,10,13,6,12,7,1
E14001471,Sherwood Forest,2036,2100,1910,2557,2206,1846,1720,448,54,63,72,142,92,97,85,20,8,7,15,25,14,15,10,0,5,5,5,11,4,6,3,0
E14001472,Shipley,1972,2037,1692,2395,1842,1543,1538,530,82,60,81,177,178,141,123,48,9,10,7,30,12,18,7,3,3,5,5,18,8,9,3,1
E14001473,Shrewsbury,2177,2152,1753,2649,1994,1732,1560,480,113,111,92,204,189,177,149,39,23,23,18,30,24,15,19,4,14,14,11,15,16,6,7,1
E14001474,Sittingbourne and Sheppey,2032,1953,1793,2425,2028,1451,1647,548,84,75,69,152,139,112,109,44,19,10,9,21,14,11,13,3,8,8,6,9,8,5,10,2
E14001475,Skipton and Ripon,2033,2017,2016,2685,2065,1728,1654,461,213,261,255,461,389,360,279,72,33,42,28,80,67,61,33,7,13,17,15,24,29,28,14,1
E14001476,Sleaford and North Hykeham,2100,2046,1816,2556,2001,1593,1536,458,52,52,87,134,124,89,67,14,5,15,6,9,11,15,4,0,2,5,3,4,6,9,1,0
E14001477,Slough,1615,1433,979,1775,1408,1068,1133,327,199,148,113,187,210,198,192,56,38,31,21,25,35,24,13,1,30,20,18,14,24,20,2,0
E14001478,Smethwick,1424,1363,1043,1549,1383,1023,951,281,13,11,15,21,22,13,9,1,3,8,8,9,4,3,3,0,2,6,5,7,2,3,1,0
E14001479,Solihull West and Shirley,1876,1866,1662,2570,2026,1686,1513,404,240,224,234,437,416,306,276,67,34,25,27,44,44,36,25,3,18,15,15,17,16,12,8,2
E14001480,South Basildon and East Thurrock,1495,1497,1320,2085,1527,1167,1200,379,135,147,147,245,235,139,157,49,11,12,22,25,17,19,10,1,4,6,13,17,8,8,6,0
E14001481,South Cambridgeshire,1430,1471,1383,2132,1747,1396,1288,383,441,554,519,830,769,678,572,157,59,87,71,116,136,129,90,15,23,33,31,44,57,45,31,8
E14001482,South Cotswolds,1959,1644,1566,2433,1800,1517,1423,430,419,307,412,775,636,515,503,127,71,57,78,154,130,93,104,19,35,24,40,67,60,41,37,3
E14001483,South Derbyshire,2399,2421,2079,2734,2271,1763,1534,488,93,106,79,162,143,134,105,31,10,9,12,22,19,11,16,2,4,5,6,10,10,6,5,0
E14001484,South Devon,2327,2179,2058,2898,2086,1633,1594,460,352,315,417,687,646,486,475,88,56,66,89,137,144,108,82,12,25,19,36,58,59,41,31,5
E14001485,South Dorset,2145,2044,1863,2503,2090,1778,1621,575,159,141,176,256,288,242,190,43,25,24,32,39,32,33,21,2,11,16,15,17,15,18,12,0
E14001486,South East Cornwall,1972,1993,1777,2334,1949,1541,1408,484,116,121,138,285,237,182,131,40,11,15,21,37,26,26,27,1,5,8,10,17,15,8,7,0
E14001487,South Holland and The Deepings,2200,2160,2041,3059,2498,1852,1787,576,44,48,49,104,100,83,78,11,6,6,9,12,11,9,13,0,3,3,6,6,4,5,4,0
E14001488,South Leicestershire,2066,1968,1968,2602,1855,1547,1542,462,113,110,147,225,190,147,116,32,24,22,22,28,22,26,12,4,17,17,17,13,11,12,5,0
E14001489,South Norfolk,2279,2170,1831,2730,2305,1714,1598,487,145,152,170,330,324,226,197,66,8,16,11,25,32,27,15,5,5,7,4,8,9,8,4,1
E14001490,South Northamptonshire,2193,2048,1776,2479,1990,1786,1731,552,293,274,259,412,390,322,322,102,47,26,28,48,65,44,26,9,23,10,6,20,25,22,6,3
E14001491,South Ribble,1881,1777,1710,2364,1985,1719,1593,469,58,67,79,93,74,95,102,18,14,10,11,24,13,20,24,3,8,10,5,11,7,8,8,0
E14001492,South Shields,1242,1316,1135,1654,1420,1243,1196,340,32,29,26,40,40,35,36,5,5,7,9,5,8,7,4,0,2,1,8,2,4,4,0,0
E14001493,South Shropshire,1767,1582,1331,2035,1792,1358,1260,341,157,164,164,301,287,240,250,70,16,14,17,24,26,31,30,5,7,5,6,10,9,11,3,3
E14001494,South Suffolk,1656,1748,1624,2433,1918,1449,1365,419,216,231,252,409,350,274,218,48,32,32,36,55,35,26,22,4,12,11,13,20,10,10,12,2
E14001495,South West Devon,2089,2069,1858,2198,1927,1694,1652,549,99,113,133,206,179,211,154,56,15,19,19,34,22,39,26,3,8,7,5,11,10,15,8,1
E14001496,South West Hertfordshire,1360,1393,1267,1873,1453,1125,1199,386,600,571,569,921,815,592,661,223,139,127,132,247,232,154,162,38,51,36,51,106,98,53,71,11
E14001497,South West Norfolk,1863,1791,1637,2530,2018,1623,1557,488,70,64,69,136,155,119,114,31,9,15,11,11,16,14,14,5,7,9,6,6,10,8,10,1
E14001498,South West Wiltshire,1904,1836,1628,2368,1855,1549,1610,545,106,103,98,214,198,145,129,30,18,20,10,28,26,17,24,6,11,10,4,17,12,9,8,1
E14001499,Southampton Itchen,2085,1882,1475,2107,1795,1491,1433,420,46,51,19,49,66,39,35,4,16,28,7,17,16,12,10,0,13,24,4,15,11,11,9,0
E14001500,Southampton Test,1992,1442,1228,1831,1613,1515,1173,419,55,69,34,59,80,68,53,15,20,29,6,7,13,8,12,0,19,20,3,6,8,3,4,0
E14001501,Southend East and Rochford,2027,1715,1603,2261,2122,1254,1360,418,249,189,202,327,318,191,212,55,32,17,19,40,37,36,26,6,18,11,10,17,12,15,8,2
E14001502,Southend West and Leigh,2107,1911,1801,2642,2053,1454,1484,522,216,213,225,466,427,274,277,83,21,20,16,27,50,31,24,4,8,4,3,13,8,9,1,0
E14001503,Southgate and Wood Green,1154,1137,1220,1956,1657,1272,1188,330,504,494,503,993,811,615,599,192,71,92,103,152,160,129,104,12,34,52,43,63,71,52,39,4
E14001504,Southport,1912,1992,1810,2519,2242,1861,1643,503,54,80,63,116,120,101,90,23,4,19,4,21,17,18,10,2,3,11,3,12,10,11,4,1
E14001505,Spelthorne,1509,1612,1515,2208,1826,1261,1339,453,321,290,347,593,599,392,455,173,37,22,35,52,61,26,41,9,19,7,18,14,17,12,15,2
E14001506,Spen Valley,1683,1892,1564,2064,1719,1511,1473,464,40,52,37,57,57,47,55,21,6,9,7,14,11,13,5,2,4,7,5,9,7,7,3,2
E14001507,St Albans,1575,1549,1629,2307,1896,1415,1336,441,743,775,843,1330,1162,903,819,267,116,114,108,240,236,193,171,22,34,35,36,76,75,53,51,4
E14001508,St Austell and Newquay,2255,2171,1898,2573,2074,1707,1538,558,85,108,143,230,278,160,163,42,21,17,30,47,45,22,26,5,10,9,10,26,19,9,15,1
E14001509,St Helens North,1608,1596,1427,1885,1636,1281,1258,348,22,26,27,32,32,25,30,4,13,14,11,10,10,7,14,0,13,8,8,7,6,3,8,0
E14001510,St Helens South and Whiston,1554,1646,1475,2044,1652,1396,1318,379,18,25,20,27,34,35,32,3,10,10,4,4,5,3,6,0,7,8,3,2,2,2,3,0
E14001511,St Ives,1783,1889,1708,2470,1770,1414,1337,391,171,176,217,448,410,321,286,59,17,14,24,64,65,49,29,2,7,5,8,26,24,22,11,0
E14001512,St Neots and Mid Cambridgeshire,2102,2021,1746,2803,2368,1879,1775,528,249,234,233,493,479,411,382,107,21,25,17,50,34,43,48,3,15,16,10,19,10,15,9,0
E14001513,Stafford,1951,1848,1714,2176,1794,1507,1514,398,89,85,74,144,133,104,94,15,24,21,11,30,20,17,11,2,16,9,5,18,10,11,7,1
E14001514,Staffordshire Moorlands,1490,1560,1382,1862,1436,1265,1241,434,53,71,60,116,114,86,57,16,8,10,8,14,16,12,10,1,5,5,3,9,4,2,3,1
E14001515,Stalybridge and Hyde,1804,1796,1509,2156,1675,1254,1381,418,26,32,33,48,45,38,37,6,2,5,4,5,3,2,6,1,1,4,2,3,0,0,3,1
E14001516,Stevenage,1334,1470,1262,1761,1400,1148,1080,384,121,156,165,246,183,172,176,65,22,23,35,28,22,24,17,4,13,11,13,9,9,15,6,1
E14001517,Stockport,1967,2074,1714,2183,1856,1681,1597,513,93,85,86,135,142,122,124,26,13,8,17,14,20,17,15,1,7,4,11,10,15,7,8,1
E14001518,Stockton North,1663,1973,1665,2274,2042,1555,1503,506,34,49,36,82,70,47,41,3,10,25,11,37,10,6,2,0,6,16,10,11,6,3,1,0
E14001519,Stockton West,1960,1943,1782,2239,1908,1668,1600,527,53,57,49,74,70,74,77,19,17,4,4,13,10,5,7,1,11,2,3,7,5,5,0,1
E14001520,Stoke-on-Trent Central,2480,1979,1634,2255,2265,1765,1553,456,21,36,19,36,18,18,19,4,12,25,10,21,13,10,7,1,9,16,7,16,6,5,5,1
E14001521,Stoke-on-Trent North,1756,1732,1456,1923,1783,1629,1517,457,12,18,9,15,16,17,16,2,6,11,5,8,4,7,6,1,5,5,5,6,2,7,3,1
E14001522,Stoke-on-Trent South,1505,1520,1416,1925,1479,1357,1300,376,41,43,36,88,55,51,53,11,10,6,8,10,8,13,6,0,7,5,5,6,6,5,4,0
E14001523,"Stone, Great Wyrley and Penkridge",1649,1666,1383,1956,1738,1386,1160,365,85,76,81,164,163,147,97,31,22,7,8,22,29,13,9,1,14,4,2,12,17,5,3,1
E14001524,Stourbridge,1442,1510,1237,1734,1472,1189,1164,333,48,60,50,87,86,75,87,13,12,13,10,14,12,13,19,2,9,10,9,8,5,5,11,0
E14001525,Stratford and Bow,1849,2354,1142,1705,1598,1028,1057,300,668,1008,451,715,704,379,401,96,41,48,50,60,73,49,52,8,16,24,19,14,27,21,13,1
E14001526,Stratford-on-Avon,2172,2014,1856,2728,2277,1812,1732,500,419,413,464,767,641,529,501,127,81,76,95,160,152,114,77,20,45,27,41,62,66,39,26,10
E14001527,Streatham and Croydon North,1657,1501,1462,2218,1841,1462,1530,491,498,459,524,872,723,568,640,200,58,58,88,124,114,81,105,14,18,17,34,40,42,27,30,5
E14001528,Stretford and Urmston,1714,1712,1432,2472,1554,1470,1284,342,68,58,81,111,122,84,106,23,31,16,29,24,27,22,17,2,28,12,18,17,23,19,13,2
E14001529,Stroud,1808,1766,1565,2354,1920,1536,1403,470,183,163,185,313,325,242,250,71,21,23,22,47,57,31,26,4,13,10,8,13,15,15,10,1
E14001530,Suffolk Coastal,1894,1788,1849,2461,2008,1589,1664,501,276,232,335,448,457,352,292,88,37,30,58,68,76,73,47,3,15,11,19,29,35,29,12,1
E14001531,Sunderland Central,1606,1709,1650,2218,1972,1623,1703,426,22,34,33,38,44,21,20,4,10,12,19,7,12,9,5,1,6,6,19,4,5,7,4,1
E14001532,Surrey Heath,1610,1628,1348,2212,1797,1234,1294,424,555,568,541,885,735,527,581,173,74,75,90,129,116,81,87,15,24,36,28,49,39,31,26,6
E14001533,Sussex Weald,1755,1754,1776,2658,1820,1377,1427,450,365,335,486,797,638,419,424,129,82,67,103,194,172,102,93,17,24,24,41,75,64,40,28,5
E14001534,Sutton and Cheam,1551,1492,1329,2048,1680,1439,1313,421,348,401,412,708,664,612,567,169,43,62,50,104,77,76,75,10,18,25,10,32,25,23,16,5
E14001535,Sutton Coldfield,1873,1664,1400,2185,1697,1316,1355,446,188,193,224,380,374,282,303,107,26,28,37,41,49,31,27,9,12,14,12,18,20,14,10,2
E14001536,Swindon North,2383,2110,1606,2528,2122,1635,1482,538,98,71,69,129,150,98,67,33,18,16,10,19,21,15,7,0,13,13,6,13,17,9,4,0
E14001537,Swindon South,2135,1882,1544,2369,1972,1736,1624,491,67,49,46,77,72,66,76,14,25,23,9,12,11,14,13,0,19,20,7,8,8,11,8,0
E14001538,Tamworth,1686,1896,1669,2311,1940,1467,1441,392,93,114,107,173,170,122,122,28,22,28,27,40,41,30,32,4,7,11,12,16,17,13,14,1
E14001539,Tatton,2066,1978,1885,2720,2021,1798,1760,544,553,597,611,920,746,675,611,211,116,121,117,206,177,179,129,37,41,46,48,74,93,63,54,15
E14001540,Taunton and Wellington,2286,2186,1797,2622,2303,1837,1691,597,117,129,139,240,231,175,144,58,17,28,25,23,42,24,16,0,9,20,8,12,17,13,2,0
E14001541,Telford,2025,2140,1654,2364,2078,1677,1613,403,30,36,26,33,47,49,41,6,22,17,13,12,9,8,18,1,20,8,10,6,4,6,8,0
E14001542,Tewkesbury,2154,1888,1673,2346,1939,1790,1499,506,176,203,207,314,276,307,247,66,28,32,28,56,41,53,33,6,18,18,15,32,19,17,15,3
E14001543,The Wrekin,1846,2020,1740,2446,1945,1474,1430,386,66,70,108,208,168,125,101,22,18,11,12,15,15,12,4,2,9,7,8,11,5,1,2,1
E14001544,Thirsk and Malton,1964,2079,1952,2579,2273,1729,1615,501,140,138,171,259,258,231,192,41,23,28,25,41,40,39,30,3,12,17,10,18,16,13,11,2
E14001545,Thornbury and Yate,1645,1895,1617,2193,1942,1407,1317,415,215,247,250,389,416,353,266,71,27,26,20,48,51,41,34,1,16,9,9,21,16,20,15,0
E14001546,Thurrock,2006,1921,1675,2207,1834,1255,1263,453,73,59,79,145,115,101,105,45,17,10,12,15,5,12,10,1,15,8,10,9,4,12,10,1
E14001547,Tipton and Wednesbury,1362,1273,943,1370,1195,1017,961,252,3,11,5,16,11,6,5,0,0,7,1,6,4,2,3,0,0,6,1,4,4,2,3,0
E14001548,Tiverton and Minehead,1817,1603,1657,2260,1837,1416,1277,414,172,158,189,345,316,258,198,49,22,21,32,52,52,35,34,9,9,8,8,17,27,17,11,3
E14001549,Tonbridge,1496,1421,1374,2121,1708,1136,1250,463,440,399,435,807,668,418,498,183,79,64,70,181,134,90,98,19,29,22,19,91,43,38,27,6
E14001550,Tooting,1582,1603,1575,2367,2134,1647,1624,490,933,946,1046,1548,1382,1035,1075,300,236,241,264,432,394,263,261,66,101,97,116,168,162,117,110,29
E14001551,Torbay,2329,2191,1804,2844,2260,1611,1616,518,95,93,96,192,168,135,101,24,13,13,19,16,27,24,19,0,8,6,8,8,10,3,10,0
E14001552,Torridge and Tavistock,2180,2027,1873,2667,2065,1720,1578,475,146,158,189,358,341,255,197,64,20,21,23,40,43,24,19,4,7,12,12,13,11,5,8,2
E14001553,Tottenham,1223,1164,1103,2118,1407,1206,1207,350,483,478,482,1089,739,519,621,174,53,48,47,79,70,52,44,9,23,23,18,44,29,24,16,0
E14001554,Truro and Falmouth,2077,2093,1915,2577,1833,1542,1470,473,227,259,334,519,424,354,323,91,33,36,69,92,89,60,55,13,12,8,26,42,43,22,23,1
E14001555,Tunbridge Wells,2007,1990,1858,2911,2492,1817,1650,492,618,625,650,1125,1093,724,638,185,122,119,140,225,229,161,125,23,53,39,53,82,86,57,41,8
E14001556,Twickenham,1630,1580,1573,2350,1854,1543,1436,431,942,917,1005,1519,1201,998,940,268,246,250,278,460,393,347,319,60,81,79,108,182,167,111,119,19
E14001557,Tynemouth,1893,1819,1531,2127,1859,1705,1620,432,53,65,72,105,120,122,148,28,3,11,10,12,12,6,9,1,2,8,6,10,7,3,5,0
E14001558,Uxbridge and South Ruislip,1746,1880,1434,2115,1562,1274,1222,391,451,429,417,733,670,498,569,184,37,45,37,48,65,41,40,10,21,27,19,18,25,17,7,3
E14001559,Vauxhall and Camberwell Green,1390,1522,1653,1608,1406,1189,1016,319,745,971,1182,956,804,687,538,149,229,216,444,285,249,157,114,17,135,106,194,134,109,74,44,4
E14001560,Wakefield and Rothwell,1956,1741,1568,2227,2030,1633,1557,423,38,33,35,64,66,47,60,8,16,13,10,11,14,13,11,0,10,12,8,9,10,10,8,0
E14001561,Wallasey,1673,1772,1377,1996,1868,1301,1551,474,7,12,11,21,32,17,14,6,2,3,7,2,9,1,1,1,0,2,2,1,4,0,1,0
E14001562,Walsall and Bloxwich,1307,1278,1163,1452,1383,1141,1059,330,23,31,45,46,54,47,28,5,11,11,15,11,9,8,4,1,10,8,12,6,3,3,3,1
E14001563,Walthamstow,1670,1709,1392,2090,1783,1392,1425,439,477,556,506,923,858,686,697,236,22,24,21,31,56,40,47,11,14,12,5,10,17,17,7,0
E14001564,Warrington North,1392,1431,1309,1824,1486,1180,1250,346,49,59,53,96,77,77,59,12,19,22,17,26,17,14,9,0,15,18,13,21,11,9,4,0
E14001565,Warrington South,1867,1997,1872,2478,2283,1728,1412,509,96,98,110,181,227,201,147,58,17,18,16,23,19,20,12,7,9,11,9,8,11,7,5,2
E14001566,Warwick and Leamington,2160,2002,1690,2616,1994,1776,1750,546,299,296,239,387,362,350,339,99,62,44,36,52,55,35,46,5,32,18,19,20,18,12,14,2
E14001567,Washington and Gateshead South,1195,1359,1275,1498,1329,1171,1101,360,30,26,55,47,27,28,25,5,8,13,35,20,11,6,7,1,7,13,14,13,9,4,4,1
E14001568,Watford,1502,1512,1241,2082,1884,1411,1253,412,336,284,287,511,459,354,364,119,68,54,38,86,72,48,62,7,34,24,17,26,23,18,20,3
E14001569,Waveney Valley,1520,1574,1512,2401,1654,1521,1301,403,146,164,173,425,311,310,213,55,7,20,15,37,29,28,18,5,3,10,8,10,9,7,7,2
E14001570,Weald of Kent,1649,1680,1855,2869,2017,1490,1364,382,482,514,605,935,746,589,503,129,61,63,88,131,120,94,77,12,24,25,31,36,32,24,11,2
E14001571,Wellingborough and Rushden,2038,1917,1653,2425,2082,1700,1626,533,44,48,51,75,66,72,78,16,18,15,12,12,17,13,8,2,15,13,8,6,13,9,7,2
E14001572,Wells and Mendip Hills,1585,1545,1623,2493,1857,1532,1404,440,211,231,256,474,415,370,316,109,23,23,20,45,46,41,29,3,12,8,6,13,17,17,12,0
E14001573,Welwyn Hatfield,1573,1559,1443,2073,1595,1100,1130,398,365,359,391,529,504,370,366,120,63,65,58,95,109,82,70,9,31,19,22,28,35,37,29,2
E14001574,West Bromwich,1356,1275,1017,1596,1391,1048,1022,280,16,14,15,37,27,18,18,3,4,8,7,18,9,10,5,0,2,4,6,10,8,9,2,0
E14001575,West Dorset,2067,1983,1746,2549,2101,1669,1549,516,297,295,274,607,560,446,377,116,43,43,35,75,71,60,48,11,20,20,15,37,31,20,12,2
E14001576,West Ham and Beckton,2053,1086,1460,1691,1413,1190,1140,345,555,244,378,475,323,296,320,98,49,31,36,45,29,12,12,1,17,17,29,36,20,7,2,0
E14001577,West Lancashire,1486,1616,1446,2123,1732,1412,1423,411,116,77,83,158,153,125,123,19,21,12,12,23,41,28,26,2,10,7,6,9,32,12,12,1
E14001578,West Suffolk,2133,1949,1879,2632,2215,1609,1609,598,163,129,172,262,257,193,154,44,28,24,38,40,40,29,20,6,18,11,24,18,19,13,5,2
E14001579,West Worcestershire,1938,1887,1638,2383,1907,1583,1527,412,251,246,244,438,438,336,316,83,22,29,22,46,50,37,31,6,9,16,8,18,14,13,10,2
E14001580,Westmorland and Lonsdale,2125,1978,1764,2489,1976,1688,1485,516,171,208,229,358,383,319,251,72,25,42,44,63,74,55,40,12,12,23,18,21,27,22,13,7
E14001581,Weston-Super-Mare,2215,1997,1681,2716,2311,1577,1690,628,46,37,30,77,92,53,66,20,15,9,5,7,14,8,10,2,14,7,4,5,10,5,3,2
E14001582,Wetherby and Easingwold,1839,1856,1802,2343,1985,1670,1527,435,313,312,375,618,530,410,403,112,40,40,53,88,78,63,48,11,20,20,15,34,20,20,18,2
E14001583,Whitehaven and Workington,1557,1652,1620,2186,1860,1597,1564,491,12,10,15,30,27,31,24,7,5,2,2,6,8,3,4,1,4,1,0,3,5,1,3,1
E14001584,Widnes and Halewood,1507,1330,1172,1607,1451,1368,1312,398,22,20,16,45,32,43,53,11,11,9,4,12,5,11,7,0,9,3,2,9,5,10,6,0
E14001585,Wigan,1840,1786,1640,2234,2040,1699,1525,447,27,30,40,57,43,29,33,9,6,15,15,22,9,8,9,0,4,11,5,12,4,7,5,0
E14001586,Wimbledon,1596,1580,1483,2521,2063,1523,1554,450,1035,990,994,1768,1429,1046,1048,302,307,289,275,540,481,333,368,74,148,135,144,251,221,148,141,40
E14001587,Winchester,1656,1737,1543,2426,1826,1354,1379,429,651,692,699,1178,987,692,702,210,140,141,168,288,223,172,161,33,60,61,69,102,80,70,62,8
E14001588,Windsor,1471,1426,1333,2134,1783,1396,1357,417,607,645,687,1083,970,735,701,207,181,207,212,389,369,271,239,38,93,103,115,211,201,124,117,15
E14001589,Wirral West,1642,1528,1442,2014,1604,1246,1333,407,108,140,183,309,279,202,209,60,7,19,18,32,34,40,29,2,3,6,6,10,14,8,10,1
E14001590,Witham,2089,1933,1832,2817,2236,1801,1616,474,219,202,293,515,511,407,342,93,32,40,37,59,66,54,31,8,11,17,12,19,21,20,10,2
E14001591,Witney,1941,1843,1918,2766,2031,1777,1451,466,338,318,444,711,571,465,351,107,54,54,85,119,102,85,58,12,23,22,46,45,42,33,25,6
E14001592,Woking,1830,1606,1440,2263,1967,1436,1397,459,554,504,474,831,715,565,555,155,112,107,95,188,233,161,127,21,40,33,20,61,72,62,50,9
E14001593,Wokingham,1963,1845,1705,2566,2075,1614,1575,441,686,763,634,1073,1080,796,772,221,73,71,75,139,127,88,89,21,33,25,33,51,34,40,30,6
E14001594,Wolverhampton North East,1341,1401,1140,1575,1252,1123,1049,271,22,19,17,15,9,9,7,2,15,13,6,10,6,4,2,1,10,11,4,9,5,3,1,0
E14001595,Wolverhampton South East,1543,1482,1322,1578,1269,1147,987,282,16,19,18,26,18,20,18,0,9,12,2,18,13,12,6,0,5,10,1,5,6,9,3,0
E14001596,Wolverhampton West,1606,1460,1241,1698,1484,1152,1150,363,48,32,41,91,87,62,89,17,8,7,7,20,15,2,11,2,6,5,4,4,11,1,6,0
E14001597,Worcester,1973,1754,1521,2288,1907,1458,1507,466,73,64,60,117,96,64,81,18,19,16,14,19,13,8,16,3,8,10,10,14,10,5,12,0
E14001598,Worsley and Eccles,2095,2063,1810,2436,2052,1532,1523,454,67,72,66,129,123,94,102,22,15,19,14,23,30,16,13,3,11,12,6,11,18,11,8,3
E14001599,Worthing West,2340,2333,1885,2776,2239,1918,1678,608,264,250,295,568,501,431,395,112,31,26,29,67,59,37,36,8,12,13,12,24,16,10,9,2
E14001600,Wycombe,1559,1537,1379,2211,1749,1155,1231,421,263,295,288,572,458,307,349,107,56,55,58,95,86,57,59,8,33,24,32,38,30,31,30,2
E14001601,Wyre Forest,1755,1705,1458,2019,1750,1445,1415,467,75,83,98,126,134,113,84,26,10,25,13,18,29,27,16,1,4,13,3,6,14,13,7,0
E14001602,Wythenshawe and Sale East,1623,1547,1266,1848,1497,1189,1197,449,61,80,86,129,135,105,103,30,8,13,13,11,19,8,9,2,6,12,11,9,13,4,5,1
E14001603,Yeovil,2165,1932,1849,2438,2135,1762,1628,531,112,93,108,216,198,155,120,31,23,11,20,29,36,22,23,1,13,5,11,18,20,12,11,1
E14001604,York Central,1988,1965,1548,2548,1923,1546,1654,477,127,129,110,287,221,191,190,31,32,43,30,54,47,39,33,4,22,27,15,24,24,25,23,2
E14001605,York Outer,1771,1647,1454,2045,1552,1324,1300,427,142,145,145,253,203,231,228,54,18,13,17,35,26,22,22,4,12,9,5,14,13,5,9,2
W07000081,Aberafan Maesteg,1354,1434,1135,1617,1532,1251,1252,359,6,12,14,18,24,11,12,0,2,1,0,5,6,0,7,0,2,0,0,4,2,0,7,0
W07000082,Alyn and Deeside,1747,1857,1503,2159,1731,1371,1306,402,23,38,30,55,52,40,46,8,9,8,9,12,11,11,5,1,6,6,4,8,6,6,4,0
W07000083,Bangor Aberconwy,1766,1625,1360,2108,1750,1291,1275,371,49,55,59,113,115,72,68,13,10,4,16,12,20,13,4,0,8,2,4,7,8,7,3,0
W07000084,Blaenau Gwent and Rhymney,1438,1428,1270,1756,1707,1285,1063,402,8,1,8,10,11,9,8,1,3,1,2,5,3,3,4,0,2,1,2,2,1,3,3,0
W07000085,"Brecon, Radnor and Cwm Tawe",1660,1498,1307,1919,1544,1179,1211,348,62,48,52,116,136,87,83,17,9,5,5,12,19,11,13,2,5,1,2,4,10,5,7,0
W07000086,Bridgend,2010,1956,1453,2017,1775,1414,1425,466,22,37,30,76,63,65,60,20,6,5,5,10,8,2,6,1,4,2,0,5,2,1,2,0
W07000087,Caerfyrddin,1746,1653,1398,2087,1611,1225,1048,347,41,36,41,115,172,83,74,19,8,6,1,16,24,12,11,0,4,3,1,7,14,7,6,0
W07000088,Caerphilly,1504,1570,1128,1845,1569,1275,1290,388,17,29,19,40,22,28,32,5,4,11,6,8,9,7,5,0,3,6,5,7,7,2,3,0
W07000089,Cardiff East,1596,1581,1167,1686,1554,1268,1231,336,76,79,56,127,159,125,103,15,19,15,7,16,11,11,7,1,9,7,6,11,4,4,2,1
W07000090,Cardiff North,1917,1874,1381,1998,1726,1354,1411,377,96,115,77,179,219,193,191,41,13,9,9,12,21,19,20,4,8,8,7,6,6,6,7,0
W07000091,Cardiff South and Penarth,2055,2091,1497,2021,2223,1517,1431,467,132,137,117,186,222,160,139,40,39,25,21,37,37,37,30,3,32,21,13,22,21,15,19,2
W07000092,Cardiff West,1833,1797,1428,2112,1898,1580,1449,387,91,89,84,160,203,205,163,28,7,9,7,14,28,16,20,0,4,3,1,3,5,3,7,0
W07000093,Ceredigion Preseli,1713,1675,1451,2090,1696,1226,1214,346,47,42,58,129,156,117,91,9,10,11,3,15,21,9,4,0,8,6,1,6,11,6,0,0
W07000094,Clwyd East,1757,1709,1489,2052,1798,1295,1255,391,37,32,39,96,114,60,40,15,7,4,2,10,7,8,2,2,4,1,0,6,0,5,2,1
W07000095,Clwyd North,2147,2008,1632,2276,2148,1741,1587,502,27,34,26,70,43,48,54,9,11,15,5,9,7,8,11,2,9,11,1,8,2,4,8,2
W07000096,Dwyfor Meirionnydd,1887,1927,1598,2237,1897,1542,1493,422,50,60,65,130,171,112,88,17,5,11,6,13,25,17,11,1,3,7,1,6,17,10,4,0
W07000097,Gower,1773,1708,1437,2156,1701,1437,1385,430,67,76,93,186,168,120,114,39,9,8,9,14,20,14,6,4,4,3,4,5,7,5,2,1
W07000098,Llanelli,1788,1772,1481,1925,1651,1376,1323,348,10,17,18,35,41,36,40,5,1,2,6,4,5,1,4,0,0,2,5,3,4,1,3,0
W07000099,Merthyr Tydfil and Aberdare,1492,1567,1290,1841,1690,1349,1218,347,10,4,13,20,15,15,17,5,3,1,4,10,3,2,4,1,2,0,4,7,3,2,3,0
W07000100,Mid and South Pembrokeshire,2107,1956,1624,2469,1970,1710,1411,431,45,44,52,139,131,127,72,7,6,3,6,15,20,14,10,0,4,1,1,5,8,4,7,0
W07000101,Monmouthshire,1661,1515,1312,2254,1763,1345,1330,394,143,134,146,296,260,196,232,49,18,16,11,36,28,22,23,7,8,6,5,14,14,8,7,5
W07000102,Montgomeryshire and Glyndwr,1472,1459,1285,1771,1435,1217,1175,331,46,41,47,93,108,74,69,8,7,10,11,17,18,14,6,0,5,5,7,14,11,6,0,0
W07000103,Neath and Swansea East,1694,1666,1312,1770,1534,1346,1298,383,15,20,7,22,21,16,25,2,3,13,3,9,5,7,17,0,2,7,1,6,4,4,12,0
W07000104,Newport East,2166,1871,1481,2140,2131,1803,1573,438,41,39,27,65,54,73,59,9,16,11,7,12,11,8,10,1,10,9,7,7,3,4,5,0
W07000105,Newport West and Islwyn,1829,1907,1466,1847,1593,1296,1319,408,27,32,41,59,78,55,51,20,7,9,5,3,14,3,5,0,5,5,4,1,7,1,3,0
W07000106,Pontypridd,1818,1837,1389,2110,1847,1432,1418,363,18,10,13,21,34,19,18,3,8,5,3,4,5,4,1,0,5,4,0,3,2,2,0,0
W07000107,Rhondda and Ogmore,1716,1682,1428,2024,1940,1538,1466,422,2,4,4,11,12,8,11,3,2,0,0,2,2,4,3,0,1,0,0,1,2,3,3,0
W07000108,Swansea West,1532,1480,1217,1709,1672,1393,1305,398,23,28,12,34,34,37,26,13,7,6,4,10,6,13,4,0,6,5,2,7,4,7,3,0
W07000109,Torfaen,1679,1561,1203,1704,1518,1220,1058,229,8,5,12,21,29,23,19,4,6,1,4,8,8,2,3,0,4,1,3,5,6,1,3,0
W07000110,Vale of Glamorgan,1937,2056,1592,2132,1728,1318,1253,442,108,86,111,230,211,163,124,35,11,9,10,20,21,13,12,3,4,4,4,4,5,5,4,1
W07000111,Wrexham,1486,1460,1286,1887,1561,1278,1159,331,48,31,41,87,86,49,48,6,6,13,11,8,20,9,12,0,4,5,8,4,11,3,7,0
W07000112,Ynys Mon,1352,1326,1134,1601,1305,883,858,257,36,30,44,99,118,85,77,13,7,5,7,14,18,12,10,0,2,3,2,6,8,8,4,0
